/*
SQLyog Ultimate v12.08 (64 bit)
MySQL - 5.7.10 : Database - db_requisition_land
*********************************************************************
*/

/*!40101 SET NAMES utf8 */;

/*!40101 SET SQL_MODE=''*/;

/*!40014 SET @OLD_UNIQUE_CHECKS=@@UNIQUE_CHECKS, UNIQUE_CHECKS=0 */;
/*!40014 SET @OLD_FOREIGN_KEY_CHECKS=@@FOREIGN_KEY_CHECKS, FOREIGN_KEY_CHECKS=0 */;
/*!40101 SET @OLD_SQL_MODE=@@SQL_MODE, SQL_MODE='NO_AUTO_VALUE_ON_ZERO' */;
/*!40111 SET @OLD_SQL_NOTES=@@SQL_NOTES, SQL_NOTES=0 */;
CREATE DATABASE /*!32312 IF NOT EXISTS*/`db_requisition_land` /*!40100 DEFAULT CHARACTER SET latin1 */;

USE `db_requisition_land`;

/*Table structure for table `Test` */

DROP TABLE IF EXISTS `Test`;

CREATE TABLE `Test` (
  `a` char(1) DEFAULT NULL
) ENGINE=InnoDB DEFAULT CHARSET=latin1;

/*Data for the table `Test` */

/*Table structure for table `tb_account` */

DROP TABLE IF EXISTS `tb_account`;

CREATE TABLE `tb_account` (
  `id` varchar(70) NOT NULL,
  `account` varchar(50) NOT NULL,
  `pwd` varchar(30) NOT NULL,
  `name` varchar(50) DEFAULT NULL,
  `state` varchar(30) NOT NULL,
  `org_id` varchar(70) DEFAULT NULL,
  `dept_id` varchar(70) DEFAULT NULL,
  `role_id` varchar(70) DEFAULT NULL,
  PRIMARY KEY (`id`),
  UNIQUE KEY `account` (`account`)
) ENGINE=InnoDB DEFAULT CHARSET=utf8;

/*Data for the table `tb_account` */

insert  into `tb_account`(`id`,`account`,`pwd`,`name`,`state`,`org_id`,`dept_id`,`role_id`) values ('1faddaf3-25dc-4aa8-a9ae-b88e958c0782','gaj','1234567','公安局','3','2fdbaaa8-dddb-4dff-af58-2564ca50efc9',NULL,'c67f6e00-560e-4abb-96f0-967a4c558135'),('5744fb8f-e85d-4d61-aa33-cc4a3da355f2','zbj','1234567','住保局','3','128cdb8b-574c-4b20-8a51-b8265ec06e3a',NULL,'8005c12e-b75a-44b1-b6fc-034eb6a697bc'),('81e97469-2fd1-4b3c-b3ac-593e5bd1ec6c','admin','1234567','admin','3','9af37945-e827-465c-b97d-7afa867cb7ae',NULL,'85c54219-d15b-49d9-82da-b0a0fd2b2339'),('91b075a7-f6c3-4992-bb87-87a03464e93e','test123','1234567','12345','3','9af37945-e827-465c-b97d-7afa867cb7ae',NULL,'85c54219-d15b-49d9-82da-b0a0fd2b2339'),('a101d391-b065-4fc2-84cf-b64ef60ad9a5','zdb','1234567','征地办','3','b06f832c-f4b7-4e0d-8282-8deff0cd2edf',NULL,'6d7ac88e-24b1-4043-a95f-c5fde62dbafd'),('afba3773-942b-45db-b253-acc264109c1f','rsj','1234567','人社局','3','ce9d598b-1732-462a-b5c4-e9176e4980b8',NULL,'826e9b60-ebfc-43f3-8e12-bcecdcbf2e65'),('de96ce5d-b1bb-494e-91fa-068efedd677e','cqzx','1234567','拆迁中心','3','682e3faa-f4b3-4159-b8da-7c0e04c984e8',NULL,'c5a262de-0125-4d49-8d88-dfa807723b55');

/*Table structure for table `tb_account_state` */

DROP TABLE IF EXISTS `tb_account_state`;

CREATE TABLE `tb_account_state` (
  `id` varchar(70) NOT NULL,
  `state_code` int(11) NOT NULL,
  `state_name` varchar(30) NOT NULL,
  PRIMARY KEY (`id`),
  UNIQUE KEY `state_code` (`state_code`),
  UNIQUE KEY `state_name` (`state_name`)
) ENGINE=InnoDB DEFAULT CHARSET=utf8;

/*Data for the table `tb_account_state` */

/*Table structure for table `tb_address` */

DROP TABLE IF EXISTS `tb_address`;

CREATE TABLE `tb_address` (
  `id` varchar(70) NOT NULL,
  `title` varchar(50) NOT NULL,
  `pid` varchar(70) DEFAULT NULL,
  PRIMARY KEY (`id`)
) ENGINE=InnoDB DEFAULT CHARSET=utf8;

/*Data for the table `tb_address` */

insert  into `tb_address`(`id`,`title`,`pid`) values ('190e791d-05ec-4f01-b0cd-76f3418f0dc6','青牛1组','bfc33a0c-eb36-4867-9def-94528daed7a9'),('34661b92-94d0-4233-ba6a-4d8033721f0a','雨花组','898968cc-3731-4950-b443-92f193619b6a'),('73f66480-62ee-4351-8a2c-254f8020ba52','大唐区','c5cb0d60-9774-44d9-b931-11089e8b807e'),('8245bdb7-a2d2-4fa2-9ad3-7131fccc7af0','高唐街道',NULL),('898968cc-3731-4950-b443-92f193619b6a','雨花区','c5cb0d60-9774-44d9-b931-11089e8b807e'),('99cfbaf5-1726-4ad2-b673-e56b593c842d','天河区','8245bdb7-a2d2-4fa2-9ad3-7131fccc7af0'),('bfc33a0c-eb36-4867-9def-94528daed7a9','青牛区','8245bdb7-a2d2-4fa2-9ad3-7131fccc7af0'),('c5cb0d60-9774-44d9-b931-11089e8b807e','大阪街道',NULL),('d4679004-55c2-4cb1-a657-b10a7f45903e','大唐组','73f66480-62ee-4351-8a2c-254f8020ba52'),('e366657d-6b32-4256-909f-25504cf8718e','天河1组','99cfbaf5-1726-4ad2-b673-e56b593c842d');

/*Table structure for table `tb_announcement` */

DROP TABLE IF EXISTS `tb_announcement`;

CREATE TABLE `tb_announcement` (
  `id` varchar(70) NOT NULL,
  `announce_date` date NOT NULL,
  `announce_number` varchar(200) DEFAULT NULL,
  `file_path` varchar(120) DEFAULT NULL,
  `pro_id` varchar(70) NOT NULL,
  `sequence` int(1) NOT NULL,
  PRIMARY KEY (`id`),
  UNIQUE KEY `file_path` (`file_path`)
) ENGINE=InnoDB DEFAULT CHARSET=utf8;

/*Data for the table `tb_announcement` */

insert  into `tb_announcement`(`id`,`announce_date`,`announce_number`,`file_path`,`pro_id`,`sequence`) values ('19074181-0055-4826-9752-c47332d91681','2016-11-08','长县国土资实（2013）198、199号',NULL,'fa66a5e5-f12a-4523-bc7b-b2590b889f16',3),('19710793-169c-4758-8bb6-f34301abf1b7','2013-10-01','长县政发 〔2013〕93、94号',NULL,'1723c67a-e18e-474f-96c5-8ab204e5028d',1),('1ff9298d-d4fa-433c-8b97-9840914255a6','2012-08-14','[2012]实字第80、81、82、83号',NULL,'b6a438eb-293a-4113-8d85-7ffd21ce5791',3),('272a4029-c085-4f1c-ac40-b541d6e31339','2010-09-29','[2010]征字第56号',NULL,'b6a438eb-293a-4113-8d85-7ffd21ce5791',2),('3a6eb874-8e20-443d-a1b3-210dac48273c','2016-04-07','长县政发（2016）18号','18-1.jpg/uploadFile/policy_files/4acdfdfe-49db-43ef-b5fc-7440bff4ea32.jpg','dd937fe1-719b-487d-a370-f7d9f21a5ce6',1),('3b86eb93-eaf0-4917-9a8d-5d0cb280c90e','2016-04-21','2',NULL,'f5467299-d642-4219-bcb7-df67f8098850',2),('4ff71705-66d6-4a5c-96df-12b12d9f54f5','2014-05-22','长县国土资征〔2014〕33号',NULL,'1723c67a-e18e-474f-96c5-8ab204e5028d',2),('5491006e-7192-44fe-9f68-653e7401ed73','2016-04-21','56844',NULL,'7474e7e1-bc73-4f6c-af2d-6a7214a11b1f',3),('7479c684-dca2-4efa-bf3b-adf5329eec13','2016-03-29','',NULL,'26ad7fc6-5756-40f1-b8b4-eb9cf08f5ded',3),('7b74e840-e1dc-4c45-a8b2-ea1efd7a104d','2016-04-21','1235',NULL,'7474e7e1-bc73-4f6c-af2d-6a7214a11b1f',1),('88c1e97e-a884-4755-a726-8d49ad85c462','2016-04-07','长县政府（2016）第16号','16-1.jpg/uploadFile/policy_files/a110d2f9-b1bf-4bd1-987b-d6506829ae83.jpg','f2faf8b9-0dbc-48f7-95dc-ff7c8546fd93',1),('8deb924f-f44f-4aee-9789-4d965faf977c','2012-07-25','[2012]征字第73、74、75、76号',NULL,'b6a438eb-293a-4113-8d85-7ffd21ce5791',1),('8f024715-1ffc-4c86-957d-dee16b3ca22d','2016-04-21','5854',NULL,'8567a491-7eba-4e9a-a72b-9b0e72271549',1),('92bd6441-6e0e-4084-9b66-e520d58b3b5c','2013-10-29','长县国土资征（2013）180、181号',NULL,'fa66a5e5-f12a-4523-bc7b-b2590b889f16',2),('9826aa5e-7fec-407d-b221-3ba4d8087472','2016-04-21','3',NULL,'f5467299-d642-4219-bcb7-df67f8098850',3),('a27a7bea-2cd9-40ac-9cf9-3e48d5867a33','2013-03-29','〔2013〕实字第70号',NULL,'8a0467f1-59b9-415f-83d4-b7c399abf71a',3),('a3a2fbea-2244-4a1e-bc17-f85e13745cf7','2016-03-29','123',NULL,'26ad7fc6-5756-40f1-b8b4-eb9cf08f5ded',1),('a887e9f6-3734-4192-a056-924a270edf4c','2016-04-21','8555',NULL,'7474e7e1-bc73-4f6c-af2d-6a7214a11b1f',2),('ac8ace42-33b8-4e65-a13d-93b7e9a55b0c','2012-05-07','长县政发【2012】20号',NULL,'8a0467f1-59b9-415f-83d4-b7c399abf71a',1),('b59c1a3f-9d0e-4b62-a4d2-d627bf5569df','2016-03-29','3332',NULL,'26ad7fc6-5756-40f1-b8b4-eb9cf08f5ded',2),('c6e23a0a-e272-4863-a426-eaecd9052c19','2016-04-21','61215',NULL,'8567a491-7eba-4e9a-a72b-9b0e72271549',2),('c71f6d94-99a5-4e17-8ef9-43276c0187af','2014-12-28','长县政发 〔2014〕77号',NULL,'ac34bb8b-2345-4d02-ba45-249e29974295',1),('cc4090b7-bcb9-4fd6-a2d3-10707a33ee0d','2013-09-24','长县政发（2013）88号',NULL,'fa66a5e5-f12a-4523-bc7b-b2590b889f16',1),('cfdc3f97-2456-4cdb-986c-bd6945566209','2016-04-21','1',NULL,'f5467299-d642-4219-bcb7-df67f8098850',1),('daba1416-e89c-4069-aaf7-abbba82cb558','2015-03-24','长县国土资征〔2015〕11、12、13',NULL,'ac34bb8b-2345-4d02-ba45-249e29974295',2),('e3eec62e-dad4-40d5-906d-0bba75f582b0','2013-03-20','51111111〔2013〕征字第45号',NULL,'8a0467f1-59b9-415f-83d4-b7c399abf71a',2),('fb0adc77-a09f-4250-aea5-f67f1e7d6d34','2013-11-29','长县国土资迁〔2013〕233/234号',NULL,'1723c67a-e18e-474f-96c5-8ab204e5028d',3);

/*Table structure for table `tb_archive_file` */

DROP TABLE IF EXISTS `tb_archive_file`;

CREATE TABLE `tb_archive_file` (
  `id` varchar(70) NOT NULL,
  `file_path` varchar(500) DEFAULT NULL,
  `file_type_id` varchar(500) NOT NULL,
  `title` varchar(50) NOT NULL,
  `article` varchar(500) NOT NULL,
  `create_date` date NOT NULL,
  `type_str` varchar(70) DEFAULT NULL,
  `img` varchar(255) DEFAULT NULL,
  `create_id` varchar(70) DEFAULT NULL,
  PRIMARY KEY (`id`)
) ENGINE=InnoDB DEFAULT CHARSET=utf8;

/*Data for the table `tb_archive_file` */

insert  into `tb_archive_file`(`id`,`file_path`,`file_type_id`,`title`,`article`,`create_date`,`type_str`,`img`,`create_id`) values ('199b931c-0e50-4632-a84a-e445c890f570','','da494a2a-1f8a-4f9e-a614-eac924619370,4323b38e-d488-4214-8263-b1b1255f1ba4','ddd','<p><span style=\"font-weight: bold;\">ddd<span style=\"background-color: yellow;\">烦烦烦</span></span></p>','2016-03-29','征地补偿办法',NULL,'91b075a7-f6c3-4992-bb87-87a03464e93e'),('c7a416bc-4df6-46ba-aafa-80772ec3e44e','QQ截图20160323152502.png/uploadFile/evidence_files/ef30ddea-52c7-4dd5-8779-4c6b6c0f1eb2.png','da494a2a-1f8a-4f9e-a614-eac924619370,4323b38e-d488-4214-8263-b1b1255f1ba4','多吃点','<p><ol><li><span style=\"line-height: 1.42857;\">的</span><span style=\"font-size: 36px;\">擦擦擦擦<span style=\"background-color: rgb(214, 239, 214); color: rgb(66, 66, 66);\">擦擦 出错</span></span><br></li><li style=\"text-align: left;\"><span style=\"font-size: 36px;\"><span style=\"background-color: rgb(214, 239, 214); color: rgb(66, 66, 66);\">2c2c0</span></span></li></ol></p>','2016-04-07','征地补偿办法','uploadFile/evidence_files/f67b5917-c2f3-423b-bca8-0eb30d1869aa.jpg','81e97469-2fd1-4b3c-b3ac-593e5bd1ec6c'),('e35108c3-1c1d-45d2-bbe5-ae8399234dea','','da494a2a-1f8a-4f9e-a614-eac924619370,4323b38e-d488-4214-8263-b1b1255f1ba4','test','<p>testtesttest<br></p>','2016-04-09','征地补偿办法',NULL,'91b075a7-f6c3-4992-bb87-87a03464e93e');

/*Table structure for table `tb_archive_file_type` */

DROP TABLE IF EXISTS `tb_archive_file_type`;

CREATE TABLE `tb_archive_file_type` (
  `id` varchar(70) NOT NULL,
  `parent_file_id` varchar(70) DEFAULT NULL,
  `type_name` varchar(50) NOT NULL,
  PRIMARY KEY (`id`)
) ENGINE=InnoDB DEFAULT CHARSET=utf8;

/*Data for the table `tb_archive_file_type` */

insert  into `tb_archive_file_type`(`id`,`parent_file_id`,`type_name`) values ('4323b38e-d488-4214-8263-b1b1255f1ba4','da494a2a-1f8a-4f9e-a614-eac924619370','征地补偿办法'),('b1310a0f-6fd4-4539-9022-cf342a7475a9','feff19e1-54fc-46f7-bbc6-764945d9f304','社保处理条例'),('da494a2a-1f8a-4f9e-a614-eac924619370',NULL,'长沙县1号征地政策'),('feff19e1-54fc-46f7-bbc6-764945d9f304',NULL,'长沙县2号拆迁政策');

/*Table structure for table `tb_dept` */

DROP TABLE IF EXISTS `tb_dept`;

CREATE TABLE `tb_dept` (
  `id` varchar(70) NOT NULL,
  `dept_name` varchar(30) NOT NULL,
  `is_del` tinyint(1) NOT NULL,
  `org_id` varchar(70) NOT NULL,
  PRIMARY KEY (`id`),
  UNIQUE KEY `dept_name` (`dept_name`)
) ENGINE=InnoDB DEFAULT CHARSET=utf8;

/*Data for the table `tb_dept` */

/*Table structure for table `tb_family` */

DROP TABLE IF EXISTS `tb_family`;

CREATE TABLE `tb_family` (
  `id` varchar(70) NOT NULL,
  `head_name` varchar(30) NOT NULL,
  `pro_id` varchar(70) NOT NULL,
  `head_id` varchar(70) NOT NULL,
  `community_id` varchar(70) DEFAULT NULL,
  `address` varchar(120) DEFAULT NULL,
  `street_id` varchar(70) DEFAULT NULL,
  `family_number` int(11) NOT NULL,
  `house_legal_area` float DEFAULT NULL,
  `house_illegal_area` float DEFAULT NULL,
  `situation_desc` varchar(255) DEFAULT NULL,
  `deal_solution` varchar(255) DEFAULT NULL,
  `union_suggestion` varchar(255) DEFAULT NULL,
  `remark` varchar(255) DEFAULT NULL,
  `house_img_path` varchar(250) DEFAULT NULL,
  `pro_name` varchar(200) DEFAULT NULL,
  `group_id` varchar(70) DEFAULT NULL,
  `union_suggestion_path` varchar(255) DEFAULT NULL,
  `image` varchar(255) DEFAULT NULL,
  `create_uId` varchar(70) DEFAULT NULL,
  `create_date` date DEFAULT NULL,
  PRIMARY KEY (`id`)
) ENGINE=InnoDB DEFAULT CHARSET=utf8;

/*Data for the table `tb_family` */

insert  into `tb_family`(`id`,`head_name`,`pro_id`,`head_id`,`community_id`,`address`,`street_id`,`family_number`,`house_legal_area`,`house_illegal_area`,`situation_desc`,`deal_solution`,`union_suggestion`,`remark`,`house_img_path`,`pro_name`,`group_id`,`union_suggestion_path`,`image`,`create_uId`,`create_date`) values ('00a66684-c9d4-4a44-9bc0-6db4786c650a','李寿双','f5467299-d642-4219-bcb7-df67f8098850','7ab27225-e5e2-4ca8-90a9-391450822044',NULL,'null-null-null',NULL,1,0,0,NULL,NULL,NULL,NULL,NULL,'星沙联络线',NULL,NULL,NULL,'81e97469-2fd1-4b3c-b3ac-593e5bd1ec6c','2016-03-30'),('13244e31-f1a1-45d6-951b-0b5ec88ac9b9','马志怀','8a0467f1-59b9-415f-83d4-b7c399abf71a','85fe9128-c6ab-447d-beb4-1129e929a405',NULL,'安沙镇水塘垸村',NULL,3,0,0,'','','','','','长沙县长沙师范学校第二校区建设项目（测试',NULL,'',NULL,'91b075a7-f6c3-4992-bb87-87a03464e93e','2016-04-06'),('17159817-2e7c-4fbc-8f53-17686c4d7775','马强罗','56bd5a4b-7912-4992-a981-f0eab1ea2f17','3acc316c-b8fa-423d-b65d-28348588119a',NULL,'null-null-null',NULL,2,0,0,NULL,NULL,NULL,NULL,NULL,'会展酒店',NULL,NULL,NULL,'81e97469-2fd1-4b3c-b3ac-593e5bd1ec6c','2016-03-30'),('18bec559-d5d7-45ec-8655-0b819967bdf5','杜发其','1723c67a-e18e-474f-96c5-8ab204e5028d','f8f9b6c5-df88-45d3-9621-5fc0c574feb4',NULL,'黄兴镇光达村火车屋组',NULL,2,280,0,'杨炳文有证，乡土管字第0019437号，1997年12月26日发证，发证时5人，限建筑占地160㎡。一层：砖混198.04㎡；砖木13.44㎡；二层：砖混111.4㎡；合计：322.88㎡','合法面积：280㎡；另40㎡按成本价计算。','合法面积：280㎡；另40㎡按成本价计算。','1.丈夫杨炳文已故。2.杨山红已婚，妻子李灿和儿子杨嘉兴户口在开福区非农户。3.线外无房。','','长沙国际会展中心（测试）',NULL,'',NULL,'91b075a7-f6c3-4992-bb87-87a03464e93e','2016-04-06'),('2e6e079c-5ccf-4e93-8965-90725e5f184a','周末','6d346059-ccd6-44b5-94c6-0d32399fe3e9','e5253603-88c9-4dbc-827f-eb315a413d87',NULL,'null-null-null',NULL,2,0,0,NULL,NULL,NULL,NULL,NULL,'长沙黄花机场飞行区东扩工程',NULL,NULL,NULL,'81e97469-2fd1-4b3c-b3ac-593e5bd1ec6c','2016-03-30'),('32fe2c9b-72ca-4287-9b33-bc123b82bd0c','柳建辉','ac34bb8b-2345-4d02-ba45-249e29974295','f8f199cd-6196-4436-be20-e1fd193c40c8','99cfbaf5-1726-4ad2-b673-e56b593c842d','高唐街道天河区天河1组','8245bdb7-a2d2-4fa2-9ad3-7131fccc7af0',3,280,0,'','','','','','长沙磁浮工程建设项目（测试）','e366657d-6b32-4256-909f-25504cf8718e','','','91b075a7-f6c3-4992-bb87-87a03464e93e','2016-04-06'),('360a26f7-7be7-4a64-a852-23903d38beb3','李桂恒','56bd5a4b-7912-4992-a981-f0eab1ea2f17','c70c446e-2829-4815-ae43-f371033d1015',NULL,'null-null-null',NULL,2,0,0,NULL,NULL,NULL,NULL,NULL,'会展酒店',NULL,NULL,NULL,'81e97469-2fd1-4b3c-b3ac-593e5bd1ec6c','2016-03-30'),('3ad39487-9b11-4b46-b9a7-779b21b87697','周友能','1723c67a-e18e-474f-96c5-8ab204e5028d','98190b8c-1a0f-4df2-9f45-38e6af2671a9',NULL,'黄兴镇光达村柞树塘组',NULL,6,420,0,'','','','','','长沙国际会展中心（测试）',NULL,'',NULL,'91b075a7-f6c3-4992-bb87-87a03464e93e','2016-04-06'),('3cba1e4f-27d4-40a2-b557-a5fdb6c05332','杨建武','6d346059-ccd6-44b5-94c6-0d32399fe3e9','aa685d13-6c22-4023-af07-930407a1ccc2',NULL,'null-null-null',NULL,1,0,0,NULL,NULL,NULL,NULL,NULL,'长沙黄花机场飞行区东扩工程',NULL,NULL,NULL,'81e97469-2fd1-4b3c-b3ac-593e5bd1ec6c','2016-03-30'),('3f347e24-9772-409c-b253-0d0274f6bcf0','杜应海','ac34bb8b-2345-4d02-ba45-249e29974295','55a53a45-ed80-40be-8799-5e06abeb1749','99cfbaf5-1726-4ad2-b673-e56b593c842d','高唐街道天河区天河1组','8245bdb7-a2d2-4fa2-9ad3-7131fccc7af0',6,420,0,'','','','','','长沙磁浮工程建设项目（测试）','e366657d-6b32-4256-909f-25504cf8718e','','','91b075a7-f6c3-4992-bb87-87a03464e93e','2016-04-06'),('41a83997-ea76-4942-9cec-8325fc6ae8d9','易应华','ac34bb8b-2345-4d02-ba45-249e29974295','798d2f90-a314-47bd-a885-1c343d59f7b5','99cfbaf5-1726-4ad2-b673-e56b593c842d','高唐街道天河区天河1组','8245bdb7-a2d2-4fa2-9ad3-7131fccc7af0',5,320,0,'','','','','','长沙磁浮工程建设项目（测试）','e366657d-6b32-4256-909f-25504cf8718e','','','91b075a7-f6c3-4992-bb87-87a03464e93e','2016-04-06'),('42628edd-5b35-477b-92f8-cce2e3627729','柳佰冬','6d346059-ccd6-44b5-94c6-0d32399fe3e9','159812d8-fe74-411d-b0f7-7994ede461f6',NULL,'null-null-null',NULL,3,0,0,NULL,NULL,NULL,NULL,NULL,'长沙黄花机场飞行区东扩工程',NULL,NULL,NULL,'81e97469-2fd1-4b3c-b3ac-593e5bd1ec6c','2016-03-30'),('4fda310e-9ab5-4e0f-a9de-cd71aa43df97','易顺恺','f5467299-d642-4219-bcb7-df67f8098850','48ca2ee1-68c8-4996-acf0-270da51968b7',NULL,'null-null-null',NULL,3,0,0,NULL,NULL,NULL,NULL,NULL,'星沙联络线',NULL,NULL,NULL,'81e97469-2fd1-4b3c-b3ac-593e5bd1ec6c','2016-03-30'),('5dfc1452-7b65-4024-82f2-674551046752','苏建兵','ac34bb8b-2345-4d02-ba45-249e29974295','f8731552-a498-4a97-a44a-df13892e5bda','99cfbaf5-1726-4ad2-b673-e56b593c842d','高唐街道天河区天河1组','8245bdb7-a2d2-4fa2-9ad3-7131fccc7af0',4,0,0,'','','','','','长沙磁浮工程建设项目（测试）','e366657d-6b32-4256-909f-25504cf8718e','','','91b075a7-f6c3-4992-bb87-87a03464e93e','2016-04-06'),('633bd723-c917-4299-982f-7d6e29df995a','黄大明','ac34bb8b-2345-4d02-ba45-249e29974295','7dec0059-0ab2-4bff-b504-5571cef64557',NULL,'高唐街道天河区天河1组',NULL,5,370,0,'有证，1990.7.5批证160㎡，乡管字第0009237号，批证6人，原基改建。','350㎡+20㎡','350㎡+20㎡','1.独生子女证号：湘0026621；2.父母已故；3.线外无房；4.黄大明有三女一子，三个女儿均已外嫁，户口已迁出本组。','','长沙磁浮工程建设项目（测试）',NULL,'',NULL,'91b075a7-f6c3-4992-bb87-87a03464e93e','2016-04-06'),('667cc70e-5b92-46e3-b0c1-7fc59f3e674e','马秀云','8a0467f1-59b9-415f-83d4-b7c399abf71a','8aa1d3fd-9f07-4fc2-bf66-9032ac9a3fab','898968cc-3731-4950-b443-92f193619b6a','大阪街道雨花区雨花组','c5cb0d60-9774-44d9-b931-11089e8b807e',7,0,0,'','','','','','长沙县长沙师范学校第二校区建设项目（测试','34661b92-94d0-4233-ba6a-4d8033721f0a','','','91b075a7-f6c3-4992-bb87-87a03464e93e','2016-04-06'),('7ee7383b-d5a1-444f-a909-f969d8094cf6','马松武','8a0467f1-59b9-415f-83d4-b7c399abf71a','d92dd950-4bee-41cc-a31d-972627d3f56e','73f66480-62ee-4351-8a2c-254f8020ba52','大阪街道大唐区大唐组','c5cb0d60-9774-44d9-b931-11089e8b807e',4,0,0,'','','','','','长沙县长沙师范学校第二校区建设项目（测试','d4679004-55c2-4cb1-a657-b10a7f45903e','',NULL,'91b075a7-f6c3-4992-bb87-87a03464e93e','2016-04-06'),('8704caff-95cc-4081-a793-cb9844ee8dda','小明','26ad7fc6-5756-40f1-b8b4-eb9cf08f5ded','f8645281-cb70-47b6-8cbb-859ca6a8c47d','99cfbaf5-1726-4ad2-b673-e56b593c842d','高唐街道天河区天河1组','8245bdb7-a2d2-4fa2-9ad3-7131fccc7af0',4,90,0,'00','','','','','测试项目','e366657d-6b32-4256-909f-25504cf8718e','',NULL,'81e97469-2fd1-4b3c-b3ac-593e5bd1ec6c','2016-03-18'),('95f91940-f060-4af2-aedd-363dd03ee650','罗炳文','1723c67a-e18e-474f-96c5-8ab204e5028d','0bf4266d-4558-40f1-855f-48820f794e74',NULL,'黄兴镇光达村柞树塘组',NULL,4,300,0,'有证，县土管字第0002330号，批证3人，限建筑占地面积90㎡.','300㎡；三层90㎡，四层炮台18.24㎡成本价处理。','300㎡；三层90㎡，四层炮台18.24㎡成本价处理。','','','长沙国际会展中心（测试）',NULL,'',NULL,'91b075a7-f6c3-4992-bb87-87a03464e93e','2016-04-06'),('a8785ecf-1666-4c7a-adda-c7b9ce31ecdd','杜金明','1723c67a-e18e-474f-96c5-8ab204e5028d','db74abda-449c-4d2b-a8f5-9bd4aca1229b',NULL,'黄兴镇光达村梯塘组',NULL,3,300,0,'','','','','','长沙国际会展中心（测试）',NULL,'',NULL,'91b075a7-f6c3-4992-bb87-87a03464e93e','2016-04-06'),('aad2de15-28d9-4cf2-af1b-7e2dcf4a48b2','曹寿珍','fa66a5e5-f12a-4523-bc7b-b2590b889f16','72f36efb-b085-4b5a-afdb-e04f7bc22f20',NULL,'安沙镇水塘垸村',NULL,2,280,0,'','','','','','万家丽北路安沙联络线建设项目 （安沙物流大道）',NULL,'','','91b075a7-f6c3-4992-bb87-87a03464e93e','2016-04-26'),('ae724a86-e98a-4636-99bb-ac562b8c147f','罗国华','1723c67a-e18e-474f-96c5-8ab204e5028d','3a153d7a-bf14-4f9f-8948-20fc577cfb8e',NULL,'黄兴镇光达村梯塘组',NULL,2,362.81,0,'乡土管字第0031982号，限建筑占地160㎡','认定合法面积350平方米','350㎡','','','长沙国际会展中心（测试）',NULL,'',NULL,'91b075a7-f6c3-4992-bb87-87a03464e93e','2016-04-06'),('b540e267-dd39-4dcf-90e2-0661ad536e37','马龙彪','8a0467f1-59b9-415f-83d4-b7c399abf71a','305c0e6a-a5ff-4f45-b355-146c918c1d7a','99cfbaf5-1726-4ad2-b673-e56b593c842d','高唐街道天河区天河1组','8245bdb7-a2d2-4fa2-9ad3-7131fccc7af0',6,0,0,'','','','','','长沙县长沙师范学校第二校区建设项目（测试','e366657d-6b32-4256-909f-25504cf8718e','','','91b075a7-f6c3-4992-bb87-87a03464e93e','2016-04-06'),('bfeb74f4-dba3-41e1-aa6d-43e2c7e6d9b7','陈良','1723c67a-e18e-474f-96c5-8ab204e5028d','c2040e06-700f-4764-9aad-96e5c1b3eb73','99cfbaf5-1726-4ad2-b673-e56b593c842d','高唐街道天河区天河1组','8245bdb7-a2d2-4fa2-9ad3-7131fccc7af0',3,300,0,'','','','','','长沙国际会展中心（测试）','e366657d-6b32-4256-909f-25504cf8718e','',NULL,'91b075a7-f6c3-4992-bb87-87a03464e93e','2016-04-06'),('ce841aec-9ce3-4727-9573-283e6671db6c','李迪均','56bd5a4b-7912-4992-a981-f0eab1ea2f17','09735453-6266-4bb5-bd4b-f5a960d6c917',NULL,'null-null-null',NULL,3,0,0,NULL,NULL,NULL,NULL,NULL,'会展酒店',NULL,NULL,NULL,'81e97469-2fd1-4b3c-b3ac-593e5bd1ec6c','2016-03-30'),('d0116caa-8040-4ec8-b25f-71bf7e466cbd','王金高','8567a491-7eba-4e9a-a72b-9b0e72271549','248b2ab0-7fb1-4025-902a-4e7f799db807',NULL,'null-null-null',NULL,3,0,0,NULL,NULL,NULL,NULL,NULL,'地铁轨道交通3号线龙角站',NULL,NULL,NULL,'81e97469-2fd1-4b3c-b3ac-593e5bd1ec6c','2016-03-30'),('d508cab1-ff36-4504-bd22-cbe73dc0fb91','杨映明','8567a491-7eba-4e9a-a72b-9b0e72271549','db9f6367-2e58-47c6-b8df-1ada98258aa0',NULL,'null-null-null',NULL,3,0,0,NULL,NULL,NULL,NULL,NULL,'地铁轨道交通3号线龙角站',NULL,NULL,NULL,'81e97469-2fd1-4b3c-b3ac-593e5bd1ec6c','2016-03-30'),('dbeed52a-12d2-43d1-bb4b-c793dc68fd38','刘清','8a0467f1-59b9-415f-83d4-b7c399abf71a','40d9a4b3-c70c-4808-8cd4-63514448e7e2',NULL,'高唐街道青牛区青牛1组',NULL,2,300,0,'有集体土地使用证，长集用（2010）第616号、使用面积140㎡.','280㎡+20㎡.','280㎡+20㎡.','','','长沙县长沙师范学校第二校区建设项目（测试',NULL,'',NULL,'91b075a7-f6c3-4992-bb87-87a03464e93e','2016-04-06'),('e9cc6e6d-2cbb-4b72-9d1d-12163c313a91','马国强','fa66a5e5-f12a-4523-bc7b-b2590b889f16','55caa4fa-b51e-4e92-a7b3-8530343b09b6',NULL,'安沙镇',NULL,4,300,0,'','','','','','万家丽北路安沙联络线建设项目 （安沙物流大道）',NULL,'',NULL,'91b075a7-f6c3-4992-bb87-87a03464e93e','2016-04-26'),('f7ab5823-98f0-4a3b-ae1a-93c203c47231','郭正杰','f5467299-d642-4219-bcb7-df67f8098850','0cb9edb5-a1dd-49ec-8a5f-4708258256b1','bfc33a0c-eb36-4867-9def-94528daed7a9','高唐街道青牛区青牛1组','8245bdb7-a2d2-4fa2-9ad3-7131fccc7af0',2,0,0,'','','','','Penguins.jpg/uploadFile/house_imgs/b6e8655a-3c3e-4237-9eaa-59ff5e81a2d0.jpg','星沙联络线','190e791d-05ec-4f01-b0cd-76f3418f0dc6','','uploadFile/evidence_files/e3706722-2932-49e7-aea3-2abf0974b574.jpg','81e97469-2fd1-4b3c-b3ac-593e5bd1ec6c','2016-03-29');

/*Table structure for table `tb_family_familyitem` */

DROP TABLE IF EXISTS `tb_family_familyitem`;

CREATE TABLE `tb_family_familyitem` (
  `id` varchar(70) NOT NULL,
  `family_id` varchar(70) NOT NULL,
  `family_item_id` varchar(70) NOT NULL,
  PRIMARY KEY (`id`)
) ENGINE=InnoDB DEFAULT CHARSET=utf8;

/*Data for the table `tb_family_familyitem` */

/*Table structure for table `tb_family_item` */

DROP TABLE IF EXISTS `tb_family_item`;

CREATE TABLE `tb_family_item` (
  `id` varchar(70) NOT NULL,
  `address` varchar(70) DEFAULT NULL,
  `name` varchar(50) NOT NULL,
  `id_number` varchar(20) NOT NULL,
  `birthday` date NOT NULL,
  `gender` tinyint(1) NOT NULL,
  `relationship` varchar(70) NOT NULL,
  `household_type` varchar(70) NOT NULL,
  `only_child_number` varchar(70) DEFAULT NULL,
  `is_half` tinyint(1) NOT NULL,
  `relationship_id` varchar(70) DEFAULT NULL,
  `household_type_Id` varchar(70) DEFAULT NULL,
  `street_id` varchar(70) DEFAULT NULL,
  `community_id` varchar(70) DEFAULT NULL,
  `pro_id` varchar(70) NOT NULL,
  `fml_id` varchar(70) NOT NULL,
  `pro_name` varchar(200) DEFAULT NULL,
  `is_removed` tinyint(1) NOT NULL,
  `is_transferd` tinyint(1) NOT NULL,
  `is_socialsecurity` tinyint(1) NOT NULL,
  `socialsecurity_str` varchar(50) DEFAULT NULL,
  `education_level` varchar(30) DEFAULT NULL,
  `current_education_situation` varchar(30) DEFAULT NULL,
  `farming_time` varchar(30) DEFAULT NULL,
  `serve_army_situation` varchar(120) DEFAULT NULL,
  `group_id` varchar(70) DEFAULT NULL,
  `tel` varchar(11) DEFAULT NULL,
  `used_socialsecurity` tinyint(1) DEFAULT NULL,
  `remark` varchar(70) DEFAULT NULL,
  `other_relationship` varchar(70) DEFAULT NULL,
  PRIMARY KEY (`id`),
  UNIQUE KEY `id_number` (`id_number`),
  UNIQUE KEY `id_number_2` (`id_number`)
) ENGINE=InnoDB DEFAULT CHARSET=utf8;

/*Data for the table `tb_family_item` */

insert  into `tb_family_item`(`id`,`address`,`name`,`id_number`,`birthday`,`gender`,`relationship`,`household_type`,`only_child_number`,`is_half`,`relationship_id`,`household_type_Id`,`street_id`,`community_id`,`pro_id`,`fml_id`,`pro_name`,`is_removed`,`is_transferd`,`is_socialsecurity`,`socialsecurity_str`,`education_level`,`current_education_situation`,`farming_time`,`serve_army_situation`,`group_id`,`tel`,`used_socialsecurity`,`remark`,`other_relationship`) values ('0732ec8f-c1ac-4fda-9044-c8356343d034','高唐街道天河区天河1组','盛建','430111195201085029','1952-01-08',1,'妻子','农村居民',NULL,0,'1d159ab7-6074-4d53-bcb9-d41c82b1bfe6','5c042a11-5412-42b7-a113-60fbf27a87bc','8245bdb7-a2d2-4fa2-9ad3-7131fccc7af0','99cfbaf5-1726-4ad2-b673-e56b593c842d','1723c67a-e18e-474f-96c5-8ab204e5028d','3ad39487-9b11-4b46-b9a7-779b21b87697','长沙国际会展中心（测试）',0,0,1,NULL,'','','','','e366657d-6b32-4256-909f-25504cf8718e','',0,'测试',''),('0935551a-25e8-4d96-ae1a-2150cb814693','null-null-null','王小阳','43012119581001814X','1958-10-01',1,'其他','农村居民',NULL,0,'c2bc2da6-68de-4313-b95c-df122427646c','5c042a11-5412-42b7-a113-60fbf27a87bc',NULL,NULL,'6d346059-ccd6-44b5-94c6-0d32399fe3e9','42628edd-5b35-477b-92f8-cce2e3627729','长沙黄花机场飞行区东扩工程',0,0,1,NULL,'','','','',NULL,'',0,'','妻'),('09735453-6266-4bb5-bd4b-f5a960d6c917','null-null-null','李迪均','430121194505288114','1945-05-28',0,'户主','农村居民',NULL,0,'80e5053e-33af-45de-889c-6addb6744d98',NULL,NULL,NULL,'56bd5a4b-7912-4992-a981-f0eab1ea2f17','ce841aec-9ce3-4727-9573-283e6671db6c','会展酒店',0,0,1,NULL,NULL,NULL,NULL,NULL,NULL,NULL,0,NULL,NULL),('0acae762-9d92-4992-91a4-3e28df0eb8c2','高唐街道天河区天河1组','马雅轩','430121201006100124','2010-06-10',1,'其他','农村居民',NULL,0,'c2bc2da6-68de-4313-b95c-df122427646c','5c042a11-5412-42b7-a113-60fbf27a87bc','8245bdb7-a2d2-4fa2-9ad3-7131fccc7af0','99cfbaf5-1726-4ad2-b673-e56b593c842d','8a0467f1-59b9-415f-83d4-b7c399abf71a','b540e267-dd39-4dcf-90e2-0661ad536e37','长沙县长沙师范学校第二校区建设项目（测试',0,0,1,NULL,'','','','','e366657d-6b32-4256-909f-25504cf8718e','',0,'测试','孙女'),('0bf4266d-4558-40f1-855f-48820f794e74','高唐街道天河区天河1组','罗炳文','430121194706270914','2016-04-06',0,'户主','农村居民',NULL,0,'80e5053e-33af-45de-889c-6addb6744d98','5c042a11-5412-42b7-a113-60fbf27a87bc','8245bdb7-a2d2-4fa2-9ad3-7131fccc7af0','99cfbaf5-1726-4ad2-b673-e56b593c842d','1723c67a-e18e-474f-96c5-8ab204e5028d','95f91940-f060-4af2-aedd-363dd03ee650','长沙国际会展中心（测试）',0,0,1,NULL,'','','','','e366657d-6b32-4256-909f-25504cf8718e','',0,'测试',''),('0cb9edb5-a1dd-49ec-8a5f-4708258256b1','null-null-null','郭正杰','430121193504248116','1935-04-24',0,'户主','农村居民',NULL,0,'80e5053e-33af-45de-889c-6addb6744d98','5c042a11-5412-42b7-a113-60fbf27a87bc',NULL,NULL,'f5467299-d642-4219-bcb7-df67f8098850','f7ab5823-98f0-4a3b-ae1a-93c203c47231','星沙联络线',0,0,1,NULL,'高中','','','',NULL,'',0,'',NULL),('0d64800f-ee15-48e7-87b7-c5bdbf4d9d59','大阪街道雨花区雨花组','李四','430121197205227012','2016-03-31',0,'其他','城镇居民',NULL,0,'c2bc2da6-68de-4313-b95c-df122427646c','5de52884-3807-4f8b-8237-1f2f45e88ed6','c5cb0d60-9774-44d9-b931-11089e8b807e','898968cc-3731-4950-b443-92f193619b6a','8a0467f1-59b9-415f-83d4-b7c399abf71a','667cc70e-5b92-46e3-b0c1-7fc59f3e674e','长沙县长沙师范学校第二校区建设项目（测试',0,0,1,NULL,'','','','','34661b92-94d0-4233-ba6a-4d8033721f0a','',0,'','女婿'),('0e1e6c76-e596-47be-b23c-436d97a30512','大阪街道大唐区大唐组','马沁怡','43012120100920018x','2010-09-20',1,'女儿','农村居民',NULL,0,'cff067b6-b6a2-4918-b80c-e774242f5a84','5c042a11-5412-42b7-a113-60fbf27a87bc','c5cb0d60-9774-44d9-b931-11089e8b807e','73f66480-62ee-4351-8a2c-254f8020ba52','8a0467f1-59b9-415f-83d4-b7c399abf71a','7ee7383b-d5a1-444f-a909-f969d8094cf6','长沙县长沙师范学校第二校区建设项目（测试',0,0,1,NULL,'','','','','d4679004-55c2-4cb1-a657-b10a7f45903e','',0,'测试',''),('11890a68-2a82-4d5e-98b0-76dda5b7a3a0','null-null-null','易芳','430121198406077926','1984-06-07',1,'孙女','农村居民',NULL,0,NULL,NULL,NULL,NULL,'f5467299-d642-4219-bcb7-df67f8098850','4fda310e-9ab5-4e0f-a9de-cd71aa43df97','星沙联络线',0,0,1,NULL,NULL,NULL,NULL,NULL,NULL,NULL,0,NULL,NULL),('159812d8-fe74-411d-b0f7-7994ede461f6','null-null-null','柳佰冬','430121195409038136','1954-09-03',0,'户主','农村居民',NULL,0,'80e5053e-33af-45de-889c-6addb6744d98',NULL,NULL,NULL,'6d346059-ccd6-44b5-94c6-0d32399fe3e9','42628edd-5b35-477b-92f8-cce2e3627729','长沙黄花机场飞行区东扩工程',0,0,1,NULL,NULL,NULL,NULL,NULL,NULL,NULL,0,NULL,NULL),('1bdcc680-eb4b-4f7b-b402-43ccb32ce853','安沙镇','马三友','430121197111237924','1971-11-23',1,'女儿','农村居民',NULL,0,'cff067b6-b6a2-4918-b80c-e774242f5a84','5c042a11-5412-42b7-a113-60fbf27a87bc',NULL,NULL,'fa66a5e5-f12a-4523-bc7b-b2590b889f16','e9cc6e6d-2cbb-4b72-9d1d-12163c313a91','万家丽北路安沙联络线建设项目 （安沙物流大道）',0,0,1,NULL,'','','','',NULL,'',0,'',''),('248b2ab0-7fb1-4025-902a-4e7f799db807','null-null-null','王金高','430121195701287914','1957-01-28',0,'户主','农村居民',NULL,0,'80e5053e-33af-45de-889c-6addb6744d98',NULL,NULL,NULL,'8567a491-7eba-4e9a-a72b-9b0e72271549','d0116caa-8040-4ec8-b25f-71bf7e466cbd','地铁轨道交通3号线龙角站',0,0,1,NULL,NULL,NULL,NULL,NULL,NULL,NULL,0,NULL,NULL),('2e00b992-09b2-46cc-aa9e-533357592981','null-null-null','李建平','430121197410028145','1974-10-02',1,'女','农村居民',NULL,0,NULL,NULL,NULL,NULL,'56bd5a4b-7912-4992-a981-f0eab1ea2f17','ce841aec-9ce3-4727-9573-283e6671db6c','会展酒店',0,0,1,NULL,NULL,NULL,NULL,NULL,NULL,NULL,0,NULL,NULL),('305c0e6a-a5ff-4f45-b355-146c918c1d7a','高唐街道天河区天河1组','马龙彪','430121194105107919','1941-05-10',0,'户主','农村居民',NULL,0,'80e5053e-33af-45de-889c-6addb6744d98','5c042a11-5412-42b7-a113-60fbf27a87bc','8245bdb7-a2d2-4fa2-9ad3-7131fccc7af0','99cfbaf5-1726-4ad2-b673-e56b593c842d','8a0467f1-59b9-415f-83d4-b7c399abf71a','b540e267-dd39-4dcf-90e2-0661ad536e37','长沙县长沙师范学校第二校区建设项目（测试',0,0,1,NULL,'','','','','e366657d-6b32-4256-909f-25504cf8718e','',0,'测试',''),('32f70971-ad7e-4264-944c-5cc23d494c16','高唐街道天河区天河1组','罗杰','43012119740808093x','1974-08-08',0,'儿子','农村居民',NULL,0,'9925cb7b-6c48-404b-8ac1-551fb9f9d898','5c042a11-5412-42b7-a113-60fbf27a87bc','8245bdb7-a2d2-4fa2-9ad3-7131fccc7af0','99cfbaf5-1726-4ad2-b673-e56b593c842d','1723c67a-e18e-474f-96c5-8ab204e5028d','ae724a86-e98a-4636-99bb-ac562b8c147f','长沙国际会展中心（测试）',0,0,1,NULL,'','','','','e366657d-6b32-4256-909f-25504cf8718e','',0,'',''),('330ab85c-7c53-477e-bda3-efa030a40b90','高唐街道天河区天河1组','测试余','110108197505220038','1975-05-22',0,'其他','城镇居民',NULL,0,'c2bc2da6-68de-4313-b95c-df122427646c','5de52884-3807-4f8b-8237-1f2f45e88ed6','8245bdb7-a2d2-4fa2-9ad3-7131fccc7af0','99cfbaf5-1726-4ad2-b673-e56b593c842d','26ad7fc6-5756-40f1-b8b4-eb9cf08f5ded','8704caff-95cc-4081-a793-cb9844ee8dda','测试项目',0,0,1,NULL,'','','','','e366657d-6b32-4256-909f-25504cf8718e','',0,'',''),('3a153d7a-bf14-4f9f-8948-20fc577cfb8e','高唐街道天河区天河1组','罗国华','430121194706140917','1947-06-14',0,'户主','农村居民',NULL,0,'80e5053e-33af-45de-889c-6addb6744d98','5c042a11-5412-42b7-a113-60fbf27a87bc','8245bdb7-a2d2-4fa2-9ad3-7131fccc7af0','99cfbaf5-1726-4ad2-b673-e56b593c842d','1723c67a-e18e-474f-96c5-8ab204e5028d','ae724a86-e98a-4636-99bb-ac562b8c147f','长沙国际会展中心（测试）',0,0,1,NULL,'','','','','e366657d-6b32-4256-909f-25504cf8718e','',0,'',''),('3acc316c-b8fa-423d-b65d-28348588119a','null-null-null','马强罗','430121193910147919','1939-10-14',0,'户主','农村居民',NULL,0,'80e5053e-33af-45de-889c-6addb6744d98',NULL,NULL,NULL,'56bd5a4b-7912-4992-a981-f0eab1ea2f17','17159817-2e7c-4fbc-8f53-17686c4d7775','会展酒店',0,0,1,NULL,NULL,NULL,NULL,NULL,NULL,NULL,0,NULL,NULL),('3ea223bb-9be1-497e-a6b3-f8f17a49dc19','高唐街道天河区天河1组','周子琴','430121201110190123','2011-10-19',1,'其他','农村居民',NULL,0,'c2bc2da6-68de-4313-b95c-df122427646c','5c042a11-5412-42b7-a113-60fbf27a87bc','8245bdb7-a2d2-4fa2-9ad3-7131fccc7af0','99cfbaf5-1726-4ad2-b673-e56b593c842d','1723c67a-e18e-474f-96c5-8ab204e5028d','3ad39487-9b11-4b46-b9a7-779b21b87697','长沙国际会展中心（测试）',0,0,1,NULL,'','','','','e366657d-6b32-4256-909f-25504cf8718e','',0,'测试','孙女'),('3fc98e92-4374-45ad-a0a8-110c3238b64e','大阪街道雨花区雨花组','徐建冬','430121196811177585','1968-11-17',1,'妻子','农村居民',NULL,0,'1d159ab7-6074-4d53-bcb9-d41c82b1bfe6','5c042a11-5412-42b7-a113-60fbf27a87bc','c5cb0d60-9774-44d9-b931-11089e8b807e','898968cc-3731-4950-b443-92f193619b6a','8a0467f1-59b9-415f-83d4-b7c399abf71a','13244e31-f1a1-45d6-951b-0b5ec88ac9b9','长沙县长沙师范学校第二校区建设项目（测试',0,0,1,NULL,'','','','','34661b92-94d0-4233-ba6a-4d8033721f0a','',0,'测试',''),('40d9a4b3-c70c-4808-8cd4-63514448e7e2','高唐街道青牛区青牛1组','刘清','430121196912277913','1969-12-27',0,'户主','农村居民','19691227',0,'80e5053e-33af-45de-889c-6addb6744d98','5c042a11-5412-42b7-a113-60fbf27a87bc','8245bdb7-a2d2-4fa2-9ad3-7131fccc7af0','bfc33a0c-eb36-4867-9def-94528daed7a9','8a0467f1-59b9-415f-83d4-b7c399abf71a','dbeed52a-12d2-43d1-bb4b-c793dc68fd38','长沙县长沙师范学校第二校区建设项目（测试',0,0,1,NULL,'','','','','190e791d-05ec-4f01-b0cd-76f3418f0dc6','',0,'测试',''),('44335cbe-833c-4628-9506-9f1bac753f5e','高唐街道天河区天河1组','黄建兵','43012119730426091x','1973-04-26',0,'儿子','农村居民',NULL,0,'9925cb7b-6c48-404b-8ac1-551fb9f9d898','5c042a11-5412-42b7-a113-60fbf27a87bc','8245bdb7-a2d2-4fa2-9ad3-7131fccc7af0','99cfbaf5-1726-4ad2-b673-e56b593c842d','ac34bb8b-2345-4d02-ba45-249e29974295','633bd723-c917-4299-982f-7d6e29df995a','长沙磁浮工程建设项目（测试）',0,0,1,NULL,'','','','','e366657d-6b32-4256-909f-25504cf8718e','',0,'测试',''),('48ca2ee1-68c8-4996-acf0-270da51968b7','null-null-null','易顺恺','430121193508178119','1935-08-17',0,'户主','农村居民',NULL,0,'80e5053e-33af-45de-889c-6addb6744d98',NULL,NULL,NULL,'f5467299-d642-4219-bcb7-df67f8098850','4fda310e-9ab5-4e0f-a9de-cd71aa43df97','星沙联络线',0,0,1,NULL,NULL,NULL,NULL,NULL,NULL,NULL,0,NULL,NULL),('4d6ff497-39b4-4d54-9291-a39779209edd','高唐街道天河区天河1组','杨山红','430121197607040914','1976-07-04',0,'儿子','农村居民','19760704',0,'9925cb7b-6c48-404b-8ac1-551fb9f9d898','5c042a11-5412-42b7-a113-60fbf27a87bc','8245bdb7-a2d2-4fa2-9ad3-7131fccc7af0','99cfbaf5-1726-4ad2-b673-e56b593c842d','1723c67a-e18e-474f-96c5-8ab204e5028d','18bec559-d5d7-45ec-8655-0b819967bdf5','长沙国际会展中心（测试）',0,0,1,NULL,'','','','','e366657d-6b32-4256-909f-25504cf8718e','',0,'测试',''),('4f2a19c5-1d5d-4a8f-8b52-8f875ad969cf','高唐街道天河区天河1组','易红胜','430121198104231051','1981-04-23',0,'儿子','农村居民',NULL,0,'9925cb7b-6c48-404b-8ac1-551fb9f9d898','5c042a11-5412-42b7-a113-60fbf27a87bc','8245bdb7-a2d2-4fa2-9ad3-7131fccc7af0','99cfbaf5-1726-4ad2-b673-e56b593c842d','ac34bb8b-2345-4d02-ba45-249e29974295','41a83997-ea76-4942-9cec-8325fc6ae8d9','长沙磁浮工程建设项目（测试）',0,0,1,NULL,'','','','','e366657d-6b32-4256-909f-25504cf8718e','',0,'测试',''),('5274f850-51c1-444c-9cc0-a0c7d1a621c7','高唐街道天河区天河1组','黄莎','43012119860522102x','2016-04-06',1,'其他','农村居民',NULL,0,'c2bc2da6-68de-4313-b95c-df122427646c','5c042a11-5412-42b7-a113-60fbf27a87bc','8245bdb7-a2d2-4fa2-9ad3-7131fccc7af0','99cfbaf5-1726-4ad2-b673-e56b593c842d','ac34bb8b-2345-4d02-ba45-249e29974295','5dfc1452-7b65-4024-82f2-674551046752','长沙磁浮工程建设项目（测试）',0,0,1,NULL,'','','','','e366657d-6b32-4256-909f-25504cf8718e','',0,'测试','儿媳'),('55a53a45-ed80-40be-8799-5e06abeb1749','高唐街道天河区天河1组','杜应海','430121195001201737','1950-01-20',0,'户主','农村居民',NULL,0,'80e5053e-33af-45de-889c-6addb6744d98','5c042a11-5412-42b7-a113-60fbf27a87bc','8245bdb7-a2d2-4fa2-9ad3-7131fccc7af0','99cfbaf5-1726-4ad2-b673-e56b593c842d','ac34bb8b-2345-4d02-ba45-249e29974295','3f347e24-9772-409c-b253-0d0274f6bcf0','长沙磁浮工程建设项目（测试）',0,0,1,NULL,'','','','','e366657d-6b32-4256-909f-25504cf8718e','',0,'测试',''),('55caa4fa-b51e-4e92-a7b3-8530343b09b6','安沙镇','马国强','43012119400808791x','1940-08-08',0,'户主','农村居民',NULL,0,'80e5053e-33af-45de-889c-6addb6744d98','5c042a11-5412-42b7-a113-60fbf27a87bc',NULL,NULL,'fa66a5e5-f12a-4523-bc7b-b2590b889f16','e9cc6e6d-2cbb-4b72-9d1d-12163c313a91','万家丽北路安沙联络线建设项目 （安沙物流大道）',0,0,0,NULL,'','','','',NULL,'',0,'',''),('5bf9adff-5e33-49f3-851a-d511c5458f39','安沙镇水塘垸村','马振兴','430121193508017534','1935-08-01',0,'丈夫','农村居民',NULL,0,'ffb1e066-c7cc-4e68-aced-63732acbce7c','5c042a11-5412-42b7-a113-60fbf27a87bc',NULL,NULL,'fa66a5e5-f12a-4523-bc7b-b2590b889f16','aad2de15-28d9-4cf2-af1b-7e2dcf4a48b2','万家丽北路安沙联络线建设项目 （安沙物流大道）',0,0,0,NULL,'','','','',NULL,'',0,'',''),('5f5f65fd-58b7-491c-b101-b36538e54137','高唐街道天河区天河1组','刘某某','430121199102249898','1950-02-08',0,'其他','农村居民',NULL,0,'c2bc2da6-68de-4313-b95c-df122427646c','5c042a11-5412-42b7-a113-60fbf27a87bc','8245bdb7-a2d2-4fa2-9ad3-7131fccc7af0','99cfbaf5-1726-4ad2-b673-e56b593c842d','26ad7fc6-5756-40f1-b8b4-eb9cf08f5ded','8704caff-95cc-4081-a793-cb9844ee8dda','测试项目',0,0,1,NULL,'','','','','e366657d-6b32-4256-909f-25504cf8718e','',0,'','父亲'),('601ba48d-c30f-40df-95bd-2461c54d12c9','null-null-null','苏秋英','430121196208247921','1962-08-24',1,'妻','农村居民',NULL,0,NULL,NULL,NULL,NULL,'8567a491-7eba-4e9a-a72b-9b0e72271549','d0116caa-8040-4ec8-b25f-71bf7e466cbd','地铁轨道交通3号线龙角站',0,0,1,NULL,NULL,NULL,NULL,NULL,NULL,NULL,0,NULL,NULL),('61030b3d-d75a-4fd8-8858-dc18102d05b2','高唐街道天河区天河1组','黄权','430121199703291018','1997-03-29',0,'其他','农村居民','19970329',0,'c2bc2da6-68de-4313-b95c-df122427646c','5c042a11-5412-42b7-a113-60fbf27a87bc','8245bdb7-a2d2-4fa2-9ad3-7131fccc7af0','99cfbaf5-1726-4ad2-b673-e56b593c842d','ac34bb8b-2345-4d02-ba45-249e29974295','633bd723-c917-4299-982f-7d6e29df995a','长沙磁浮工程建设项目（测试）',0,0,1,NULL,'','','','','e366657d-6b32-4256-909f-25504cf8718e','',0,'测试','孙子'),('64fb4522-e32b-405a-8489-7165be514d5a','null-null-null','范梓言','430121201009290162','2010-09-29',1,'女','农村居民',NULL,0,NULL,NULL,NULL,NULL,'8567a491-7eba-4e9a-a72b-9b0e72271549','d508cab1-ff36-4504-bd22-cbe73dc0fb91','地铁轨道交通3号线龙角站',0,0,1,NULL,NULL,NULL,NULL,NULL,NULL,NULL,0,NULL,NULL),('67d34b72-4ce5-4bf3-a25a-9f5ae8f8d5bd','null-null-null','金玉珍','430121194610087920','1946-10-08',1,'妻','农村居民',NULL,0,NULL,NULL,NULL,NULL,'56bd5a4b-7912-4992-a981-f0eab1ea2f17','17159817-2e7c-4fbc-8f53-17686c4d7775','会展酒店',0,0,1,NULL,NULL,NULL,NULL,NULL,NULL,NULL,0,NULL,NULL),('682494d1-2205-40b4-a58a-6c280b68e265','高唐街道天河区天河1组','黄冬其','430121194911020922','1949-11-02',1,'其他','农村居民',NULL,0,'c2bc2da6-68de-4313-b95c-df122427646c','5c042a11-5412-42b7-a113-60fbf27a87bc','8245bdb7-a2d2-4fa2-9ad3-7131fccc7af0','99cfbaf5-1726-4ad2-b673-e56b593c842d','1723c67a-e18e-474f-96c5-8ab204e5028d','bfeb74f4-dba3-41e1-aa6d-43e2c7e6d9b7','长沙国际会展中心（测试）',0,0,1,NULL,'','','','','e366657d-6b32-4256-909f-25504cf8718e','',0,'测试','母亲'),('6ad1760b-aff5-4832-943b-79f4b44bb95e','高唐街道天河区天河1组','罗硕英','43012120021125104x','2002-11-25',1,'女儿','农村居民','20021125',0,'cff067b6-b6a2-4918-b80c-e774242f5a84','5c042a11-5412-42b7-a113-60fbf27a87bc','8245bdb7-a2d2-4fa2-9ad3-7131fccc7af0','99cfbaf5-1726-4ad2-b673-e56b593c842d','1723c67a-e18e-474f-96c5-8ab204e5028d','bfeb74f4-dba3-41e1-aa6d-43e2c7e6d9b7','长沙国际会展中心（测试）',0,0,1,NULL,'','','','','e366657d-6b32-4256-909f-25504cf8718e','',0,'测试',''),('6b63c4d9-7a06-43f3-97b1-4ab0179f8f1f','安沙镇','冯嘉昕','430121199606217318','1996-06-21',0,'其他','农村居民',NULL,0,'c2bc2da6-68de-4313-b95c-df122427646c','5c042a11-5412-42b7-a113-60fbf27a87bc',NULL,NULL,'fa66a5e5-f12a-4523-bc7b-b2590b889f16','e9cc6e6d-2cbb-4b72-9d1d-12163c313a91','万家丽北路安沙联络线建设项目 （安沙物流大道）',0,0,0,NULL,'','','','',NULL,'',0,'','外孙子'),('6ceb4840-f90c-4eac-8308-be0432225f6b','高唐街道天河区天河1组','杨丽','433130198405105920','1984-05-10',1,'其他','农村居民',NULL,0,'c2bc2da6-68de-4313-b95c-df122427646c','5c042a11-5412-42b7-a113-60fbf27a87bc','8245bdb7-a2d2-4fa2-9ad3-7131fccc7af0','99cfbaf5-1726-4ad2-b673-e56b593c842d','8a0467f1-59b9-415f-83d4-b7c399abf71a','b540e267-dd39-4dcf-90e2-0661ad536e37','长沙县长沙师范学校第二校区建设项目（测试',0,0,1,NULL,'','','','','e366657d-6b32-4256-909f-25504cf8718e','',0,'测试','儿媳'),('72f36efb-b085-4b5a-afdb-e04f7bc22f20','安沙镇水塘垸村','曹寿珍','430121194404217923','1944-04-21',1,'户主','农村居民',NULL,0,'80e5053e-33af-45de-889c-6addb6744d98','5c042a11-5412-42b7-a113-60fbf27a87bc',NULL,NULL,'fa66a5e5-f12a-4523-bc7b-b2590b889f16','aad2de15-28d9-4cf2-af1b-7e2dcf4a48b2','万家丽北路安沙联络线建设项目 （安沙物流大道）',0,0,0,NULL,'','','','',NULL,'',0,'',''),('735ff72c-c603-4350-a8bc-55336707e6cb','高唐街道青牛区青牛1组','李晓春','430121196801087922','1968-01-08',1,'妻子','农村居民',NULL,1,'1d159ab7-6074-4d53-bcb9-d41c82b1bfe6','5c042a11-5412-42b7-a113-60fbf27a87bc','8245bdb7-a2d2-4fa2-9ad3-7131fccc7af0','bfc33a0c-eb36-4867-9def-94528daed7a9','8a0467f1-59b9-415f-83d4-b7c399abf71a','dbeed52a-12d2-43d1-bb4b-c793dc68fd38','长沙县长沙师范学校第二校区建设项目（测试',0,0,1,NULL,'','','','','190e791d-05ec-4f01-b0cd-76f3418f0dc6','',0,'测试',''),('783c94b1-1555-40f2-83e6-4057a9fa6c51','高唐街道天河区天河1组','罗仕平','430121197301160913','1973-01-16',0,'儿子','农村居民',NULL,0,'9925cb7b-6c48-404b-8ac1-551fb9f9d898','5c042a11-5412-42b7-a113-60fbf27a87bc','8245bdb7-a2d2-4fa2-9ad3-7131fccc7af0','99cfbaf5-1726-4ad2-b673-e56b593c842d','1723c67a-e18e-474f-96c5-8ab204e5028d','95f91940-f060-4af2-aedd-363dd03ee650','长沙国际会展中心（测试）',0,0,1,NULL,'','','','','e366657d-6b32-4256-909f-25504cf8718e','',0,'测试',''),('791d4a50-116f-40b1-8f35-c1e9cfa23d90','高唐街道天河区天河1组','张三','43012119800606451x','1980-06-06',0,'其他','城镇居民',NULL,0,'c2bc2da6-68de-4313-b95c-df122427646c','5de52884-3807-4f8b-8237-1f2f45e88ed6','8245bdb7-a2d2-4fa2-9ad3-7131fccc7af0','99cfbaf5-1726-4ad2-b673-e56b593c842d','26ad7fc6-5756-40f1-b8b4-eb9cf08f5ded','8704caff-95cc-4081-a793-cb9844ee8dda','测试项目',0,0,1,NULL,'','','','','e366657d-6b32-4256-909f-25504cf8718e','',0,'','非亲属'),('79835ad6-4e39-415d-b3b7-8685d297bc45','高唐街道天河区天河1组','罗德良','430121195208071749','1952-08-07',1,'妻子','农村居民',NULL,0,'1d159ab7-6074-4d53-bcb9-d41c82b1bfe6','5c042a11-5412-42b7-a113-60fbf27a87bc','8245bdb7-a2d2-4fa2-9ad3-7131fccc7af0','99cfbaf5-1726-4ad2-b673-e56b593c842d','ac34bb8b-2345-4d02-ba45-249e29974295','3f347e24-9772-409c-b253-0d0274f6bcf0','长沙磁浮工程建设项目（测试）',0,0,1,NULL,'','','','','e366657d-6b32-4256-909f-25504cf8718e','',0,'测试',''),('798d2f90-a314-47bd-a885-1c343d59f7b5','高唐街道天河区天河1组','易应华','430121195109190910','1951-09-19',0,'户主','农村居民',NULL,0,'80e5053e-33af-45de-889c-6addb6744d98','5c042a11-5412-42b7-a113-60fbf27a87bc','8245bdb7-a2d2-4fa2-9ad3-7131fccc7af0','99cfbaf5-1726-4ad2-b673-e56b593c842d','ac34bb8b-2345-4d02-ba45-249e29974295','41a83997-ea76-4942-9cec-8325fc6ae8d9','长沙磁浮工程建设项目（测试）',0,0,1,NULL,'','','','','e366657d-6b32-4256-909f-25504cf8718e','',0,'测试',''),('7ab27225-e5e2-4ca8-90a9-391450822044','null-null-null','李寿双','430121193909118117','1935-08-17',0,'户主','农村居民',NULL,0,'80e5053e-33af-45de-889c-6addb6744d98',NULL,NULL,NULL,'f5467299-d642-4219-bcb7-df67f8098850','00a66684-c9d4-4a44-9bc0-6db4786c650a','星沙联络线',0,0,1,NULL,NULL,NULL,NULL,NULL,NULL,NULL,0,NULL,NULL),('7dec0059-0ab2-4bff-b504-5571cef64557','高唐街道天河区天河1组','黄大明','430121193902150915','1939-02-15',0,'户主','农村居民',NULL,0,'80e5053e-33af-45de-889c-6addb6744d98','5c042a11-5412-42b7-a113-60fbf27a87bc','8245bdb7-a2d2-4fa2-9ad3-7131fccc7af0','99cfbaf5-1726-4ad2-b673-e56b593c842d','ac34bb8b-2345-4d02-ba45-249e29974295','633bd723-c917-4299-982f-7d6e29df995a','长沙磁浮工程建设项目（测试）',0,0,1,NULL,'','','','','e366657d-6b32-4256-909f-25504cf8718e','',0,'测试',''),('84a97578-28ce-468f-9c64-3c4ab56e6fad','大阪街道雨花区雨花组','孙海涛','430121194608089716','1946-08-08',0,'丈夫','城镇居民',NULL,1,'ffb1e066-c7cc-4e68-aced-63732acbce7c','5de52884-3807-4f8b-8237-1f2f45e88ed6','c5cb0d60-9774-44d9-b931-11089e8b807e','898968cc-3731-4950-b443-92f193619b6a','8a0467f1-59b9-415f-83d4-b7c399abf71a','667cc70e-5b92-46e3-b0c1-7fc59f3e674e','长沙县长沙师范学校第二校区建设项目（测试',0,0,1,NULL,'','','','','34661b92-94d0-4233-ba6a-4d8033721f0a','',0,'',''),('85fe9128-c6ab-447d-beb4-1129e929a405','大阪街道雨花区雨花组','马志怀','430121197005177913','1970-05-17',0,'户主','农村居民',NULL,0,'80e5053e-33af-45de-889c-6addb6744d98','5c042a11-5412-42b7-a113-60fbf27a87bc','c5cb0d60-9774-44d9-b931-11089e8b807e','898968cc-3731-4950-b443-92f193619b6a','8a0467f1-59b9-415f-83d4-b7c399abf71a','13244e31-f1a1-45d6-951b-0b5ec88ac9b9','长沙县长沙师范学校第二校区建设项目（测试',0,0,1,NULL,'','','','','34661b92-94d0-4233-ba6a-4d8033721f0a','',0,'测试',''),('8a464770-7d8a-482c-98e2-e4a6a6e4c79e','高唐街道天河区天河1组','王秀球','430121194511140925','1945-11-14',1,'妻子','农村居民',NULL,0,'1d159ab7-6074-4d53-bcb9-d41c82b1bfe6','5c042a11-5412-42b7-a113-60fbf27a87bc','8245bdb7-a2d2-4fa2-9ad3-7131fccc7af0','99cfbaf5-1726-4ad2-b673-e56b593c842d','ac34bb8b-2345-4d02-ba45-249e29974295','633bd723-c917-4299-982f-7d6e29df995a','长沙磁浮工程建设项目（测试）',0,0,1,NULL,'','','','','e366657d-6b32-4256-909f-25504cf8718e','',0,'测试',''),('8aa1d3fd-9f07-4fc2-bf66-9032ac9a3fab','大阪街道雨花区雨花组','马秀云','430121194910147921','1949-10-14',1,'户主','农村居民',NULL,0,'80e5053e-33af-45de-889c-6addb6744d98','5c042a11-5412-42b7-a113-60fbf27a87bc','c5cb0d60-9774-44d9-b931-11089e8b807e','898968cc-3731-4950-b443-92f193619b6a','8a0467f1-59b9-415f-83d4-b7c399abf71a','667cc70e-5b92-46e3-b0c1-7fc59f3e674e','长沙县长沙师范学校第二校区建设项目（测试',0,0,1,NULL,'','','','','34661b92-94d0-4233-ba6a-4d8033721f0a','',0,'测试',''),('8ec9bd9f-738b-4c3a-940a-55fbb7526d08','高唐街道天河区天河1组','杜勇','430121197207191713','1972-07-19',0,'儿子','农村居民','19720719',0,'9925cb7b-6c48-404b-8ac1-551fb9f9d898','5c042a11-5412-42b7-a113-60fbf27a87bc','8245bdb7-a2d2-4fa2-9ad3-7131fccc7af0','99cfbaf5-1726-4ad2-b673-e56b593c842d','1723c67a-e18e-474f-96c5-8ab204e5028d','a8785ecf-1666-4c7a-adda-c7b9ce31ecdd','长沙国际会展中心（测试）',0,0,1,NULL,'','','','','e366657d-6b32-4256-909f-25504cf8718e','',0,'测试',''),('8fd0c0da-fc81-4992-b060-3f338591ceb5','高唐街道天河区天河1组','柳运芝','430121195608147968','1956-08-14',1,'妻子','农村居民',NULL,0,'1d159ab7-6074-4d53-bcb9-d41c82b1bfe6','5c042a11-5412-42b7-a113-60fbf27a87bc','8245bdb7-a2d2-4fa2-9ad3-7131fccc7af0','99cfbaf5-1726-4ad2-b673-e56b593c842d','8a0467f1-59b9-415f-83d4-b7c399abf71a','b540e267-dd39-4dcf-90e2-0661ad536e37','长沙县长沙师范学校第二校区建设项目（测试',0,0,1,NULL,'','','','','e366657d-6b32-4256-909f-25504cf8718e','',0,'测试',''),('91225806-c195-46ce-9fc9-397a2b55ff80','null-null-null','测试独生子女','110108199905220036','1999-05-22',1,'女儿','农村居民','123456789',1,'cff067b6-b6a2-4918-b80c-e774242f5a84','5c042a11-5412-42b7-a113-60fbf27a87bc',NULL,NULL,'f5467299-d642-4219-bcb7-df67f8098850','00a66684-c9d4-4a44-9bc0-6db4786c650a','星沙联络线',0,0,1,NULL,'','','','',NULL,'',0,'',''),('92ccecbc-e4f1-47eb-b04b-88012210dcca','高唐街道天河区天河1组','杜钰莹','43012120000106182x','2000-01-06',1,'其他','农村居民',NULL,0,'c2bc2da6-68de-4313-b95c-df122427646c','5c042a11-5412-42b7-a113-60fbf27a87bc','8245bdb7-a2d2-4fa2-9ad3-7131fccc7af0','99cfbaf5-1726-4ad2-b673-e56b593c842d','ac34bb8b-2345-4d02-ba45-249e29974295','3f347e24-9772-409c-b253-0d0274f6bcf0','长沙磁浮工程建设项目（测试）',0,0,1,NULL,'','','','','e366657d-6b32-4256-909f-25504cf8718e','',0,'测试','孙女'),('961f6544-3a17-4916-9cc2-c48c86ebf515','高唐街道天河区天河1组','周文虎','430121197611030938','1976-11-03',0,'儿子','农村居民',NULL,0,'9925cb7b-6c48-404b-8ac1-551fb9f9d898','5c042a11-5412-42b7-a113-60fbf27a87bc','8245bdb7-a2d2-4fa2-9ad3-7131fccc7af0','99cfbaf5-1726-4ad2-b673-e56b593c842d','1723c67a-e18e-474f-96c5-8ab204e5028d','3ad39487-9b11-4b46-b9a7-779b21b87697','长沙国际会展中心（测试）',0,0,1,NULL,'','','','','e366657d-6b32-4256-909f-25504cf8718e','',0,'测试',''),('97866e64-5f50-4b8d-9b14-a12215e060c6','null-null-null','柳芳','430121198112077947','1981-12-07',1,'女','农村居民',NULL,0,NULL,NULL,NULL,NULL,'6d346059-ccd6-44b5-94c6-0d32399fe3e9','42628edd-5b35-477b-92f8-cce2e3627729','长沙黄花机场飞行区东扩工程',0,0,1,NULL,NULL,NULL,NULL,NULL,NULL,NULL,0,NULL,NULL),('98190b8c-1a0f-4df2-9f45-38e6af2671a9','高唐街道天河区天河1组','周友能','430121194905130930','1949-05-13',0,'户主','农村居民',NULL,0,'80e5053e-33af-45de-889c-6addb6744d98','5c042a11-5412-42b7-a113-60fbf27a87bc','8245bdb7-a2d2-4fa2-9ad3-7131fccc7af0','99cfbaf5-1726-4ad2-b673-e56b593c842d','1723c67a-e18e-474f-96c5-8ab204e5028d','3ad39487-9b11-4b46-b9a7-779b21b87697','长沙国际会展中心（测试）',0,0,1,NULL,'','','','','e366657d-6b32-4256-909f-25504cf8718e','',0,'测试',''),('9a6e8a6e-92a8-418a-a6c8-44e3d17f561a','null-null-null','周晓','430121198611097926','1986-11-09',1,'女','农村居民',NULL,0,NULL,NULL,NULL,NULL,'8567a491-7eba-4e9a-a72b-9b0e72271549','d508cab1-ff36-4504-bd22-cbe73dc0fb91','地铁轨道交通3号线龙角站',0,0,1,NULL,NULL,NULL,NULL,NULL,NULL,NULL,0,NULL,NULL),('9a9e6496-409c-43ab-bcca-71247f9743cc','高唐街道天河区天河1组','张语林','430181198201020041','1982-01-02',1,'其他','农村居民',NULL,1,'c2bc2da6-68de-4313-b95c-df122427646c','5c042a11-5412-42b7-a113-60fbf27a87bc','8245bdb7-a2d2-4fa2-9ad3-7131fccc7af0','99cfbaf5-1726-4ad2-b673-e56b593c842d','ac34bb8b-2345-4d02-ba45-249e29974295','41a83997-ea76-4942-9cec-8325fc6ae8d9','长沙磁浮工程建设项目（测试）',0,0,1,NULL,'','','','','e366657d-6b32-4256-909f-25504cf8718e','',0,'测试','儿媳'),('a1110eb6-377e-4c13-a30f-03055687f05a','null-null-null','易淑华','43012119360228812X','1936-02-28',1,'妻','农村居民',NULL,0,NULL,NULL,NULL,NULL,'f5467299-d642-4219-bcb7-df67f8098850','4fda310e-9ab5-4e0f-a9de-cd71aa43df97','星沙联络线',0,0,1,NULL,NULL,NULL,NULL,NULL,NULL,NULL,0,NULL,NULL),('a5c0b0bf-be00-4591-a629-080a9418ef33','null-null-null','杨美珍','43012119361121814X','1936-11-22',1,'妻子','农村居民',NULL,0,'1d159ab7-6074-4d53-bcb9-d41c82b1bfe6',NULL,NULL,NULL,'f5467299-d642-4219-bcb7-df67f8098850','f7ab5823-98f0-4a3b-ae1a-93c203c47231','星沙联络线',0,0,1,NULL,'初中',NULL,NULL,NULL,NULL,NULL,0,NULL,NULL),('a5c1eb27-17ed-4c95-bdd3-4baa8430fb66','大阪街道大唐区大唐组','马沁沁','430121200108227324','2001-08-22',1,'女儿','农村居民',NULL,0,'cff067b6-b6a2-4918-b80c-e774242f5a84','5c042a11-5412-42b7-a113-60fbf27a87bc','c5cb0d60-9774-44d9-b931-11089e8b807e','73f66480-62ee-4351-8a2c-254f8020ba52','8a0467f1-59b9-415f-83d4-b7c399abf71a','7ee7383b-d5a1-444f-a909-f969d8094cf6','长沙县长沙师范学校第二校区建设项目（测试',0,0,1,NULL,'','','','','d4679004-55c2-4cb1-a657-b10a7f45903e','',0,'测试',''),('a9352a19-2858-437a-87d7-4e75bdf78f7b','高唐街道天河区天河1组','吴淑清','43012119450820094x','1945-08-20',1,'妻子','农村居民',NULL,0,'1d159ab7-6074-4d53-bcb9-d41c82b1bfe6','5c042a11-5412-42b7-a113-60fbf27a87bc','8245bdb7-a2d2-4fa2-9ad3-7131fccc7af0','99cfbaf5-1726-4ad2-b673-e56b593c842d','1723c67a-e18e-474f-96c5-8ab204e5028d','95f91940-f060-4af2-aedd-363dd03ee650','长沙国际会展中心（测试）',0,0,1,NULL,'','','','','e366657d-6b32-4256-909f-25504cf8718e','',0,'测试',''),('aa685d13-6c22-4023-af07-930407a1ccc2','null-null-null','杨建武','430121195110288114','1951-10-28',0,'户主','农村居民',NULL,0,'80e5053e-33af-45de-889c-6addb6744d98',NULL,NULL,NULL,'6d346059-ccd6-44b5-94c6-0d32399fe3e9','3cba1e4f-27d4-40a2-b557-a5fdb6c05332','长沙黄花机场飞行区东扩工程',0,0,1,NULL,NULL,NULL,NULL,NULL,NULL,NULL,0,NULL,NULL),('abd8a11f-1a14-45d2-a84d-1e8cdfbabd11','高唐街道天河区天河1组','杜钰杰','430121200409291813','2004-09-29',0,'其他','农村居民',NULL,0,'c2bc2da6-68de-4313-b95c-df122427646c','5c042a11-5412-42b7-a113-60fbf27a87bc','8245bdb7-a2d2-4fa2-9ad3-7131fccc7af0','99cfbaf5-1726-4ad2-b673-e56b593c842d','ac34bb8b-2345-4d02-ba45-249e29974295','3f347e24-9772-409c-b253-0d0274f6bcf0','长沙磁浮工程建设项目（测试）',0,0,1,NULL,'','','','','e366657d-6b32-4256-909f-25504cf8718e','',0,'测试','孙子'),('ac1b50df-1327-4253-b6fb-f6d32981efc5','高唐街道天河区天河1组','柳文俊','430121199012042012','1990-12-04',0,'儿子','农村居民',NULL,0,'9925cb7b-6c48-404b-8ac1-551fb9f9d898','5c042a11-5412-42b7-a113-60fbf27a87bc','8245bdb7-a2d2-4fa2-9ad3-7131fccc7af0','99cfbaf5-1726-4ad2-b673-e56b593c842d','ac34bb8b-2345-4d02-ba45-249e29974295','32fe2c9b-72ca-4287-9b33-bc123b82bd0c','长沙磁浮工程建设项目（测试）',0,0,1,NULL,'','','','','e366657d-6b32-4256-909f-25504cf8718e','',0,'测试',''),('ac59df34-0351-429f-a041-7200ed5d1c01','null-null-null','周泽栋','430121201206180077','2012-06-18',0,'孙子','农村居民',NULL,0,NULL,NULL,NULL,NULL,'6d346059-ccd6-44b5-94c6-0d32399fe3e9','2e6e079c-5ccf-4e93-8965-90725e5f184a','长沙黄花机场飞行区东扩工程',0,0,1,NULL,NULL,NULL,NULL,NULL,NULL,NULL,0,NULL,NULL),('b05ec6e9-b401-4c9f-876b-7c08fa90840a','高唐街道天河区天河1组','苏照','430121198605191019','1986-05-19',0,'儿子','农村居民',NULL,0,'9925cb7b-6c48-404b-8ac1-551fb9f9d898','5c042a11-5412-42b7-a113-60fbf27a87bc','8245bdb7-a2d2-4fa2-9ad3-7131fccc7af0','99cfbaf5-1726-4ad2-b673-e56b593c842d','ac34bb8b-2345-4d02-ba45-249e29974295','5dfc1452-7b65-4024-82f2-674551046752','长沙磁浮工程建设项目（测试）',0,0,1,NULL,'','','','','e366657d-6b32-4256-909f-25504cf8718e','',0,'测试',''),('b1642d83-6f21-45a8-b8fc-e28d2eb4c90a','大阪街道雨花区雨花组','孙利红','430121197205227911','1972-05-22',0,'儿子','农村居民',NULL,0,'9925cb7b-6c48-404b-8ac1-551fb9f9d898','5c042a11-5412-42b7-a113-60fbf27a87bc','c5cb0d60-9774-44d9-b931-11089e8b807e','898968cc-3731-4950-b443-92f193619b6a','8a0467f1-59b9-415f-83d4-b7c399abf71a','667cc70e-5b92-46e3-b0c1-7fc59f3e674e','长沙县长沙师范学校第二校区建设项目（测试',0,0,1,NULL,'','','','','34661b92-94d0-4233-ba6a-4d8033721f0a','',0,'测试',''),('b58aec82-b714-4011-b5ad-628d64ecc2cd','null-null-null','郭兰英','430121194301027924','1943-01-02',1,'妻','农村居民',NULL,0,NULL,NULL,NULL,NULL,'56bd5a4b-7912-4992-a981-f0eab1ea2f17','360a26f7-7be7-4a64-a852-23903d38beb3','会展酒店',0,0,1,NULL,NULL,NULL,NULL,NULL,NULL,NULL,0,NULL,NULL),('b7da6f5b-1a8d-4db7-b1f2-71c3dc8b7d35','高唐街道天河区天河1组','马一平','430121198211217335','1982-11-21',0,'儿子','农村居民',NULL,0,'9925cb7b-6c48-404b-8ac1-551fb9f9d898','5c042a11-5412-42b7-a113-60fbf27a87bc','8245bdb7-a2d2-4fa2-9ad3-7131fccc7af0','99cfbaf5-1726-4ad2-b673-e56b593c842d','8a0467f1-59b9-415f-83d4-b7c399abf71a','b540e267-dd39-4dcf-90e2-0661ad536e37','长沙县长沙师范学校第二校区建设项目（测试',0,0,1,NULL,'','','','','e366657d-6b32-4256-909f-25504cf8718e','',0,'测试',''),('bc132996-af89-4602-87af-969d9a4404ec','高唐街道天河区天河1组','廖开明','430121194901231726','1949-01-23',1,'妻子','农村居民',NULL,1,'1d159ab7-6074-4d53-bcb9-d41c82b1bfe6','5c042a11-5412-42b7-a113-60fbf27a87bc','8245bdb7-a2d2-4fa2-9ad3-7131fccc7af0','99cfbaf5-1726-4ad2-b673-e56b593c842d','1723c67a-e18e-474f-96c5-8ab204e5028d','a8785ecf-1666-4c7a-adda-c7b9ce31ecdd','长沙国际会展中心（测试）',0,0,1,NULL,'','','','','e366657d-6b32-4256-909f-25504cf8718e','',0,'测试',''),('c2040e06-700f-4764-9aad-96e5c1b3eb73','高唐街道天河区天河1组','陈良','43012119770808094x','1977-08-08',1,'户主','农村居民',NULL,0,'80e5053e-33af-45de-889c-6addb6744d98','5c042a11-5412-42b7-a113-60fbf27a87bc','8245bdb7-a2d2-4fa2-9ad3-7131fccc7af0','99cfbaf5-1726-4ad2-b673-e56b593c842d','1723c67a-e18e-474f-96c5-8ab204e5028d','bfeb74f4-dba3-41e1-aa6d-43e2c7e6d9b7','长沙国际会展中心（测试）',0,0,1,NULL,'','','','','e366657d-6b32-4256-909f-25504cf8718e','',0,'测试',''),('c70c446e-2829-4815-ae43-f371033d1015','null-null-null','李桂恒','430121194908188118','1949-08-18',0,'户主','农村居民',NULL,0,'80e5053e-33af-45de-889c-6addb6744d98',NULL,NULL,NULL,'56bd5a4b-7912-4992-a981-f0eab1ea2f17','360a26f7-7be7-4a64-a852-23903d38beb3','会展酒店',0,0,1,NULL,NULL,NULL,NULL,NULL,NULL,NULL,0,NULL,NULL),('c715c0ed-5f32-438b-8ee2-676c2f5267c5','高唐街道天河区天河1组','小东','55112','2016-03-10',1,'儿子','农村居民',NULL,0,'9925cb7b-6c48-404b-8ac1-551fb9f9d898','5c042a11-5412-42b7-a113-60fbf27a87bc','8245bdb7-a2d2-4fa2-9ad3-7131fccc7af0','99cfbaf5-1726-4ad2-b673-e56b593c842d','26ad7fc6-5756-40f1-b8b4-eb9cf08f5ded','8704caff-95cc-4081-a793-cb9844ee8dda','测试项目',0,0,1,NULL,'','','','','e366657d-6b32-4256-909f-25504cf8718e','',0,'',''),('c8c4628f-731e-4a60-954f-ab4c7999371b','null-null-null','易运莲','430121105204188122','1984-06-07',1,'妻','农村居民',NULL,0,NULL,NULL,NULL,NULL,'56bd5a4b-7912-4992-a981-f0eab1ea2f17','ce841aec-9ce3-4727-9573-283e6671db6c','会展酒店',0,0,1,NULL,NULL,NULL,NULL,NULL,NULL,NULL,0,NULL,NULL),('cb4eeed7-b2c9-415d-97c7-f7da79d0b91b','高唐街道天河区天河1组','苏艳辉','43012119540618092x','1954-06-18',1,'妻子','农村居民',NULL,0,'1d159ab7-6074-4d53-bcb9-d41c82b1bfe6','5c042a11-5412-42b7-a113-60fbf27a87bc','8245bdb7-a2d2-4fa2-9ad3-7131fccc7af0','99cfbaf5-1726-4ad2-b673-e56b593c842d','ac34bb8b-2345-4d02-ba45-249e29974295','41a83997-ea76-4942-9cec-8325fc6ae8d9','长沙磁浮工程建设项目（测试）',0,0,1,NULL,'','','','','e366657d-6b32-4256-909f-25504cf8718e','',0,'测试',''),('cd904361-c30e-4b83-90a0-c4bb2850a143','高唐街道天河区天河1组','李柳','430111198205185020','1982-05-18',1,'其他','农村居民',NULL,0,'c2bc2da6-68de-4313-b95c-df122427646c','5c042a11-5412-42b7-a113-60fbf27a87bc','8245bdb7-a2d2-4fa2-9ad3-7131fccc7af0','99cfbaf5-1726-4ad2-b673-e56b593c842d','1723c67a-e18e-474f-96c5-8ab204e5028d','3ad39487-9b11-4b46-b9a7-779b21b87697','长沙国际会展中心（测试）',0,0,1,NULL,'','','','','e366657d-6b32-4256-909f-25504cf8718e','',0,'测试','儿媳'),('cfe72199-c6bb-497d-b70a-b4d158c048d7','高唐街道天河区天河1组','杜军','430121197210181794','1972-10-18',0,'儿子','农村居民',NULL,0,'9925cb7b-6c48-404b-8ac1-551fb9f9d898','5c042a11-5412-42b7-a113-60fbf27a87bc','8245bdb7-a2d2-4fa2-9ad3-7131fccc7af0','99cfbaf5-1726-4ad2-b673-e56b593c842d','ac34bb8b-2345-4d02-ba45-249e29974295','3f347e24-9772-409c-b253-0d0274f6bcf0','长沙磁浮工程建设项目（测试）',0,0,1,NULL,'','','','','e366657d-6b32-4256-909f-25504cf8718e','',0,'测试',''),('d35704f9-5687-49e6-a57a-569346f7b31b','大阪街道雨花区雨花组','马建红','430121197505010044','1975-05-01',1,'其他','农村居民',NULL,0,'c2bc2da6-68de-4313-b95c-df122427646c','5c042a11-5412-42b7-a113-60fbf27a87bc','c5cb0d60-9774-44d9-b931-11089e8b807e','898968cc-3731-4950-b443-92f193619b6a','8a0467f1-59b9-415f-83d4-b7c399abf71a','667cc70e-5b92-46e3-b0c1-7fc59f3e674e','长沙县长沙师范学校第二校区建设项目（测试',0,0,1,NULL,'','','','','34661b92-94d0-4233-ba6a-4d8033721f0a','',0,'测试','儿媳'),('d764d021-ec2b-452d-88ab-0a77d14f8cdb','大阪街道雨花区雨花组','孙思浩','430121200902280237','2009-02-28',0,'其他','农村居民','20090228',0,'c2bc2da6-68de-4313-b95c-df122427646c','5c042a11-5412-42b7-a113-60fbf27a87bc','c5cb0d60-9774-44d9-b931-11089e8b807e','898968cc-3731-4950-b443-92f193619b6a','8a0467f1-59b9-415f-83d4-b7c399abf71a','667cc70e-5b92-46e3-b0c1-7fc59f3e674e','长沙县长沙师范学校第二校区建设项目（测试',0,0,1,NULL,'','','','','34661b92-94d0-4233-ba6a-4d8033721f0a','',0,'测试','孙子'),('d8cb4042-6ef5-4cfb-8551-bca0596cefae','null-null-null','王展','430121199104207320','1991-04-20',1,'女','农村居民',NULL,0,NULL,NULL,NULL,NULL,'8567a491-7eba-4e9a-a72b-9b0e72271549','d0116caa-8040-4ec8-b25f-71bf7e466cbd','地铁轨道交通3号线龙角站',0,0,1,NULL,NULL,NULL,NULL,NULL,NULL,NULL,0,NULL,NULL),('d92dd950-4bee-41cc-a31d-972627d3f56e','大阪街道大唐区大唐组','马松武','430121197003167914','1970-03-16',0,'户主','农村居民',NULL,0,'80e5053e-33af-45de-889c-6addb6744d98','5c042a11-5412-42b7-a113-60fbf27a87bc','c5cb0d60-9774-44d9-b931-11089e8b807e','73f66480-62ee-4351-8a2c-254f8020ba52','8a0467f1-59b9-415f-83d4-b7c399abf71a','7ee7383b-d5a1-444f-a909-f969d8094cf6','长沙县长沙师范学校第二校区建设项目（测试',0,0,1,NULL,'','','','','d4679004-55c2-4cb1-a657-b10a7f45903e','',0,'测试',''),('d9afa19a-2250-4cf7-ba5a-0c83f3a79270','高唐街道天河区天河1组','方桂君','430121197308100921','1973-08-10',1,'其他','农村居民',NULL,0,'c2bc2da6-68de-4313-b95c-df122427646c','5c042a11-5412-42b7-a113-60fbf27a87bc','8245bdb7-a2d2-4fa2-9ad3-7131fccc7af0','99cfbaf5-1726-4ad2-b673-e56b593c842d','ac34bb8b-2345-4d02-ba45-249e29974295','633bd723-c917-4299-982f-7d6e29df995a','长沙磁浮工程建设项目（测试）',0,0,1,NULL,'','','','','e366657d-6b32-4256-909f-25504cf8718e','',0,'测试','儿媳'),('db74abda-449c-4d2b-a8f5-9bd4aca1229b','高唐街道天河区天河1组','杜金明','43012119480914091x','1948-09-14',0,'户主','农村居民',NULL,0,'80e5053e-33af-45de-889c-6addb6744d98','5c042a11-5412-42b7-a113-60fbf27a87bc','8245bdb7-a2d2-4fa2-9ad3-7131fccc7af0','99cfbaf5-1726-4ad2-b673-e56b593c842d','1723c67a-e18e-474f-96c5-8ab204e5028d','a8785ecf-1666-4c7a-adda-c7b9ce31ecdd','长沙国际会展中心（测试）',0,0,1,NULL,'','','','','e366657d-6b32-4256-909f-25504cf8718e','',0,'测试',''),('db9f6367-2e58-47c6-b8df-1ada98258aa0','null-null-null','杨映明','430121196203018142','1962-03-01',0,'户主','农村居民',NULL,0,'80e5053e-33af-45de-889c-6addb6744d98',NULL,NULL,NULL,'8567a491-7eba-4e9a-a72b-9b0e72271549','d508cab1-ff36-4504-bd22-cbe73dc0fb91','地铁轨道交通3号线龙角站',0,0,1,NULL,NULL,NULL,NULL,NULL,NULL,NULL,0,NULL,NULL),('dfd4a3eb-859e-45f3-9ac9-8bbc1fd2fbc5','高唐街道天河区天河1组','苏笑笑','430121201412140121','2014-12-14',1,'其他','农村居民','20141214',0,'c2bc2da6-68de-4313-b95c-df122427646c','5c042a11-5412-42b7-a113-60fbf27a87bc','8245bdb7-a2d2-4fa2-9ad3-7131fccc7af0','99cfbaf5-1726-4ad2-b673-e56b593c842d','ac34bb8b-2345-4d02-ba45-249e29974295','5dfc1452-7b65-4024-82f2-674551046752','长沙磁浮工程建设项目（测试）',0,0,1,NULL,'','','','','e366657d-6b32-4256-909f-25504cf8718e','',0,'测试','孙女'),('e3eefe19-28b4-472d-96d6-14694d8cf1d1','大阪街道雨花区雨花组','张三','430121197205118002','2016-03-31',1,'女儿','城镇居民',NULL,1,'cff067b6-b6a2-4918-b80c-e774242f5a84','5de52884-3807-4f8b-8237-1f2f45e88ed6','c5cb0d60-9774-44d9-b931-11089e8b807e','898968cc-3731-4950-b443-92f193619b6a','8a0467f1-59b9-415f-83d4-b7c399abf71a','667cc70e-5b92-46e3-b0c1-7fc59f3e674e','长沙县长沙师范学校第二校区建设项目（测试',0,0,1,NULL,'','','','','34661b92-94d0-4233-ba6a-4d8033721f0a','',0,'',''),('e5253603-88c9-4dbc-827f-eb315a413d87','null-null-null','周末','430121201206180078','1966-08-11',0,'户主','农村居民',NULL,0,'80e5053e-33af-45de-889c-6addb6744d98',NULL,NULL,NULL,'6d346059-ccd6-44b5-94c6-0d32399fe3e9','2e6e079c-5ccf-4e93-8965-90725e5f184a','长沙黄花机场飞行区东扩工程',0,0,1,NULL,NULL,NULL,NULL,NULL,NULL,NULL,0,NULL,NULL),('f193659c-ef0a-4fb6-be63-bd1c4020355e','高唐街道天河区天河1组','马紫鑫','430121201402210042','2014-02-21',1,'其他','农村居民',NULL,0,'c2bc2da6-68de-4313-b95c-df122427646c','5c042a11-5412-42b7-a113-60fbf27a87bc','8245bdb7-a2d2-4fa2-9ad3-7131fccc7af0','99cfbaf5-1726-4ad2-b673-e56b593c842d','8a0467f1-59b9-415f-83d4-b7c399abf71a','b540e267-dd39-4dcf-90e2-0661ad536e37','长沙县长沙师范学校第二校区建设项目（测试',0,0,1,NULL,'','','','','e366657d-6b32-4256-909f-25504cf8718e','',0,'测试','孙女'),('f4267370-8568-4136-bd4e-c864c43c2070','null-null-null','宋倩婷','430121200511077987','2005-11-07',1,'外孙女','农村居民',NULL,0,NULL,NULL,NULL,NULL,'6d346059-ccd6-44b5-94c6-0d32399fe3e9','42628edd-5b35-477b-92f8-cce2e3627729','长沙黄花机场飞行区东扩工程',0,0,1,NULL,NULL,NULL,NULL,NULL,NULL,NULL,0,NULL,NULL),('f499514f-23fb-4fc6-9281-ee2c7774350b','安沙镇','李树元','430121194410077920','1944-10-07',1,'妻子','农村居民',NULL,0,'1d159ab7-6074-4d53-bcb9-d41c82b1bfe6','5c042a11-5412-42b7-a113-60fbf27a87bc',NULL,NULL,'fa66a5e5-f12a-4523-bc7b-b2590b889f16','e9cc6e6d-2cbb-4b72-9d1d-12163c313a91','万家丽北路安沙联络线建设项目 （安沙物流大道）',0,0,0,NULL,'','','','',NULL,'',0,'',''),('f587c74e-1671-4f20-b31a-fd7037eda9cc','高唐街道天河区天河1组','易茁然','430121200909180263','2009-09-18',1,'其他','农村居民','20090918',0,'c2bc2da6-68de-4313-b95c-df122427646c','5c042a11-5412-42b7-a113-60fbf27a87bc','8245bdb7-a2d2-4fa2-9ad3-7131fccc7af0','99cfbaf5-1726-4ad2-b673-e56b593c842d','ac34bb8b-2345-4d02-ba45-249e29974295','41a83997-ea76-4942-9cec-8325fc6ae8d9','长沙磁浮工程建设项目（测试）',0,0,1,NULL,'','','','','e366657d-6b32-4256-909f-25504cf8718e','',0,'测试','孙女'),('f83760fc-6d41-44c3-84c7-96287e9fda60','大阪街道雨花区雨花组','马登科','430121199211177315','1992-11-17',0,'儿子','农村居民','19921117',0,'9925cb7b-6c48-404b-8ac1-551fb9f9d898','5c042a11-5412-42b7-a113-60fbf27a87bc','c5cb0d60-9774-44d9-b931-11089e8b807e','898968cc-3731-4950-b443-92f193619b6a','8a0467f1-59b9-415f-83d4-b7c399abf71a','13244e31-f1a1-45d6-951b-0b5ec88ac9b9','长沙县长沙师范学校第二校区建设项目（测试',0,0,1,NULL,'','','','','34661b92-94d0-4233-ba6a-4d8033721f0a','',0,'测试',''),('f8645281-cb70-47b6-8cbb-859ca6a8c47d','高唐街道天河区天河1组','小明','123025541','2016-03-18',1,'户主','城镇居民','2151',1,'80e5053e-33af-45de-889c-6addb6744d98','5de52884-3807-4f8b-8237-1f2f45e88ed6','8245bdb7-a2d2-4fa2-9ad3-7131fccc7af0','99cfbaf5-1726-4ad2-b673-e56b593c842d','26ad7fc6-5756-40f1-b8b4-eb9cf08f5ded','8704caff-95cc-4081-a793-cb9844ee8dda','测试项目',0,0,1,NULL,'','','','','e366657d-6b32-4256-909f-25504cf8718e','',0,'审批',''),('f8731552-a498-4a97-a44a-df13892e5bda','高唐街道天河区天河1组','苏建兵','430121195610110910','1956-10-11',0,'户主','农村居民',NULL,0,'80e5053e-33af-45de-889c-6addb6744d98','5c042a11-5412-42b7-a113-60fbf27a87bc','8245bdb7-a2d2-4fa2-9ad3-7131fccc7af0','99cfbaf5-1726-4ad2-b673-e56b593c842d','ac34bb8b-2345-4d02-ba45-249e29974295','5dfc1452-7b65-4024-82f2-674551046752','长沙磁浮工程建设项目（测试）',0,0,1,NULL,'','','','','e366657d-6b32-4256-909f-25504cf8718e','',0,'测试',''),('f8f199cd-6196-4436-be20-e1fd193c40c8','高唐街道天河区天河1组','柳建辉','430121195308231711','1953-08-23',0,'户主','农村居民',NULL,0,'80e5053e-33af-45de-889c-6addb6744d98','5c042a11-5412-42b7-a113-60fbf27a87bc','8245bdb7-a2d2-4fa2-9ad3-7131fccc7af0','99cfbaf5-1726-4ad2-b673-e56b593c842d','ac34bb8b-2345-4d02-ba45-249e29974295','32fe2c9b-72ca-4287-9b33-bc123b82bd0c','长沙磁浮工程建设项目（测试）',0,0,1,NULL,'','','','','e366657d-6b32-4256-909f-25504cf8718e','',0,'测试',''),('f8f9b6c5-df88-45d3-9621-5fc0c574feb4','高唐街道天河区天河1组','杜发其','430121195007090927','1950-07-09',0,'户主','农村居民',NULL,0,'80e5053e-33af-45de-889c-6addb6744d98','5c042a11-5412-42b7-a113-60fbf27a87bc','8245bdb7-a2d2-4fa2-9ad3-7131fccc7af0','99cfbaf5-1726-4ad2-b673-e56b593c842d','1723c67a-e18e-474f-96c5-8ab204e5028d','18bec559-d5d7-45ec-8655-0b819967bdf5','长沙国际会展中心（测试）',0,0,1,NULL,'','','','','e366657d-6b32-4256-909f-25504cf8718e','',0,'测试',''),('f969e037-5b74-4df5-ba55-ad943a802eec','高唐街道天河区天河1组','周子怡','430111200309265041','2003-09-26',1,'其他','农村居民',NULL,0,'c2bc2da6-68de-4313-b95c-df122427646c','5c042a11-5412-42b7-a113-60fbf27a87bc','8245bdb7-a2d2-4fa2-9ad3-7131fccc7af0','99cfbaf5-1726-4ad2-b673-e56b593c842d','1723c67a-e18e-474f-96c5-8ab204e5028d','3ad39487-9b11-4b46-b9a7-779b21b87697','长沙国际会展中心（测试）',0,0,1,NULL,'','','','','e366657d-6b32-4256-909f-25504cf8718e','',0,'测试','孙女'),('fb3ed2e1-d279-4768-b379-3e3bdd0b354d','高唐街道天河区天河1组','易恩德','430121195405281729','1954-05-28',1,'妻子','农村居民',NULL,0,'1d159ab7-6074-4d53-bcb9-d41c82b1bfe6','5c042a11-5412-42b7-a113-60fbf27a87bc','8245bdb7-a2d2-4fa2-9ad3-7131fccc7af0','99cfbaf5-1726-4ad2-b673-e56b593c842d','ac34bb8b-2345-4d02-ba45-249e29974295','32fe2c9b-72ca-4287-9b33-bc123b82bd0c','长沙磁浮工程建设项目（测试）',0,0,1,NULL,'','','','','e366657d-6b32-4256-909f-25504cf8718e','',0,'测试',''),('fd2de233-e12b-4321-9e4e-ef18e84e9d31','高唐街道天河区天河1组','师灿英','430121197406291784','1974-06-29',1,'其他','农村居民',NULL,0,'c2bc2da6-68de-4313-b95c-df122427646c','5c042a11-5412-42b7-a113-60fbf27a87bc','8245bdb7-a2d2-4fa2-9ad3-7131fccc7af0','99cfbaf5-1726-4ad2-b673-e56b593c842d','ac34bb8b-2345-4d02-ba45-249e29974295','3f347e24-9772-409c-b253-0d0274f6bcf0','长沙磁浮工程建设项目（测试）',0,0,1,NULL,'','','','','e366657d-6b32-4256-909f-25504cf8718e','',0,'测试','儿媳'),('fedbc10f-d649-4a3d-ae3f-9422475b1bce','高唐街道天河区天河1组','罗子宜','430121201002270062','2010-02-27',1,'其他','农村居民','201000227',0,'c2bc2da6-68de-4313-b95c-df122427646c','5c042a11-5412-42b7-a113-60fbf27a87bc','8245bdb7-a2d2-4fa2-9ad3-7131fccc7af0','99cfbaf5-1726-4ad2-b673-e56b593c842d','1723c67a-e18e-474f-96c5-8ab204e5028d','95f91940-f060-4af2-aedd-363dd03ee650','长沙国际会展中心（测试）',0,0,1,NULL,'','','','','e366657d-6b32-4256-909f-25504cf8718e','',0,'','孙女'),('ff698717-56ce-41bc-b4c1-058219109522','大阪街道大唐区大唐组','梁欣玲','432503197205060825','1972-05-06',1,'妻子','农村居民',NULL,0,'1d159ab7-6074-4d53-bcb9-d41c82b1bfe6','5c042a11-5412-42b7-a113-60fbf27a87bc','c5cb0d60-9774-44d9-b931-11089e8b807e','73f66480-62ee-4351-8a2c-254f8020ba52','8a0467f1-59b9-415f-83d4-b7c399abf71a','7ee7383b-d5a1-444f-a909-f969d8094cf6','长沙县长沙师范学校第二校区建设项目（测试',0,0,1,NULL,'','','','','d4679004-55c2-4cb1-a657-b10a7f45903e','',0,'测试','');

/*Table structure for table `tb_household_type` */

DROP TABLE IF EXISTS `tb_household_type`;

CREATE TABLE `tb_household_type` (
  `id` varchar(70) NOT NULL,
  `type_name` varchar(50) NOT NULL,
  PRIMARY KEY (`id`),
  UNIQUE KEY `type_name` (`type_name`)
) ENGINE=InnoDB DEFAULT CHARSET=utf8;

/*Data for the table `tb_household_type` */

insert  into `tb_household_type`(`id`,`type_name`) values ('5c042a11-5412-42b7-a113-60fbf27a87bc','农村居民'),('5de52884-3807-4f8b-8237-1f2f45e88ed6','城镇居民');

/*Table structure for table `tb_housepurchase_ticket` */

DROP TABLE IF EXISTS `tb_housepurchase_ticket`;

CREATE TABLE `tb_housepurchase_ticket` (
  `id` varchar(70) NOT NULL,
  `bonus` float NOT NULL,
  `make_date` date NOT NULL,
  `ticket_state_id` varchar(70) NOT NULL,
  `ticket_number` varchar(50) NOT NULL,
  `is_del` tinyint(1) NOT NULL,
  `name` varchar(50) NOT NULL,
  `fml_item_id` varchar(70) NOT NULL,
  `id_number` varchar(20) NOT NULL,
  `create_date` date DEFAULT NULL,
  `create_uId` varchar(70) DEFAULT NULL,
  PRIMARY KEY (`id`)
) ENGINE=InnoDB DEFAULT CHARSET=utf8;

/*Data for the table `tb_housepurchase_ticket` */

insert  into `tb_housepurchase_ticket`(`id`,`bonus`,`make_date`,`ticket_state_id`,`ticket_number`,`is_del`,`name`,`fml_item_id`,`id_number`,`create_date`,`create_uId`) values ('013813b7-e5d2-4344-83e5-45d58791a062',100,'2016-03-22','4','00240',0,'刘某某','5f5f65fd-58b7-491c-b101-b36538e54137','430121199102249898','2016-03-22','a101d391-b065-4fc2-84cf-b64ef60ad9a5'),('01e5ddc5-495f-4431-8dc2-4c7012211097',152800,'2016-04-20','6','14017720',0,'杜军','cfe72199-c6bb-497d-b70a-b4d158c048d7','430121197210181794','2016-04-20','91b075a7-f6c3-4992-bb87-87a03464e93e'),('02764060-e89f-4468-994a-fee23381dbf3',152800,'2016-03-30','6','14001682',0,'王展','d8cb4042-6ef5-4cfb-8551-bca0596cefae','430121199104207320','2016-03-30','81e97469-2fd1-4b3c-b3ac-593e5bd1ec6c'),('0f8b205e-a188-4906-8588-88b8fc595d16',40000,'2016-04-20','4','14001965',0,'孙海涛','84a97578-28ce-468f-9c64-3c4ab56e6fad','430121194608089716','2016-04-20','91b075a7-f6c3-4992-bb87-87a03464e93e'),('13408410-ee01-45f3-8a01-6387b8a7142f',162800,'2016-03-30','6','14016189',0,'杨建武','aa685d13-6c22-4023-af07-930407a1ccc2','430121195110288114','2016-03-30','81e97469-2fd1-4b3c-b3ac-593e5bd1ec6c'),('157db52e-2f67-443d-802d-012ffaca0a0a',15,'2016-03-29','6','18888',0,'测试余','330ab85c-7c53-477e-bda3-efa030a40b90','110108197505220038','2016-03-29','81e97469-2fd1-4b3c-b3ac-593e5bd1ec6c'),('1669da07-dbe5-4f89-8a8e-417efc8fd7e1',152800,'2016-04-20','5','14000137',0,'黄建兵','44335cbe-833c-4628-9506-9f1bac753f5e','43012119730426091x','2016-04-20','91b075a7-f6c3-4992-bb87-87a03464e93e'),('1729be51-33ee-475a-b973-e2bbfc0b3b20',162800,'2016-03-30','6','14017472',0,'李建平','2e00b992-09b2-46cc-aa9e-533357592981','430121197410028145','2016-03-30','81e97469-2fd1-4b3c-b3ac-593e5bd1ec6c'),('172a33b1-ce9d-483b-b186-741a6a459656',152800,'2016-04-20','5','14003550',0,'易应华','798d2f90-a314-47bd-a885-1c343d59f7b5','430121195109190910','2016-04-20','91b075a7-f6c3-4992-bb87-87a03464e93e'),('1bd11d43-e804-49f8-89fb-37fde0e0497a',152800,'2016-04-20','6','14002401',0,'苏笑笑','dfd4a3eb-859e-45f3-9ac9-8bbc1fd2fbc5','430121201412140121','2016-04-20','91b075a7-f6c3-4992-bb87-87a03464e93e'),('1f2de289-2b6b-4a72-8f70-28e80e37292b',15.8,'2016-03-22','4','001145',0,'刘某某','5f5f65fd-58b7-491c-b101-b36538e54137','430121199102249898','2016-03-22','a101d391-b065-4fc2-84cf-b64ef60ad9a5'),('26dcb08e-1545-4f3a-ab42-c21a3d980516',162800,'2016-03-30','4','14004608',0,'易淑华','a1110eb6-377e-4c13-a30f-03055687f05a','43012119360228812X','2016-03-30','81e97469-2fd1-4b3c-b3ac-593e5bd1ec6c'),('2d1bc6ed-1e9c-4327-bbda-29f5a39d413c',25300,'2016-04-26','5','13002188',0,'冯嘉昕','6b63c4d9-7a06-43f3-97b1-4ab0179f8f1f','430121199606217318','2016-04-26','91b075a7-f6c3-4992-bb87-87a03464e93e'),('377c4056-b233-483d-bbeb-22747de0e092',152800,'2016-03-30','6','14019240',0,'金玉珍','67d34b72-4ce5-4bf3-a25a-9f5ae8f8d5bd','430121194610087920','2016-03-30','81e97469-2fd1-4b3c-b3ac-593e5bd1ec6c'),('401d0fc7-e338-42eb-94e8-a282c200bd73',152800,'2016-04-20','5','14003553',0,'易茁然','f587c74e-1671-4f20-b31a-fd7037eda9cc','430121200909180263','2016-04-20','91b075a7-f6c3-4992-bb87-87a03464e93e'),('433d6fc7-b1a5-458d-bc92-33fdb3b9e0ca',152800,'2016-03-30','6','14001681',0,'苏秋英','601ba48d-c30f-40df-95bd-2461c54d12c9','430121196208247921','2016-03-30','81e97469-2fd1-4b3c-b3ac-593e5bd1ec6c'),('444dece4-f86b-4550-ae85-3bb41849baa4',162800,'2016-03-30','6','14001949',0,'李寿双','7ab27225-e5e2-4ca8-90a9-391450822044','430121193909118117','2016-03-30','81e97469-2fd1-4b3c-b3ac-593e5bd1ec6c'),('4812bba6-eeb1-478b-90d2-621beca71ed9',40000,'2016-04-20','5','14003554',0,'易茁然','f587c74e-1671-4f20-b31a-fd7037eda9cc','430121200909180263','2016-04-20','91b075a7-f6c3-4992-bb87-87a03464e93e'),('483ee5c2-b4b6-447e-9fdf-5cf063198e10',25300,'2016-03-30','6','14016226',0,'宋倩婷','f4267370-8568-4136-bd4e-c864c43c2070','430121200511077987','2016-03-30','81e97469-2fd1-4b3c-b3ac-593e5bd1ec6c'),('4a0b1991-22e3-4928-b4f1-71ee319d0d4c',152800,'2016-04-20','6','14017571',0,'柳文俊','ac1b50df-1327-4253-b6fb-f6d32981efc5','430121199012042012','2016-04-20','91b075a7-f6c3-4992-bb87-87a03464e93e'),('4c33d16e-3043-4359-9e79-f3c4059699d4',152800,'2016-04-20','6','14019008',0,'黄莎','5274f850-51c1-444c-9cc0-a0c7d1a621c7','43012119860522102x','2016-04-20','91b075a7-f6c3-4992-bb87-87a03464e93e'),('4c7b7714-eda9-44c3-9cfc-ec3bea142f77',162800,'2016-03-30','4','14004607',0,'易顺恺','48ca2ee1-68c8-4996-acf0-270da51968b7','430121193508178119','2016-03-30','81e97469-2fd1-4b3c-b3ac-593e5bd1ec6c'),('4dbf4031-6d0f-482f-a1fd-501c95a743a6',152800,'2016-04-20','5','14000136',0,'王秀球','8a464770-7d8a-482c-98e2-e4a6a6e4c79e','430121194511140925','2016-04-20','91b075a7-f6c3-4992-bb87-87a03464e93e'),('4ef37621-6757-4e48-a8d6-1a011e8bc049',40000,'2016-04-20','6','14002402',0,'苏笑笑','dfd4a3eb-859e-45f3-9ac9-8bbc1fd2fbc5','430121201412140121','2016-04-20','91b075a7-f6c3-4992-bb87-87a03464e93e'),('5a11ebcf-76d4-4821-9b4a-3155ae8e2ce7',152800,'2016-04-20','5','14000139',0,'黄权','61030b3d-d75a-4fd8-8858-dc18102d05b2','430121199703291018','2016-04-20','91b075a7-f6c3-4992-bb87-87a03464e93e'),('5eecf3e4-fbd9-44f7-908e-893c8396e529',25300,'2016-03-30','6','14014177',0,'范梓言','64fb4522-e32b-405a-8489-7165be514d5a','430121201009290162','2016-03-30','81e97469-2fd1-4b3c-b3ac-593e5bd1ec6c'),('64be0571-51dd-4c5c-b98d-6f66fa93281c',10,'2016-04-04','4','101001',0,'测试独生子女','91225806-c195-46ce-9fc9-397a2b55ff80','110108199905220036','2016-04-04','81e97469-2fd1-4b3c-b3ac-593e5bd1ec6c'),('68f6b020-fb2d-4950-aa0b-3f3eeb0fbf45',162800,'2016-03-30','6','14016225',0,'王小阳','0935551a-25e8-4d96-ae1a-2150cb814693','43012119581001814X','2016-03-30','81e97469-2fd1-4b3c-b3ac-593e5bd1ec6c'),('6cc7dd0d-c7c0-4c2d-a4b9-f0261b8b2bc3',12,'2016-03-18','5','12',0,'小明','f8645281-cb70-47b6-8cbb-859ca6a8c47d','123025541','2016-03-18','81e97469-2fd1-4b3c-b3ac-593e5bd1ec6c'),('71872462-2b6d-4c07-9cae-96eeeab42dc5',152800,'2016-04-20','6','14017718',0,'杜应海','55a53a45-ed80-40be-8799-5e06abeb1749','430121195001201737','2016-04-20','91b075a7-f6c3-4992-bb87-87a03464e93e'),('7330c6ef-5a51-4ddd-8557-e988678911f1',100000,'2016-03-30','6','14011062',0,'周泽栋','ac59df34-0351-429f-a041-7200ed5d1c01','430121201206180077','2016-03-30','81e97469-2fd1-4b3c-b3ac-593e5bd1ec6c'),('7479b932-b13e-47cb-a480-f45512fe5573',152800,'2016-04-26','5','13006034',0,'曹寿珍','72f36efb-b085-4b5a-afdb-e04f7bc22f20','430121194404217923','2016-04-26','91b075a7-f6c3-4992-bb87-87a03464e93e'),('793c3501-290f-4850-a981-c83e86ddf317',152800,'2016-04-20','5','14003551',0,'苏艳辉','cb4eeed7-b2c9-415d-97c7-f7da79d0b91b','43012119540618092x','2016-04-20','91b075a7-f6c3-4992-bb87-87a03464e93e'),('7aabb423-d8ef-4199-bf3a-b5a42ebcf16e',152800,'2016-04-20','6','14017721',0,'师灿英','fd2de233-e12b-4321-9e4e-ef18e84e9d31','430121197406291784','2016-04-20','91b075a7-f6c3-4992-bb87-87a03464e93e'),('7b3936d5-00e7-49bb-9064-696e0a7a7842',152800,'2016-04-26','5','13002186',0,'李树元','f499514f-23fb-4fc6-9281-ee2c7774350b','430121194410077920','2016-04-26','91b075a7-f6c3-4992-bb87-87a03464e93e'),('7caa46fd-df41-4a9d-9278-613cf195a5fe',152800,'2016-04-20','6','14017572',0,'易恩德','fb3ed2e1-d279-4768-b379-3e3bdd0b354d','430121195405281729','2016-04-20','91b075a7-f6c3-4992-bb87-87a03464e93e'),('872a1497-e11e-4035-ac27-0a9977f1635f',162800,'2016-03-30','6','14016224',0,'柳芳','97866e64-5f50-4b8d-9b14-a12215e060c6','430121198112077947','2016-03-30','81e97469-2fd1-4b3c-b3ac-593e5bd1ec6c'),('8828f527-de82-43ab-b68d-dbb22ba914c0',162800,'2016-03-30','6','14016227',0,'宋倩婷','f4267370-8568-4136-bd4e-c864c43c2070','430121200511077987','2016-03-30','81e97469-2fd1-4b3c-b3ac-593e5bd1ec6c'),('883a5850-ee0f-4db7-acf7-5a0358c86004',152800,'2016-04-20','4','14001962',0,'马建红','d35704f9-5687-49e6-a57a-569346f7b31b','430121197505010044','2016-04-20','91b075a7-f6c3-4992-bb87-87a03464e93e'),('8a04ecd7-68ba-4f1e-ab82-305c7056ebd8',4,'2016-04-04','4','101002',0,'测试独生子女','91225806-c195-46ce-9fc9-397a2b55ff80','110108199905220036','2016-04-04','81e97469-2fd1-4b3c-b3ac-593e5bd1ec6c'),('8cb44bce-e5c8-431b-8e23-28ca67ebff09',152800,'2016-04-26','5','13002185',0,'马国强','55caa4fa-b51e-4e92-a7b3-8530343b09b6','43012119400808791x','2016-04-26','91b075a7-f6c3-4992-bb87-87a03464e93e'),('8d3f3ff1-b21d-42e4-a266-d10cc8008e36',152800,'2016-04-21','6','1.6001002E7',0,'李四','0d64800f-ee15-48e7-87b7-c5bdbf4d9d59','430121197205227012','2016-04-21','91b075a7-f6c3-4992-bb87-87a03464e93e'),('8d49919c-4838-438c-9627-87edaa08cf1b',162800,'2016-03-30','6','14017032',0,'郭兰英','b58aec82-b714-4011-b5ad-628d64ecc2cd','430121194301027924','2016-03-30','81e97469-2fd1-4b3c-b3ac-593e5bd1ec6c'),('9380bd3b-421c-4fbd-b517-42befa45474f',25300,'2016-04-26','5','13006035',0,'马振兴','5bf9adff-5e33-49f3-851a-d511c5458f39','430121193508017534','2016-04-26','91b075a7-f6c3-4992-bb87-87a03464e93e'),('956fa826-2dbc-4701-b179-fc23fb720d01',162800,'2016-03-30','6','14016223',0,'柳佰冬','159812d8-fe74-411d-b0f7-7994ede461f6','430121195409038136','2016-03-30','81e97469-2fd1-4b3c-b3ac-593e5bd1ec6c'),('9aaf8714-edb3-4c19-844b-883859259932',152800,'2016-04-20','6','13002647',0,'马志怀','85fe9128-c6ab-447d-beb4-1129e929a405','430121197005177913','2016-04-20','91b075a7-f6c3-4992-bb87-87a03464e93e'),('9edeeb97-a1d0-431a-9b05-19a5824d6935',123,'2016-03-18','6','123',0,'小东','c715c0ed-5f32-438b-8ee2-676c2f5267c5','55112','2016-03-18','81e97469-2fd1-4b3c-b3ac-593e5bd1ec6c'),('a41461a0-cb46-4381-97e5-8fa9fcb736a7',152800,'2016-04-26','5','13002189',0,'马三友','1bdcc680-eb4b-4f7b-b402-43ccb32ce853','430121197111237924','2016-04-26','91b075a7-f6c3-4992-bb87-87a03464e93e'),('a4d8db77-9082-4db3-983a-e0bf95320bac',152800,'2016-04-20','6','14017723',0,'杜钰杰','abd8a11f-1a14-45d2-a84d-1e8cdfbabd11','430121200409291813','2016-04-20','91b075a7-f6c3-4992-bb87-87a03464e93e'),('a4e390a8-7fba-4bce-bf86-cb3ef4c72037',152800,'2016-04-20','6','14019007',0,'苏照','b05ec6e9-b401-4c9f-876b-7c08fa90840a','430121198605191019','2016-04-20','91b075a7-f6c3-4992-bb87-87a03464e93e'),('abcc2fb2-422e-4e90-af01-250a5411d4bd',152800,'2016-04-20','6','14019006',0,'苏建兵','f8731552-a498-4a97-a44a-df13892e5bda','430121195610110910','2016-04-20','91b075a7-f6c3-4992-bb87-87a03464e93e'),('b07c54ce-6b19-4590-9ae5-751f10cff957',25,'2016-03-28','6','647365814578347',0,'张三','791d4a50-116f-40b1-8f35-c1e9cfa23d90','43012119800606451x','2016-03-28','91b075a7-f6c3-4992-bb87-87a03464e93e'),('b85586cf-a20a-4ffb-b84d-ee70c08da640',152800,'2016-04-20','6','14017719',0,'罗德良','79835ad6-4e39-415d-b3b7-8685d297bc45','430121195208071749','2016-04-20','91b075a7-f6c3-4992-bb87-87a03464e93e'),('ba78c33f-fa10-4a20-87c2-1ccc3a70b6b8',40000,'2016-04-20','4','14001964',0,'孙思浩','d764d021-ec2b-452d-88ab-0a77d14f8cdb','430121200902280237','2016-04-20','91b075a7-f6c3-4992-bb87-87a03464e93e'),('be1ca018-9567-485d-bb01-6bde89b2d3f5',152800,'2016-03-30','6','14001680',0,'王金高','248b2ab0-7fb1-4025-902a-4e7f799db807','430121195701287914','2016-03-30','81e97469-2fd1-4b3c-b3ac-593e5bd1ec6c'),('c136d31f-010d-40f4-a208-2d34c30366bf',152800,'2016-04-20','4','14001961',0,'孙利红','b1642d83-6f21-45a8-b8fc-e28d2eb4c90a','430121197205227911','2016-04-20','91b075a7-f6c3-4992-bb87-87a03464e93e'),('c4165947-4545-468e-94b7-a7d985d0a81e',152800,'2016-04-20','5','14000138',0,'方桂君','d9afa19a-2250-4cf7-ba5a-0c83f3a79270','430121197308100921','2016-04-20','91b075a7-f6c3-4992-bb87-87a03464e93e'),('c4986a2d-3f04-46a6-a35b-1552c1a58313',152800,'2016-04-26','5','13002187',0,'冯嘉昕','6b63c4d9-7a06-43f3-97b1-4ab0179f8f1f','430121199606217318','2016-04-26','91b075a7-f6c3-4992-bb87-87a03464e93e'),('c7e1cb83-30d0-4640-8dd5-a843960bade3',152800,'2016-04-20','5','14003552',0,'易红胜','4f2a19c5-1d5d-4a8f-8b52-8f875ad969cf','430121198104231051','2016-04-20','91b075a7-f6c3-4992-bb87-87a03464e93e'),('c8ec77d3-78e8-4dc5-a03a-4133cb42af01',162800,'2016-03-30','6','14017471',0,'李迪均','09735453-6266-4bb5-bd4b-f5a960d6c917','430121194505288114','2016-03-30','81e97469-2fd1-4b3c-b3ac-593e5bd1ec6c'),('ca911c03-3de3-4d0e-9d1e-1523bb0ebd70',152800,'2016-03-30','6','14019239',0,'马强罗','3acc316c-b8fa-423d-b65d-28348588119a','430121193910147919','2016-03-30','81e97469-2fd1-4b3c-b3ac-593e5bd1ec6c'),('cd64e7ab-1730-40c2-a8c1-17bb7c0bcc9e',162800,'2016-03-29','4','14014065',0,'郭正杰','0cb9edb5-a1dd-49ec-8a5f-4708258256b1','430121193504248116','2016-03-29','81e97469-2fd1-4b3c-b3ac-593e5bd1ec6c'),('d3489897-58c5-43c7-9f08-7218977bfab4',152800,'2016-04-20','6','14017570',0,'柳建辉','f8f199cd-6196-4436-be20-e1fd193c40c8','430121195308231711','2016-04-20','91b075a7-f6c3-4992-bb87-87a03464e93e'),('d74d22d5-f149-4dc6-9fdf-941673275a15',40000,'2016-04-20','5','14003555',0,'张语林','9a9e6496-409c-43ab-bcca-71247f9743cc','430181198201020041','2016-04-20','91b075a7-f6c3-4992-bb87-87a03464e93e'),('da8dc14f-69e1-4ac7-a4ce-c1d95db4edfa',152800,'2016-04-20','4','14001963',0,'孙思浩','d764d021-ec2b-452d-88ab-0a77d14f8cdb','430121200902280237','2016-04-20','91b075a7-f6c3-4992-bb87-87a03464e93e'),('dce302cd-80de-494b-b693-03eca1b31ebb',162800,'2016-03-30','4','14004609',0,'易芳','11890a68-2a82-4d5e-98b0-76dda5b7a3a0','430121198406077926','2016-03-30','81e97469-2fd1-4b3c-b3ac-593e5bd1ec6c'),('e0487da8-5ae5-4e86-92c6-0e0fc084989e',162800,'2016-03-30','6','14017351',0,'杨映明','db9f6367-2e58-47c6-b8df-1ada98258aa0','430121196203018142','2016-03-30','81e97469-2fd1-4b3c-b3ac-593e5bd1ec6c'),('e31cd7b5-d9b8-4202-9269-eba2f31efd69',152800,'2016-04-20','6','14017722',0,'杜钰莹','92ccecbc-e4f1-47eb-b04b-88012210dcca','43012120000106182x','2016-04-20','91b075a7-f6c3-4992-bb87-87a03464e93e'),('e4801cd1-2a76-4197-a0a4-4edbc27f7ff5',162800,'2016-03-30','6','14017473',0,'易运莲','c8c4628f-731e-4a60-954f-ab4c7999371b','430121105204188122','2016-03-30','81e97469-2fd1-4b3c-b3ac-593e5bd1ec6c'),('e7165550-45b7-4795-baf4-1baefe0683fd',162800,'2016-03-30','6','14014178',0,'范梓言','64fb4522-e32b-405a-8489-7165be514d5a','430121201009290162','2016-03-30','81e97469-2fd1-4b3c-b3ac-593e5bd1ec6c'),('e851b9d8-7b6f-4b3f-b3a0-865189e6cb27',40000,'2016-04-20','5','14000140',0,'黄权','61030b3d-d75a-4fd8-8858-dc18102d05b2','430121199703291018','2016-04-20','91b075a7-f6c3-4992-bb87-87a03464e93e'),('ede7a9fd-7d8a-4f09-9e3c-d0eba6187fd4',162800,'2016-03-30','6','14017352',0,'周晓','9a6e8a6e-92a8-418a-a6c8-44e3d17f561a','430121198611097926','2016-03-30','81e97469-2fd1-4b3c-b3ac-593e5bd1ec6c'),('eeb7c4fd-27c9-4fad-94e0-4fb8f5cb9cab',25300,'2016-03-30','6','14011061',0,'周泽栋','ac59df34-0351-429f-a041-7200ed5d1c01','430121201206180077','2016-03-30','81e97469-2fd1-4b3c-b3ac-593e5bd1ec6c'),('f2752180-2264-4e71-864c-a871885986fd',162800,'2016-03-29','4','14014066',0,'杨美珍','a5c0b0bf-be00-4591-a629-080a9418ef33','43012119361121814X','2016-03-29','81e97469-2fd1-4b3c-b3ac-593e5bd1ec6c'),('f63e9f2d-86b6-4248-9185-1a157535e44a',152800,'2016-04-20','4','14001960',0,'马秀云','8aa1d3fd-9f07-4fc2-bf66-9032ac9a3fab','430121194910147921','2016-04-20','91b075a7-f6c3-4992-bb87-87a03464e93e'),('f7c83eab-0b7e-4d31-9c49-ee7ec4e041a6',152800,'2016-04-21','6','1.6001001E7',0,'张三','e3eefe19-28b4-472d-96d6-14694d8cf1d1','430121197205118002','2016-04-21','91b075a7-f6c3-4992-bb87-87a03464e93e'),('f9b6098b-ed79-4da0-85c5-9d5996b002f4',152800,'2016-04-20','5','14000135',0,'黄大明','7dec0059-0ab2-4bff-b504-5571cef64557','430121193902150915','2016-04-20','91b075a7-f6c3-4992-bb87-87a03464e93e'),('ffc02e82-1126-44ca-b384-992cd2568772',162800,'2016-03-30','6','14017031',0,'李桂恒','c70c446e-2829-4815-ae43-f371033d1015','430121194908188118','2016-03-30','81e97469-2fd1-4b3c-b3ac-593e5bd1ec6c');

/*Table structure for table `tb_operation_record` */

DROP TABLE IF EXISTS `tb_operation_record`;

CREATE TABLE `tb_operation_record` (
  `id` varchar(70) NOT NULL,
  `ip` varchar(30) DEFAULT NULL,
  `time` date DEFAULT NULL,
  `moudle` varchar(20) DEFAULT NULL,
  `action` varchar(20) DEFAULT NULL,
  `content` varchar(20) DEFAULT NULL,
  `mac` varchar(70) DEFAULT NULL,
  `name` varchar(20) DEFAULT NULL,
  `moudle_id` varchar(70) DEFAULT NULL,
  `account_id` varchar(70) DEFAULT NULL,
  `data` text,
  PRIMARY KEY (`id`)
) ENGINE=InnoDB DEFAULT CHARSET=utf8;

/*Data for the table `tb_operation_record` */

insert  into `tb_operation_record`(`id`,`ip`,`time`,`moudle`,`action`,`content`,`mac`,`name`,`moudle_id`,`account_id`,`data`) values ('00a20a17-8087-4788-ba59-251c9fe4c924','175.9.110.132','2016-04-26','购房券制发','手工添加购房券信息','手工添加购房券信息',NULL,'12345','6b3dac14-8116-4aad-8643-c54821ebf93c','91b075a7-f6c3-4992-bb87-87a03464e93e','\n<table>\n	<tr>\n		<td class=\"text-right\">姓名：</td>\n		<td>冯嘉昕</td>\n	</tr>\n	<tr>\n		<td class=\"text-right\">身份证件：</td>\n		<td>430121199606217318</td>\n	</tr>\n	<tr>\n		<td class=\"text-right\">购房券金额（万元）：</td>\n		<td>25300</td>\n	</tr>\n	<tr>\n		<td class=\"text-right\">购房券券号：</td>\n		<td>13002188</td>\n	</tr>\n	<tr>\n		<td class=\"text-right\">制券时间：</td>\n		<td>2016/04/26</td>\n	</tr>\n</table>\n'),('01375c27-316e-4a8c-8613-394484063a24','175.9.111.33','2016-04-20','社保管理','批量录入社保信息','批量录入社保信息',NULL,'12345','8502199d-390e-49e1-a37a-43b5677bc705','91b075a7-f6c3-4992-bb87-87a03464e93e','\n<style type=\"text/css\">\n.autoTbale td,.autoTbale th {\n	white-space: nowrap;\n}\n</style>\n<div style=\"overflow-x:auto;width: 100%;\">\n<table class=\"table table-hover table-bordered autoTbale\">\n	<thead>\n		<tr>\n		    <td>姓名</td>\n		    <td>身份证件</td>\n		    <td>待遇标准</td>\n		    <td>社保时间</td>\n		    <td>年龄段</td>\n		    <td>所属社区</td>\n		    <td>参加何种医疗保险</td>\n		    <td>养老保险补缴年限</td>\n		    <td>医疗保险视同缴费月数</td>\n		    <td>服刑或劳动教养时间(月)</td>\n		    <td>军队服役时间(月)</td>\n		</tr>\n	</thead>\n	<tbody>\n		<tr>\n		    <td>马雅轩</td>\n		    <td>430121201006100124</td>\n		    <td>一次性生活补助</td>\n		    <td>2016/04/20</td>\n		    <td>第一年龄段</td>\n		    <td></td>\n		    <td></td>\n		    <td>0</td>\n		    <td>0</td>\n		    <td>0</td>\n		    <td>0</td>\n		</tr>\n		<tr>\n		    <td>罗炳文</td>\n		    <td>430121194706270914</td>\n		    <td>一次性生活补助</td>\n		    <td>2016/04/20</td>\n		    <td>第一年龄段</td>\n		    <td></td>\n		    <td></td>\n		    <td>0</td>\n		    <td>0</td>\n		    <td>0</td>\n		    <td>0</td>\n		</tr>\n		<tr>\n		    <td>马沁怡</td>\n		    <td>43012120100920018x</td>\n		    <td>一次性生活补助</td>\n		    <td>2016/04/20</td>\n		    <td>第一年龄段</td>\n		    <td></td>\n		    <td></td>\n		    <td>0</td>\n		    <td>0</td>\n		    <td>0</td>\n		    <td>0</td>\n		</tr>\n		<tr>\n		    <td>马龙彪</td>\n		    <td>430121194105107919</td>\n		    <td>基本生活补助</td>\n		    <td>2016/04/20</td>\n		    <td>第三年龄段</td>\n		    <td></td>\n		    <td></td>\n		    <td>0</td>\n		    <td>0</td>\n		    <td>0</td>\n		    <td>0</td>\n		</tr>\n		<tr>\n		    <td>罗杰</td>\n		    <td>43012119740808093x</td>\n		    <td>基本生活补助</td>\n		    <td>2016/04/20</td>\n		    <td>第二年龄段</td>\n		    <td></td>\n		    <td></td>\n		    <td>0</td>\n		    <td>0</td>\n		    <td>0</td>\n		    <td>0</td>\n		</tr>\n	</tbody>\n</table>\n</div>\n'),('01866ddb-bc37-4c13-9e56-74bd49bd9342','125.70.79.71','2016-04-06','购房券制发','手工添加人员信息以及购房券信息','手工添加人员信息以及购房券信息',NULL,'admin','6b3dac14-8116-4aad-8643-c54821ebf93c','81e97469-2fd1-4b3c-b3ac-593e5bd1ec6c','\n<table>\n	<tr>\n		<td class=\"text-right\">户主姓名：</td>\n		<td>李寿双</td>\n	</tr>\n	<tr>\n		<td class=\"text-right\">户主身份证件：</td>\n		<td>430121193909118117</td>\n	</tr>\n	<tr>\n		<td class=\"text-right\">人员姓名：</td>\n		<td>12313</td>\n	</tr>\n	<tr>\n		<td class=\"text-right\">与户主关系：</td>\n		<td>其他-13123</td>\n	</tr>\n	<tr>\n		<td class=\"text-right\">身份证件：</td>\n		<td>1231232111</td>\n	</tr>\n	<tr>\n		<td class=\"text-right\">性别：</td>\n		<td>男</td>\n	</tr>\n	<tr>\n		<td class=\"text-right\">户口性质：</td>\n		<td>城镇居民</td>\n	</tr>\n	<tr>\n		<td class=\"text-right\">出生日期：</td>\n		<td>1903/05/07</td>\n	</tr>\n	<tr>\n		<td class=\"text-right\">文化程度：</td>\n		<td>123</td>\n	</tr>\n	<tr>\n		<td class=\"text-right\">在读情况：</td>\n		<td>12</td>\n	</tr>\n	<tr>\n		<td class=\"text-right\">从事农业劳动时间：</td>\n		<td>123</td>\n	</tr>\n	<tr>\n		<td class=\"text-right\">服兵役/劳改/劳教情况及时间起止段：</td>\n		<td></td>\n	</tr>\n	<tr>\n		<td class=\"text-right\">联系电话：</td>\n		<td>123</td>\n	</tr>\n	<tr>\n		<td class=\"text-right\">独生子女证件号：</td>\n		<td>33</td>\n	</tr>\n	<tr>\n		<td class=\"text-right\">是否半边户：</td>\n		<td>是</td>\n	</tr>\n	<tr>\n		<td class=\"text-right\">是否参加过社会保险：</td>\n		<td>是</td>\n	</tr>\n	<tr>\n		<td class=\"text-right\">备注：</td>\n		<td>1233</td>\n	</tr>\n</table>\n'),('01cb9cef-e978-48a6-8348-2197fcda80a1','175.8.6.104','2016-04-06','拆迁户管理','修改拆迁户人员','修改拆迁户人员信息',NULL,'12345','be769d24-1b19-472a-9f68-fc82c800ad29','91b075a7-f6c3-4992-bb87-87a03464e93e','\n<table>\n	<tr>\n		<td class=\"text-right\">姓名：</td>\n		<td>罗国华</td>\n	</tr>\n	<tr>\n		<td class=\"text-right\">与户主关系：</td>\n		<td>户主</td>\n	</tr>\n	<tr>\n		<td class=\"text-right\">身份证件：</td>\n		<td>430121194706140917</td>\n	</tr>\n	<tr>\n		<td class=\"text-right\">性别：</td>\n		<td>男</td>\n	</tr>\n	<tr>\n		<td class=\"text-right\">户口性质：</td>\n		<td>农村居民</td>\n	</tr>\n	<tr>\n		<td class=\"text-right\">出生日期：</td>\n		<td>1947/06/14</td>\n	</tr>\n	<tr>\n		<td class=\"text-right\">文化程度：</td>\n		<td></td>\n	</tr>\n	<tr>\n		<td class=\"text-right\">在读情况：</td>\n		<td></td>\n	</tr>\n	<tr>\n		<td class=\"text-right\">从事农业劳动时间：</td>\n		<td></td>\n	</tr>\n	<tr>\n		<td class=\"text-right\">服兵役/劳改/劳教情况及时间起止段：</td>\n		<td></td>\n	</tr>\n	<tr>\n		<td class=\"text-right\">联系电话：</td>\n		<td></td>\n	</tr>\n	<tr>\n		<td class=\"text-right\">独生子女证件号：</td>\n		<td></td>\n	</tr>\n	<tr>\n		<td class=\"text-right\">是否半边户：</td>\n		<td>否</td>\n	</tr>\n	<tr>\n		<td class=\"text-right\">是否参加过社会保险：</td>\n		<td>否</td>\n	</tr>\n	<tr>\n		<td class=\"text-right\">备注：</td>\n		<td></td>\n	</tr>\n</table>\n'),('023b3b4f-1111-4111-b9ee-659856ce11c2','125.70.79.71','2016-04-06','项目管理','修改项目公告','修改项目公告',NULL,'admin','a538004f-b6b2-48e3-8fcb-8ba000a3019a','81e97469-2fd1-4b3c-b3ac-593e5bd1ec6c','\n<table>\n	<tr>\n		<td class=\"text-right\">所属项目名称：</td>\n		<td>测试项目</td>\n	</tr>\n	<tr>\n		<td class=\"text-right\">公告进度：</td>\n		<td>三公告</td>\n	</tr>\n	<tr>\n		<td class=\"text-right\">公告文号：</td>\n		<td>3332v</td>\n	</tr>\n	<tr>\n		<td class=\"text-right\">公告时间：</td>\n		<td>2016/03/29</td>\n	</tr>\n	<tr>\n		<td class=\"text-right\">公告批文：</td>\n		<td></td>\n	</tr>\n</table>\n'),('03dd069d-a298-4c10-a43c-7e10d606b83c','175.11.0.72','2016-03-29','购房券制发','购房券户发放','购房券户发放',NULL,'admin','6b3dac14-8116-4aad-8643-c54821ebf93c','81e97469-2fd1-4b3c-b3ac-593e5bd1ec6c','\n<style type=\"text/css\">\n.autoTbale td,.autoTbale th {\n	white-space: nowrap;\n}\n</style>\n<div style=\"overflow-x:auto;width: 100%;\">\n	<table class=\"table table-hover table-bordered autoTbale\">\n		<thead>\n			<tr>\n				<td>购房券所属人姓名</td>\n				<td>购房券所属人身份证件</td>\n				<td>购房券券号</td>\n				<td>补贴金额（万元）</td>\n				<td>制券时间</td>\n				<td>领用人姓名</td>\n				<td>领用人身份证件</td>\n				<td>领用时间</td>\n				<td>领用凭证</td>\n				<td>领取备注</td>\n			</tr>\n		</thead>\n		<tbody>\n			<tr>\n				<td>郭正杰</td>\n				<td>430121193504248116</td>\n				<td>14014065</td>\n				<td>162800</td>\n				<td>2016/03/29</td>\n				<td>小何</td>\n				<td>430121201206180077</td>\n				<td>2016/03/29</td>\n				<td>uploadFile/evidence_files/99b02abe-ea81-41a9-baaf-4a5ec83998d8.jpg</td>\n				<td></td>\n			</tr>\n			<tr>\n				<td>杨美珍</td>\n				<td>43012119361121814X</td>\n				<td>14014066</td>\n				<td>162800</td>\n				<td>2016/03/29</td>\n				<td>小何</td>\n				<td>430121201206180077</td>\n				<td>2016/03/29</td>\n				<td>uploadFile/evidence_files/99b02abe-ea81-41a9-baaf-4a5ec83998d8.jpg</td>\n				<td></td>\n			</tr>\n		</tbody>\n	</table>\n</div>\n'),('061be9ea-223d-4d6c-8e8f-1cf07ff4ea52','125.70.79.216','2016-04-22','项目管理','增加项目公告','增加项目公告',NULL,'admin','a538004f-b6b2-48e3-8fcb-8ba000a3019a','81e97469-2fd1-4b3c-b3ac-593e5bd1ec6c','\n<table>\n	<tr>\n		<td class=\"text-right\">所属项目名称：</td>\n		<td>测试项目2</td>\n	</tr>\n	<tr>\n		<td class=\"text-right\">公告进度：</td>\n		<td>\n							一公告</td>\n	</tr>\n	<tr>\n		<td class=\"text-right\">公告文号：</td>\n		<td>1</td>\n	</tr>\n	<tr>\n		<td class=\"text-right\">公告时间：</td>\n		<td>2016/04/22</td>\n	</tr>\n	<tr>\n		<td class=\"text-right\">公告批文：</td>\n		<td></td>\n	</tr>\n</table>\n'),('0704425d-5d8d-49df-8ee0-ba1aead12d95','182.148.57.207','2016-04-07','购房券制发','手工添加购房券信息','手工添加购房券信息',NULL,'admin','6b3dac14-8116-4aad-8643-c54821ebf93c','81e97469-2fd1-4b3c-b3ac-593e5bd1ec6c','\n<table>\n	<tr>\n		<td class=\"text-right\">姓名：</td>\n		<td>导入人员B</td>\n	</tr>\n	<tr>\n		<td class=\"text-right\">身份证件：</td>\n		<td>111111155</td>\n	</tr>\n	<tr>\n		<td class=\"text-right\">购房券金额（万元）：</td>\n		<td>100</td>\n	</tr>\n	<tr>\n		<td class=\"text-right\">购房券券号：</td>\n		<td>1001</td>\n	</tr>\n	<tr>\n		<td class=\"text-right\">制券时间：</td>\n		<td>2016/04/07</td>\n	</tr>\n</table>\n'),('07f37bf7-aa7c-40de-a234-34ee3c8225ac','125.70.79.216','2016-04-22','项目管理','修改项目公告','修改项目公告',NULL,'admin','a538004f-b6b2-48e3-8fcb-8ba000a3019a','81e97469-2fd1-4b3c-b3ac-593e5bd1ec6c','\n<table>\n	<tr>\n		<td class=\"text-right\">所属项目名称：</td>\n		<td>测试项目</td>\n	</tr>\n	<tr>\n		<td class=\"text-right\">公告进度：</td>\n		<td>\n							一公告</td>\n	</tr>\n	<tr>\n		<td class=\"text-right\">公告文号：</td>\n		<td>一公告</td>\n	</tr>\n	<tr>\n		<td class=\"text-right\">公告时间：</td>\n		<td>2016/04/22</td>\n	</tr>\n	<tr>\n		<td class=\"text-right\">公告批文：</td>\n		<td></td>\n	</tr>\n</table>\n'),('08375507-eb72-4944-893e-ec1d558befb0','125.70.79.216','2016-04-22','社保管理','批量录入社保信息','批量录入社保信息',NULL,'admin','8502199d-390e-49e1-a37a-43b5677bc705','81e97469-2fd1-4b3c-b3ac-593e5bd1ec6c','\n<style type=\"text/css\">\n.autoTbale td,.autoTbale th {\n	white-space: nowrap;\n}\n</style>\n<div style=\"overflow-x:auto;width: 100%;\">\n<table class=\"table table-hover table-bordered autoTbale\">\n	<thead>\n		<tr>\n		    <td>姓名</td>\n		    <td>身份证件</td>\n		    <td>社保时间</td>\n		    <td>年龄段</td>\n		    <td>所属社区</td>\n		    <td>参加何种医疗保险</td>\n		    <td>养老保险补缴年限</td>\n		    <td>医疗保险视同缴费月数</td>\n		    <td>服刑或劳动教养时间(月)</td>\n		    <td>军队服役时间(月)</td>\n		</tr>\n	</thead>\n	<tbody>\n		<tr>\n		    <td>徐建冬</td>\n		    <td>430121196811177585</td>\n		    <td></td>\n		    <td>2016/04/12</td>\n		    <td>第二年龄段</td>\n		    <td></td>\n		    <td></td>\n		    <td>0</td>\n		    <td>0</td>\n		    <td>0</td>\n		    <td>0</td>\n		</tr>\n	</tbody>\n</table>\n</div>\n'),('09522117-178c-425e-8a31-54c2604318c8','175.8.61.167','2016-04-06','拆迁户管理','手工添加拆迁户','手工添加拆迁户',NULL,'12345','be769d24-1b19-472a-9f68-fc82c800ad29','91b075a7-f6c3-4992-bb87-87a03464e93e','\n<style type=\"text/css\">\n.autoTbale td,.autoTbale th {\n	white-space: nowrap;\n}\n</style>\n<table>\n	<tr>\n		<td class=\"text-right\">户主姓名：</td>\n		<td>陈良</td>\n	</tr>\n	<tr>\n		<td class=\"text-right\">选择所属项目：</td>\n		<td>长沙国际会展中心（测试）</td>\n	</tr>\n	<tr>\n		<td class=\"text-right\">房屋合法面积（平方米）：</td>\n		<td>300</td>\n	</tr>\n	<tr>\n		<td class=\"text-right\">房屋违章面积（平方米）：</td>\n		<td></td>\n	</tr>\n	<tr>\n		<td class=\"text-right\">所属地址：</td>\n		<td>高唐街道天河区天河1组</td>\n	</tr>\n	<tr>\n		<td class=\"text-right\">批证及其他情况说明：</td>\n		<td></td>\n	</tr>\n	<tr>\n		<td class=\"text-right\">拟定处理方案：</td>\n		<td></td>\n	</tr>\n	<tr>\n		<td class=\"text-right\">联合会审意见：</td>\n		<td></td>\n	</tr>\n	<tr>\n		<td class=\"text-right\">备注：</td>\n		<td></td>\n	</tr>\n	<tr>\n		<td class=\"text-right\">联合会审附件：</td>\n		<td></td>\n	</tr>\n	<tr>\n		<td class=\"text-right\">高拍仪拍照：</td>\n		<td></td>\n	</tr>\n	<tr>\n		<td class=\"text-right\">房屋照片管理：</td>\n		<td></td>\n	</tr>\n	<tr>\n		<td class=\"text-right\">家庭成员数：</td>\n		<td>3</td>\n	</tr>\n</table>\n<div style=\"overflow-x:auto;width: 100%;\">\n	<table class=\"table table-hover table-bordered autoTbale\">\n		<thead>\n			<tr>\n				<td>姓名</td>\n				<td>与户主关系</td>\n				<td>身份证件</td>\n				<td>性别</td>\n				<td>户口性质</td>\n				<td>出生日期</td>\n				<td>文化程度</td>\n				<td>在读情况</td>\n				<td>从事农业劳动时间</td>\n				<td>服兵役/劳改/劳教情况及时间起止段</td>\n				<td>联系电话</td>\n				<td>独生子女证件号</td>\n				<td>是否半边户</td>\n				<td>是否参加过社会保险</td>\n				<td>备注</td>\n			</tr>\n		</thead>\n		<tbody>\n			<tr>\n				<td>陈良</td>\n				<td>户主</td>\n				<td>43012119770808094x</td>\n				<td>女</td>\n				<td>农村居民</td>\n				<td>1977/08/08</td>\n				<td></td>\n				<td></td>\n				<td></td>\n				<td></td>\n				<td></td>\n				<td></td>\n				<td>否</td>\n				<td>否</td>\n				<td>测试</td>\n			</tr>\n			<tr>\n				<td>黄冬其</td>\n				<td>其他-母亲</td>\n				<td>430121194911020922</td>\n				<td>女</td>\n				<td>农村居民</td>\n				<td>1949/11/02</td>\n				<td></td>\n				<td></td>\n				<td></td>\n				<td></td>\n				<td></td>\n				<td></td>\n				<td>否</td>\n				<td>否</td>\n				<td>测试</td>\n			</tr>\n			<tr>\n				<td>罗硕英</td>\n				<td>女儿</td>\n				<td>43012120021125104x</td>\n				<td>女</td>\n				<td>农村居民</td>\n				<td>2002/11/25</td>\n				<td></td>\n				<td></td>\n				<td></td>\n				<td></td>\n				<td></td>\n				<td>20021125</td>\n				<td>否</td>\n				<td>否</td>\n				<td>测试</td>\n			</tr>\n		</tbody>\n	</table>\n</div>\n'),('09575025-2ebf-4688-95b1-a306e18235e0','125.70.179.235','2016-04-26','社保管理','导入社保信息','导入社保信息',NULL,'admin','8502199d-390e-49e1-a37a-43b5677bc705','81e97469-2fd1-4b3c-b3ac-593e5bd1ec6c','\n<style type=\"text/css\">\n.autoTbale td,.autoTbale th {\n	white-space: nowrap;\n}\n</style>\n<div style=\"overflow-x:auto;width: 100%;\">\n	<table class=\"table table-hover table-bordered autoTbale\">\n		<thead>\n			<tr>\n				<td>姓名</td>\n				<td>身份证件号</td>\n				<td>性别</td>\n				<td>出生日期</td>\n				<td>年龄段</td>\n				<td>从事农业生产时间</td>\n				<td>服刑或劳动教养时间(月)</td>\n				<td>军队服役时间(月)</td>\n				<td>养老保险补缴年限</td>\n				<td>医疗保险视同缴费月数</td>\n				<td>参加何种医疗保险</td>\n				<td>是否参加过社会保险</td>\n				<td>所属社区</td>\n				<td>联系电话</td>\n				<td>征地名称</td>\n			</tr>\n		</thead>\n		<tbody>\n		</tbody>\n	</table>\n</div>\n'),('0a19b56e-70c0-4c22-b0ab-d02129b2fd9e','125.70.79.71','2016-04-06','项目管理','修改项目公告','修改项目公告',NULL,'admin','a538004f-b6b2-48e3-8fcb-8ba000a3019a','81e97469-2fd1-4b3c-b3ac-593e5bd1ec6c','\n<table>\n	<tr>\n		<td class=\"text-right\">所属项目名称：</td>\n		<td>测试项目</td>\n	</tr>\n	<tr>\n		<td class=\"text-right\">公告进度：</td>\n		<td>三公告</td>\n	</tr>\n	<tr>\n		<td class=\"text-right\">公告文号：</td>\n		<td>3332v</td>\n	</tr>\n	<tr>\n		<td class=\"text-right\">公告时间：</td>\n		<td>2016/03/29</td>\n	</tr>\n	<tr>\n		<td class=\"text-right\">公告批文：</td>\n		<td></td>\n	</tr>\n</table>\n'),('0a51f51d-45f7-49f1-a03e-d617f10947fb','125.70.179.235','2016-04-26','社保管理','导入社保信息','导入社保信息',NULL,'admin','8502199d-390e-49e1-a37a-43b5677bc705','81e97469-2fd1-4b3c-b3ac-593e5bd1ec6c','\n<style type=\"text/css\">\n.autoTbale td,.autoTbale th {\n	white-space: nowrap;\n}\n</style>\n<div style=\"overflow-x:auto;width: 100%;\">\n	<table class=\"table table-hover table-bordered autoTbale\">\n		<thead>\n			<tr>\n				<td>姓名</td>\n				<td>身份证件号</td>\n				<td>性别</td>\n				<td>出生日期</td>\n				<td>年龄段</td>\n				<td>从事农业生产时间</td>\n				<td>服刑或劳动教养时间(月)</td>\n				<td>军队服役时间(月)</td>\n				<td>养老保险补缴年限</td>\n				<td>医疗保险视同缴费月数</td>\n				<td>参加何种医疗保险</td>\n				<td>是否参加过社会保险</td>\n				<td>所属社区</td>\n				<td>联系电话</td>\n				<td>征地名称</td>\n			</tr>\n		</thead>\n		<tbody>\n		</tbody>\n	</table>\n</div>\n'),('0b59b3cd-8c96-4139-aac1-e92d996696f9','182.148.57.207','2016-04-07','拆迁户管理','删除人员信息','删除人员信息',NULL,'admin','be769d24-1b19-472a-9f68-fc82c800ad29','81e97469-2fd1-4b3c-b3ac-593e5bd1ec6c','\n<table>\n	<tr>\n		<td class=\"text-right\">人员姓名：</td>\n		<td>123</td>\n	</tr>\n	<tr>\n		<td class=\"text-right\">人员身份证：</td>\n		<td>3213</td>\n	</tr>\n</table>\n'),('0ba46e88-18e1-4f8f-820f-77bc1b9a4cf3','125.70.79.216','2016-04-22','项目管理','修改项目公告','修改项目公告',NULL,'admin','a538004f-b6b2-48e3-8fcb-8ba000a3019a','81e97469-2fd1-4b3c-b3ac-593e5bd1ec6c','\n<table>\n	<tr>\n		<td class=\"text-right\">所属项目名称：</td>\n		<td>湖南长沙农产品物流中心二期建设项目用地</td>\n	</tr>\n	<tr>\n		<td class=\"text-right\">公告进度：</td>\n		<td>\n							一公告</td>\n	</tr>\n	<tr>\n		<td class=\"text-right\">公告文号：</td>\n		<td>一公告</td>\n	</tr>\n	<tr>\n		<td class=\"text-right\">公告时间：</td>\n		<td>2016/04/22</td>\n	</tr>\n	<tr>\n		<td class=\"text-right\">公告批文：</td>\n		<td></td>\n	</tr>\n</table>\n'),('0bf66ce0-65c0-4095-90f7-dc88eaf616ab','117.172.25.168','2016-04-04','购房券制发','手工添加购房券信息','手工添加购房券信息',NULL,'admin','6b3dac14-8116-4aad-8643-c54821ebf93c','81e97469-2fd1-4b3c-b3ac-593e5bd1ec6c','\n<table>\n	<tr>\n		<td class=\"text-right\">姓名：</td>\n		<td>测试独生子女</td>\n	</tr>\n	<tr>\n		<td class=\"text-right\">身份证件：</td>\n		<td>110108199905220036</td>\n	</tr>\n	<tr>\n		<td class=\"text-right\">购房券金额（万元）：</td>\n		<td>10</td>\n	</tr>\n	<tr>\n		<td class=\"text-right\">购房券券号：</td>\n		<td>101001</td>\n	</tr>\n	<tr>\n		<td class=\"text-right\">制券时间：</td>\n		<td>2016/04/04</td>\n	</tr>\n</table>\n'),('0c415e1d-95de-46c4-afe4-621b668bdca7','175.9.110.132','2016-04-26','项目管理','增加项目公告','增加项目公告',NULL,'12345','a538004f-b6b2-48e3-8fcb-8ba000a3019a','91b075a7-f6c3-4992-bb87-87a03464e93e','\n<table>\n	<tr>\n		<td class=\"text-right\">所属项目名称：</td>\n		<td>万家丽北路安沙联络线建设项目 （安沙物流大道）</td>\n	</tr>\n	<tr>\n		<td class=\"text-right\">公告进度：</td>\n		<td>三公告</td>\n	</tr>\n	<tr>\n		<td class=\"text-right\">公告文号：</td>\n		<td>长县国土资实（2013）198、199号</td>\n	</tr>\n	<tr>\n		<td class=\"text-right\">公告时间：</td>\n		<td>2016/11/08</td>\n	</tr>\n	<tr>\n		<td class=\"text-right\">公告批文：</td>\n		<td></td>\n	</tr>\n</table>\n'),('0c56bcea-21cf-4632-9ee3-356ce95c5f9c','175.8.60.56','2016-04-25','项目管理','增加项目公告','增加项目公告',NULL,'12345','a538004f-b6b2-48e3-8fcb-8ba000a3019a','91b075a7-f6c3-4992-bb87-87a03464e93e','\n<table>\n	<tr>\n		<td class=\"text-right\">所属项目名称：</td>\n		<td>黄金大道</td>\n	</tr>\n	<tr>\n		<td class=\"text-right\">公告进度：</td>\n		<td>\n							一公告</td>\n	</tr>\n	<tr>\n		<td class=\"text-right\">公告文号：</td>\n		<td>长县政发（2016）18号</td>\n	</tr>\n	<tr>\n		<td class=\"text-right\">公告时间：</td>\n		<td>2016/04/07</td>\n	</tr>\n	<tr>\n		<td class=\"text-right\">公告批文：</td>\n		<td>18-1.jpg/uploadFile/policy_files/4acdfdfe-49db-43ef-b5fc-7440bff4ea32.jpg</td>\n	</tr>\n</table>\n'),('0f0e92ca-87f3-4c17-a586-f19f41eee1db','182.148.57.207','2016-04-07','档案文件管理','录入档案文件','录入档案文件',NULL,'admin','9349a42d-2b03-4370-8b77-04a39f2caa5d','81e97469-2fd1-4b3c-b3ac-593e5bd1ec6c','\n<table>\n	<tr>\n		<td class=\"text-right\">档案文件标题：</td>\n		<td>多吃点</td>\n	</tr>\n	<tr>\n		<td class=\"text-right\">档案文件类型：</td>\n		<td>征地补偿办法</td>\n	</tr>\n	<tr>\n		<td class=\"text-right\">高拍仪拍照：</td>\n		<td>uploadFile/evidence_files/f67b5917-c2f3-423b-bca8-0eb30d1869aa.jpg</td>\n	</tr>\n	<tr>\n		<td class=\"text-right\">附件：</td>\n		<td>1.jpg/uploadFile/evidence_files/f00c010c-272e-4db2-a192-75baed6c2073.jpg</td>\n	</tr>\n	<tr>\n		<td class=\"text-right\">内容：</td>\n		<td><p><ol><li><span style=\"line-height: 1.42857;\">的</span><span style=\"font-size: 36px;\">擦擦擦擦<span style=\"background-color: rgb(214, 239, 214); color: rgb(66, 66, 66);\">擦擦 出错</span></span><br></li><li style=\"text-align: left;\"><span style=\"font-size: 36px;\"><span style=\"background-color: rgb(214, 239, 214); color: rgb(66, 66, 66);\">2c2c0</span></span></li></ol></p></td>\n	</tr>\n</table>\n'),('0f7fc1d3-2a92-46c8-a9d3-a56677557207','125.70.79.71','2016-04-06','项目管理','修改项目公告','修改项目公告',NULL,'admin','a538004f-b6b2-48e3-8fcb-8ba000a3019a','81e97469-2fd1-4b3c-b3ac-593e5bd1ec6c','\n<table>\n	<tr>\n		<td class=\"text-right\">所属项目名称：</td>\n		<td>测试项目</td>\n	</tr>\n	<tr>\n		<td class=\"text-right\">公告进度：</td>\n		<td>三公告</td>\n	</tr>\n	<tr>\n		<td class=\"text-right\">公告文号：</td>\n		<td>3332v的</td>\n	</tr>\n	<tr>\n		<td class=\"text-right\">公告时间：</td>\n		<td>2016/03/29</td>\n	</tr>\n	<tr>\n		<td class=\"text-right\">公告批文：</td>\n		<td></td>\n	</tr>\n</table>\n'),('107e2f17-9e27-43a4-be03-0c2e551bd613','175.9.111.33','2016-04-20','购房券制发','导入购房券信息','导入购房券信息',NULL,'12345','6b3dac14-8116-4aad-8643-c54821ebf93c','91b075a7-f6c3-4992-bb87-87a03464e93e','\n<style type=\"text/css\">\n.autoTbale td,.autoTbale th {\n	white-space: nowrap;\n}\n</style>\n<div style=\"overflow-x:auto;width: 100%;\">\n	<table class=\"table table-hover table-bordered autoTbale\">\n		<thead>\n			<tr>\n				<td>征拆项目</td>\n				<td>姓名</td>\n				<td>与户主关系</td>\n				<td>身份证件</td>\n				<td>人口</td>\n				<td>票据号</td>\n				<td>补贴金额</td>\n			</tr>\n		</thead>\n		<tbody>\n			<tr>\n				<td>长沙师范学校第二校区</td>\n				<td>孙海涛</td>\n				<td>夫</td>\n				<td>430121194608089716</td>\n				<td>0</td>\n				<td>14001965</td>\n				<td>40000</td>\n			</tr>\n		</tbody>\n	</table>\n</div>\n'),('10afa46f-08e0-4ceb-a2aa-73c6a770e76c','175.11.124.141','2016-03-22','购房券制发','手工添加购房券信息','手工添加购房券信息',NULL,'å¾å°å','6b3dac14-8116-4aad-8643-c54821ebf93c','a101d391-b065-4fc2-84cf-b64ef60ad9a5','\n<table>\n	<tr>\n		<td class=\"text-right\">姓名：</td>\n		<td>刘某某</td>\n	</tr>\n	<tr>\n		<td class=\"text-right\">身份证：</td>\n		<td>430121199102249898</td>\n	</tr>\n	<tr>\n		<td class=\"text-right\">购房券金额（万元）：</td>\n		<td>15.8</td>\n	</tr>\n	<tr>\n		<td class=\"text-right\">购房券券号：</td>\n		<td>001145</td>\n	</tr>\n	<tr>\n		<td class=\"text-right\">制券时间：</td>\n		<td>2016/03/22</td>\n	</tr>\n</table>\n'),('10d2006f-6171-49f9-906e-2f05aa173180','182.148.57.207','2016-04-07','拆迁户管理','修改拆迁户户信息','修改拆迁户户信息',NULL,'admin','be769d24-1b19-472a-9f68-fc82c800ad29','81e97469-2fd1-4b3c-b3ac-593e5bd1ec6c','\n<table>\n	<tr>\n		<td class=\"text-right\">户主姓名：</td>\n		<td>李寿双</td>\n	</tr>\n	<tr>\n		<td class=\"text-right\">选择所属项目：</td>\n		<td>星沙联络线</td>\n	</tr>\n	<tr>\n		<td class=\"text-right\">房屋合法面积（平方米）：</td>\n		<td>0</td>\n	</tr>\n	<tr>\n		<td class=\"text-right\">房屋违章面积（平方米）：</td>\n		<td>0</td>\n	</tr>\n	<tr>\n		<td class=\"text-right\">所属地址：</td>\n		<td>123213</td>\n	</tr>\n	<tr>\n		<td class=\"text-right\">批证及其他情况说明：</td>\n		<td></td>\n	</tr>\n	<tr>\n		<td class=\"text-right\">拟定处理方案：</td>\n		<td></td>\n	</tr>\n	<tr>\n		<td class=\"text-right\">联合会审意见：</td>\n		<td></td>\n	</tr>\n	<tr>\n		<td class=\"text-right\">备注：</td>\n		<td></td>\n	</tr>\n	<tr>\n		<td class=\"text-right\">联合会审附件：</td>\n		<td></td>\n	</tr>\n	<tr>\n		<td class=\"text-right\">高拍仪拍照：</td>\n		<td></td>\n	</tr>\n	<tr>\n		<td class=\"text-right\">房屋照片管理：</td>\n		<td></td>\n	</tr>\n	<tr>\n		<td class=\"text-right\">家庭成员数：</td>\n		<td>8</td>\n	</tr>\n</table>\n'),('10e5325a-95ef-4654-8ef3-876ac04eb750','175.11.0.72','2016-03-29','购房券制发','导入购房券信息','导入购房券信息',NULL,'admin','6b3dac14-8116-4aad-8643-c54821ebf93c','81e97469-2fd1-4b3c-b3ac-593e5bd1ec6c','\n<style type=\"text/css\">\n.autoTbale td,.autoTbale th {\n	white-space: nowrap;\n}\n</style>\n<div style=\"overflow-x:auto;width: 100%;\">\n	<table class=\"table table-hover table-bordered autoTbale\">\n		<thead>\n			<tr>\n				<td>征拆项目</td>\n				<td>姓名</td>\n				<td>与户主关系</td>\n				<td>身份证件</td>\n				<td>人口</td>\n				<td>票据号</td>\n				<td>补贴金额</td>\n			</tr>\n		</thead>\n		<tbody>\n			<tr>\n				<td></td>\n				<td>郭正杰</td>\n				<td>户主</td>\n				<td>430121193504248116</td>\n				<td>0</td>\n				<td>14014065</td>\n				<td>162800</td>\n			</tr>\n			<tr>\n				<td></td>\n				<td>杨美珍</td>\n				<td>妻</td>\n				<td>43012119361121814X</td>\n				<td>0</td>\n				<td>14014066</td>\n				<td>162800</td>\n			</tr>\n		</tbody>\n	</table>\n</div>\n'),('11873270-57da-4ffa-83ff-8e47b5729fea','118.112.56.76','2016-03-29','信访管理','修改信访信息','修改信访信息',NULL,'12345','e746da4a-c40f-409b-9130-270e372efb04','91b075a7-f6c3-4992-bb87-87a03464e93e','\n<table>\n	<tr>\n		<td class=\"text-right\">上访者姓名：</td>\n		<td>接警后</td>\n	</tr>\n	<tr>\n		<td class=\"text-right\">上访者电话：</td>\n		<td>18181818181</td>\n	</tr>\n	<tr>\n		<td class=\"text-right\">上访者的住址：</td>\n		<td>address</td>\n	</tr>\n	<tr>\n		<td class=\"text-right\">选择上访项目：</td>\n		<td>测试项目2</td>\n	</tr>\n	<tr>\n		<td class=\"text-right\">上访时间：</td>\n		<td>2016/03/29</td>\n	</tr>\n	<tr>\n		<td class=\"text-right\">信访途径：</td>\n		<td>tel</td>\n	</tr>\n	<tr>\n		<td class=\"text-right\">上访者的其他信息：</td>\n		<td>上访者的其他信息</td>\n	</tr>\n	<tr>\n		<td class=\"text-right\">上访凭证：</td>\n		<td></td>\n	</tr>\n	<tr>\n		<td class=\"text-right\">相关资料：</td>\n		<td></td>\n	</tr>\n	<tr>\n		<td class=\"text-right\">处理意见：</td>\n		<td>处理意见</td>\n	</tr>\n</table>\n'),('11f90ba3-ebbc-49f4-bb56-ab7641d1c4c8','125.70.79.216','2016-04-22','项目管理','修改项目公告','修改项目公告',NULL,'admin','a538004f-b6b2-48e3-8fcb-8ba000a3019a','81e97469-2fd1-4b3c-b3ac-593e5bd1ec6c','\n<table>\n	<tr>\n		<td class=\"text-right\">所属项目名称：</td>\n		<td>星沙联络线</td>\n	</tr>\n	<tr>\n		<td class=\"text-right\">公告进度：</td>\n		<td>二公告</td>\n	</tr>\n	<tr>\n		<td class=\"text-right\">公告文号：</td>\n		<td>2</td>\n	</tr>\n	<tr>\n		<td class=\"text-right\">公告时间：</td>\n		<td>2016/04/21</td>\n	</tr>\n	<tr>\n		<td class=\"text-right\">公告批文：</td>\n		<td></td>\n	</tr>\n</table>\n'),('1311b00c-c7c3-403c-887b-946ab4227259','175.9.110.132','2016-04-26','购房券制发','购房券户发放','购房券户发放',NULL,'12345','6b3dac14-8116-4aad-8643-c54821ebf93c','91b075a7-f6c3-4992-bb87-87a03464e93e','\n<style type=\"text/css\">\n.autoTbale td,.autoTbale th {\n	white-space: nowrap;\n}\n</style>\n<div style=\"overflow-x:auto;width: 100%;\">\n	<table class=\"table table-hover table-bordered autoTbale\">\n		<thead>\n			<tr>\n				<td>购房券所属人姓名</td>\n				<td>购房券所属人身份证件</td>\n				<td>购房券券号</td>\n				<td>补贴金额（万元）</td>\n				<td>制券时间</td>\n				<td>领用人姓名</td>\n				<td>领用人身份证件</td>\n				<td>领用时间</td>\n				<td>领用凭证</td>\n				<td>领取备注</td>\n			</tr>\n		</thead>\n		<tbody>\n			<tr>\n				<td>曹寿珍</td>\n				<td>430121194404217923</td>\n				<td>13006034</td>\n				<td>152800</td>\n				<td>2016/04/26</td>\n				<td>曹寿珍</td>\n				<td>430121194404217923</td>\n				<td>2016/04/26</td>\n				<td></td>\n				<td></td>\n			</tr>\n			<tr>\n				<td>马振兴</td>\n				<td>430121193508017534</td>\n				<td>13006035</td>\n				<td>25300</td>\n				<td>2016/04/26</td>\n				<td>曹寿珍</td>\n				<td>430121194404217923</td>\n				<td>2016/04/26</td>\n				<td></td>\n				<td></td>\n			</tr>\n		</tbody>\n	</table>\n</div>\n'),('1398ac70-d7bf-4bb1-98ef-c05ef4f654cd','118.112.58.104','2016-04-21','项目管理','增加项目公告','增加项目公告',NULL,'admin','a538004f-b6b2-48e3-8fcb-8ba000a3019a','81e97469-2fd1-4b3c-b3ac-593e5bd1ec6c','\n<table>\n	<tr>\n		<td class=\"text-right\">所属项目名称：</td>\n		<td>地铁轨道交通3号线龙角站</td>\n	</tr>\n	<tr>\n		<td class=\"text-right\">公告进度：</td>\n		<td>\n							一公告</td>\n	</tr>\n	<tr>\n		<td class=\"text-right\">公告文号：</td>\n		<td>5854</td>\n	</tr>\n	<tr>\n		<td class=\"text-right\">公告时间：</td>\n		<td>2016/04/21</td>\n	</tr>\n	<tr>\n		<td class=\"text-right\">公告批文：</td>\n		<td></td>\n	</tr>\n</table>\n'),('146c5737-fd47-45a4-b5bb-8b65ef92832f','182.148.59.67','2016-04-27','项目管理','修改项目月报','修改项目月报',NULL,'admin','a538004f-b6b2-48e3-8fcb-8ba000a3019a','81e97469-2fd1-4b3c-b3ac-593e5bd1ec6c','\n<table>\n	<tr>\n		<td class=\"text-right\">所属项目名称：</td>\n		<td>项目二号</td>\n	</tr>\n	<tr>\n		<td class=\"text-right\">选择录入的所属年/月：</td>\n		<td>2016/04/01</td>\n	</tr>\n	<tr>\n		<td class=\"text-right\">本月拆除栋数(合法)：</td>\n		<td>1</td>\n	</tr>\n	<tr>\n		<td class=\"text-right\">本月腾地数（亩）：</td>\n		<td>1</td>\n	</tr>\n	<tr>\n		<td class=\"text-right\">本月拆除面积（合法）（平方米）：</td>\n		<td>2</td>\n	</tr>\n	<tr>\n		<td class=\"text-right\">本月动迁的人口：</td>\n		<td>2</td>\n	</tr>\n	<tr>\n		<td class=\"text-right\">本月下达期限腾地决定书：</td>\n		<td>23</td>\n	</tr>\n	<tr>\n		<td class=\"text-right\">本月申请法院执行数：</td>\n		<td>1</td>\n	</tr>\n	<tr>\n		<td class=\"text-right\">本月实施强制户数：</td>\n		<td>1</td>\n	</tr>\n	<tr>\n		<td class=\"text-right\">启动时间：</td>\n		<td></td>\n	</tr>\n	<tr>\n		<td class=\"text-right\">是否为本月完成结算项目：</td>\n		<td>是</td>\n	</tr>\n	<tr>\n		<td class=\"text-right\">备注：</td>\n		<td>23</td>\n	</tr>\n</table>\n'),('14aa82e5-32d5-410a-88c8-6ccc89c7e5c8','125.70.79.71','2016-04-06','购房券制发','手工添加人员信息','手工添加人员信息',NULL,'admin','6b3dac14-8116-4aad-8643-c54821ebf93c','81e97469-2fd1-4b3c-b3ac-593e5bd1ec6c','\n<table>\n	<tr>\n		<td class=\"text-right\">户主姓名：</td>\n		<td>李寿双</td>\n	</tr>\n	<tr>\n		<td class=\"text-right\">户主身份证件：</td>\n		<td>430121193909118117</td>\n	</tr>\n	<tr>\n		<td class=\"text-right\">人员姓名：</td>\n		<td>123123223</td>\n	</tr>\n	<tr>\n		<td class=\"text-right\">与户主关系：</td>\n		<td>女儿</td>\n	</tr>\n	<tr>\n		<td class=\"text-right\">身份证件：</td>\n		<td>1231232</td>\n	</tr>\n	<tr>\n		<td class=\"text-right\">性别：</td>\n		<td>女</td>\n	</tr>\n	<tr>\n		<td class=\"text-right\">户口性质：</td>\n		<td>城镇居民</td>\n	</tr>\n	<tr>\n		<td class=\"text-right\">出生日期：</td>\n		<td>2016/03/16</td>\n	</tr>\n	<tr>\n		<td class=\"text-right\">文化程度：</td>\n		<td>3123</td>\n	</tr>\n	<tr>\n		<td class=\"text-right\">在读情况：</td>\n		<td>123</td>\n	</tr>\n	<tr>\n		<td class=\"text-right\">从事农业劳动时间：</td>\n		<td>123</td>\n	</tr>\n	<tr>\n		<td class=\"text-right\">服兵役/劳改/劳教情况及时间起止段：</td>\n		<td>123</td>\n	</tr>\n	<tr>\n		<td class=\"text-right\">联系电话：</td>\n		<td>123</td>\n	</tr>\n	<tr>\n		<td class=\"text-right\">独生子女证件号：</td>\n		<td>123</td>\n	</tr>\n	<tr>\n		<td class=\"text-right\">是否半边户：</td>\n		<td>是</td>\n	</tr>\n	<tr>\n		<td class=\"text-right\">是否参加过社会保险：</td>\n		<td>是</td>\n	</tr>\n	<tr>\n		<td class=\"text-right\">备注：</td>\n		<td>1313</td>\n	</tr>\n</table>\n'),('15fce91e-d5de-4e24-99e2-d70b1259f885','125.70.79.71','2016-04-06','项目管理','修改项目公告','修改项目公告',NULL,'admin','a538004f-b6b2-48e3-8fcb-8ba000a3019a','81e97469-2fd1-4b3c-b3ac-593e5bd1ec6c','\n<table>\n	<tr>\n		<td class=\"text-right\">所属项目名称：</td>\n		<td>测试项目</td>\n	</tr>\n	<tr>\n		<td class=\"text-right\">公告进度：</td>\n		<td>三公告</td>\n	</tr>\n	<tr>\n		<td class=\"text-right\">公告文号：</td>\n		<td>3332eeeeeeeeeeeeeeeeeeeeeeeeeeeeeeeeeeeeeeeeeeeeeeeeeeeeeeeeeeeeeeeeeeeee</td>\n	</tr>\n	<tr>\n		<td class=\"text-right\">公告时间：</td>\n		<td>2016/03/29</td>\n	</tr>\n	<tr>\n		<td class=\"text-right\">公告批文：</td>\n		<td></td>\n	</tr>\n</table>\n'),('1753c00d-30e5-43f3-a75a-a52eccd35b9a','182.148.57.142','2016-03-22','项目管理','导入项目信息','导入项目信息',NULL,'admin','a538004f-b6b2-48e3-8fcb-8ba000a3019a','81e97469-2fd1-4b3c-b3ac-593e5bd1ec6c','\n<style type=\"text/css\">\n.autoTbale td,.autoTbale th {\n	white-space: nowrap;\n}\n</style>\n<div style=\"overflow-x:auto;width: 100%;\">\n	<table class=\"table table-hover table-bordered autoTbale\">\n		<thead>\n			<tr>\n				<td colspan=\"30\">月报时间：2015/01</td>\n			</tr>\n			<tr>\n				<td rowspan=\"4\">在拆项目名称</td>\n				<td rowspan=\"4\">审批单号</td>\n				<td rowspan=\"4\">项目分类</td>\n				<td colspan=\"2\">项目类型（用√标识）</td>\n 				<td rowspan=\"4\">本月新启动项目<br>（用√标识）</td>\n				<td rowspan=\"4\">是否为本月完成结算项目<br>（用√标识）</td>\n				<td rowspan=\"4\">用地位置</td>\n				<td colspan=\"4\">腾地情况</td>\n				<td colspan=\"8\">拆除房屋情况</td>\n				<td colspan=\"4\">拆迁安置人口情况</td>\n				<td rowspan=\"4\">本年下达限期腾地决定书</td>\n				<td rowspan=\"4\">本年申请法院执行</td>\n				<td rowspan=\"4\">本年依法实施强制腾地户数</td>\n				<td rowspan=\"4\">属“六前项目”请打√</td>\n				<td rowspan=\"4\">备注</td>\n			</tr>\n			<tr>\n				<td rowspan=\"2\">基础设施</td>\n				<td rowspan=\"2\">其他</td>\n 				<td rowspan=\"2\">征地面积</td>\n				<td colspan=\"3\">已腾地</td>\n				<td>应拆栋数（合法）</td>\n				<td colspan=\"3\">已拆栋数  （合法）</td>\n				<td>应拆总面积（合法）</td>\n				<td colspan=\"3\">已拆面积（合法）</td>\n				<td rowspan=\"2\">应动迁人口（包括非农、半边户、独生子女）</td>\n				<td colspan=\"3\">已动迁人口</td>\n			</tr>\n			<tr>\n 				<td>累计</td>\n				<td>本月</td>\n				<td>本年</td>\n				<td>累计</td>\n				<td>累计</td>\n				<td>本月</td>\n				<td>本年</td>\n				<td>累计</td>\n				<td>累计</td>\n				<td>本月</td>\n				<td>本年</td>\n				<td>累计</td>\n				<td>本月</td>\n				<td>本年</td>	\n			</tr>\n		</thead>\n		<tbody>\n			<tr>\n				<td>项目名称1</td>\n				<td>审批号</td>\n				<td>省市重点项目</td>\n				<td></td>\n				<td>√</td>\n				<td>√</td>\n				<td>√</td>\n				<td>地址</td>\n				<td>100</td>\n				<td>100</td>\n				<td>100</td>\n				<td>100</td>\n				<td>100</td>\n				<td>100</td>\n				<td>100</td>\n				<td>100</td>\n				<td>100</td>\n				<td>100</td>\n				<td>100</td>\n				<td>100</td>\n				<td>100</td>\n				<td>100</td>\n				<td>100</td>\n				<td>100</td>\n				<td>100</td>\n				<td>100</td>\n				<td>100</td>\n				<td>√</td>\n				<td>备注</td>\n			</tr>\n		</tbody>\n	</table>\n</div>\n'),('1778378b-dada-4a74-af05-697663107abf','175.9.36.97','2016-03-28','购房券制发','手工添加人员信息','手工添加人员信息',NULL,'12345','6b3dac14-8116-4aad-8643-c54821ebf93c','91b075a7-f6c3-4992-bb87-87a03464e93e','\n<table>\n	<tr>\n		<td class=\"text-right\">户主姓名：</td>\n		<td>小明</td>\n	</tr>\n	<tr>\n		<td class=\"text-right\">户主身份证件：</td>\n		<td>123025541</td>\n	</tr>\n	<tr>\n		<td class=\"text-right\">人员姓名：</td>\n		<td>张三</td>\n	</tr>\n	<tr>\n		<td class=\"text-right\">与户主关系：</td>\n		<td>其他-非亲属</td>\n	</tr>\n	<tr>\n		<td class=\"text-right\">身份证件：</td>\n		<td>43012119800606451x</td>\n	</tr>\n	<tr>\n		<td class=\"text-right\">性别：</td>\n		<td>男</td>\n	</tr>\n	<tr>\n		<td class=\"text-right\">户口性质：</td>\n		<td>城镇居民</td>\n	</tr>\n	<tr>\n		<td class=\"text-right\">出生日期：</td>\n		<td>1980/06/06</td>\n	</tr>\n	<tr>\n		<td class=\"text-right\">文化程度：</td>\n		<td></td>\n	</tr>\n	<tr>\n		<td class=\"text-right\">在读情况：</td>\n		<td></td>\n	</tr>\n	<tr>\n		<td class=\"text-right\">从事农业劳动时间：</td>\n		<td></td>\n	</tr>\n	<tr>\n		<td class=\"text-right\">服兵役/劳改/劳教情况及时间起止段：</td>\n		<td></td>\n	</tr>\n	<tr>\n		<td class=\"text-right\">联系电话：</td>\n		<td></td>\n	</tr>\n	<tr>\n		<td class=\"text-right\">独生子女证件号：</td>\n		<td></td>\n	</tr>\n	<tr>\n		<td class=\"text-right\">是否半边户：</td>\n		<td>否</td>\n	</tr>\n	<tr>\n		<td class=\"text-right\">是否参加过社会保险：</td>\n		<td>否</td>\n	</tr>\n	<tr>\n		<td class=\"text-right\">备注：</td>\n		<td></td>\n	</tr>\n</table>\n'),('17e6b205-6ea6-4a12-9288-cbc23c273b78','117.172.25.168','2016-04-04','购房券制发','手工添加购房券信息','手工添加购房券信息',NULL,'admin','6b3dac14-8116-4aad-8643-c54821ebf93c','81e97469-2fd1-4b3c-b3ac-593e5bd1ec6c','\n<table>\n	<tr>\n		<td class=\"text-right\">姓名：</td>\n		<td>测试独生子女</td>\n	</tr>\n	<tr>\n		<td class=\"text-right\">身份证件：</td>\n		<td>110108199905220036</td>\n	</tr>\n	<tr>\n		<td class=\"text-right\">购房券金额（万元）：</td>\n		<td>4</td>\n	</tr>\n	<tr>\n		<td class=\"text-right\">购房券券号：</td>\n		<td>101002</td>\n	</tr>\n	<tr>\n		<td class=\"text-right\">制券时间：</td>\n		<td>2016/04/04</td>\n	</tr>\n</table>\n'),('17efa7c2-d559-4b0a-b53e-84740bb040a8','125.70.79.71','2016-04-06','项目管理','手工添加项目信息','手工添加项目信息',NULL,'admin','a538004f-b6b2-48e3-8fcb-8ba000a3019a','81e97469-2fd1-4b3c-b3ac-593e5bd1ec6c','\n<table>\n	<tr>\n        <td class=\"text-right\">项目审批号：</td>\n        <td>11</td>\n	</tr>\n	<tr>\n        <td class=\"text-right\">项目名称：</td>\n        <td>1223</td>\n	</tr>\n	<tr>\n        <td class=\"text-right\">项目分类：</td>\n        <td>省市重点项目</td>\n	</tr>\n	<tr>\n        <td class=\"text-right\">项目地址：</td>\n        <td>1233</td>\n	</tr>\n	<tr>\n        <td class=\"text-right\">项目类型：</td>\n        <td>基础设施</td>\n	</tr>\n	<tr>\n        <td class=\"text-right\">征地面积（亩）：</td>\n        <td>1</td>\n	</tr>\n	<tr>\n        <td class=\"text-right\">应拆栋数：</td>\n        <td>1</td>\n	</tr>\n	<tr>\n        <td class=\"text-right\">应拆户数：</td>\n        <td>1</td>\n	</tr>\n	<tr>\n        <td class=\"text-right\">应动迁人口：</td>\n        <td>1</td>\n	</tr>\n	<tr>\n        <td class=\"text-right\">应拆总面积（合法）（平方米）：</td>\n        <td>1</td>\n	</tr>\n	<tr>\n        <td class=\"text-right\">应拆总面积（违章）（平方米）：</td>\n        <td>1</td>\n	</tr>\n	<tr>\n        <td class=\"text-right\">项目应付补偿款（万元）：</td>\n        <td>1</td>\n	</tr>\n	<tr>\n        <td class=\"text-right\">六前项目：</td>\n        <td>是</td>\n	</tr>\n</table>\n'),('18080c01-4f69-4582-a2ce-2b79b848b6a6','125.70.79.71','2016-04-06','项目管理','修改项目公告','修改项目公告',NULL,'admin','a538004f-b6b2-48e3-8fcb-8ba000a3019a','81e97469-2fd1-4b3c-b3ac-593e5bd1ec6c','\n<table>\n	<tr>\n		<td class=\"text-right\">所属项目名称：</td>\n		<td>测试项目</td>\n	</tr>\n	<tr>\n		<td class=\"text-right\">公告进度：</td>\n		<td>三公告</td>\n	</tr>\n	<tr>\n		<td class=\"text-right\">公告文号：</td>\n		<td>3332</td>\n	</tr>\n	<tr>\n		<td class=\"text-right\">公告时间：</td>\n		<td>2016/03/29</td>\n	</tr>\n	<tr>\n		<td class=\"text-right\">公告批文：</td>\n		<td></td>\n	</tr>\n</table>\n'),('18ccf932-6a90-44b7-956b-818b22da02d2','125.70.79.216','2016-04-22','项目管理','修改项目公告','修改项目公告',NULL,'admin','a538004f-b6b2-48e3-8fcb-8ba000a3019a','81e97469-2fd1-4b3c-b3ac-593e5bd1ec6c','\n<table>\n	<tr>\n		<td class=\"text-right\">所属项目名称：</td>\n		<td>星沙联络线</td>\n	</tr>\n	<tr>\n		<td class=\"text-right\">公告进度：</td>\n		<td>二公告</td>\n	</tr>\n	<tr>\n		<td class=\"text-right\">公告文号：</td>\n		<td>2</td>\n	</tr>\n	<tr>\n		<td class=\"text-right\">公告时间：</td>\n		<td>2016/04/21</td>\n	</tr>\n	<tr>\n		<td class=\"text-right\">公告批文：</td>\n		<td></td>\n	</tr>\n</table>\n'),('18f0ee85-c156-4a13-88a5-d9a0481002c7','175.8.60.56','2016-04-25','项目管理','增加项目公告','增加项目公告',NULL,'12345','a538004f-b6b2-48e3-8fcb-8ba000a3019a','91b075a7-f6c3-4992-bb87-87a03464e93e','\n<table>\n	<tr>\n		<td class=\"text-right\">所属项目名称：</td>\n		<td>地铁三号线张公塘停车场</td>\n	</tr>\n	<tr>\n		<td class=\"text-right\">公告进度：</td>\n		<td>\n							一公告</td>\n	</tr>\n	<tr>\n		<td class=\"text-right\">公告文号：</td>\n		<td>长县政府（2016）第16号</td>\n	</tr>\n	<tr>\n		<td class=\"text-right\">公告时间：</td>\n		<td>2016/04/07</td>\n	</tr>\n	<tr>\n		<td class=\"text-right\">公告批文：</td>\n		<td>16-1.jpg/uploadFile/policy_files/a110d2f9-b1bf-4bd1-987b-d6506829ae83.jpg</td>\n	</tr>\n</table>\n'),('19c8ab7c-a960-4a58-8877-0fa36e45c945','182.148.57.207','2016-04-07','已迁户信息管理','删除已拆迁户','删除已拆迁户',NULL,'admin','bac2388a-3e8c-494f-8525-62c2a3370229','81e97469-2fd1-4b3c-b3ac-593e5bd1ec6c',NULL),('19d8750c-5c06-404c-bb41-aae2c8dfd4ee','125.70.79.216','2016-04-22','项目管理','增加项目公告','增加项目公告',NULL,'admin','a538004f-b6b2-48e3-8fcb-8ba000a3019a','81e97469-2fd1-4b3c-b3ac-593e5bd1ec6c','\n<table>\n	<tr>\n		<td class=\"text-right\">所属项目名称：</td>\n		<td>湖南长沙农产品物流中心二期建设项目用地</td>\n	</tr>\n	<tr>\n		<td class=\"text-right\">公告进度：</td>\n		<td>二公告</td>\n	</tr>\n	<tr>\n		<td class=\"text-right\">公告文号：</td>\n		<td>123123</td>\n	</tr>\n	<tr>\n		<td class=\"text-right\">公告时间：</td>\n		<td>2016/04/22</td>\n	</tr>\n	<tr>\n		<td class=\"text-right\">公告批文：</td>\n		<td></td>\n	</tr>\n</table>\n'),('1b07ee1f-715c-4337-9f16-d99a6ee60766','125.70.79.216','2016-04-22','社保管理','修改社保信息','修改社保信息',NULL,'admin','8502199d-390e-49e1-a37a-43b5677bc705','81e97469-2fd1-4b3c-b3ac-593e5bd1ec6c','\n<table>\n	<tr>\n		<td class=\"text-right\">姓名：</td>\n		<td>徐建冬</td>\n	</tr>\n	<tr>\n		<td class=\"text-right\">身份证件：</td>\n		<td>430121196811177585</td>\n	</tr>\n	<tr>\n		<td class=\"text-right\">纳入社保时间：</td>\n		<td>2016/04/12</td>\n	</tr>\n	<tr>\n		<td class=\"text-right\">所属社区：</td>\n		<td>1</td>\n	</tr>\n	<tr>\n		<td class=\"text-right\">参加何种医疗保险：</td>\n		<td>23</td>\n	</tr>\n	<tr>\n		<td class=\"text-right\">养老保险补缴年限：</td>\n		<td>0</td>\n	</tr>\n	<tr>\n		<td class=\"text-right\">医疗保险视同缴费月数：</td>\n		<td>0</td>\n	</tr>\n	<tr>\n		<td class=\"text-right\">服刑或劳动教养时间(月)：</td>\n		<td>0</td>\n	</tr>\n	<tr>\n		<td class=\"text-right\">军队服役时间(月)：</td>\n		<td>0</td>\n	</tr>\n</table>\n'),('1b8e81f5-a2fa-4bbb-8ae4-5468fd3fcb19','175.11.0.72','2016-03-29','拆迁户管理','修改拆迁户人员','修改拆迁户人员信息',NULL,'admin','be769d24-1b19-472a-9f68-fc82c800ad29','81e97469-2fd1-4b3c-b3ac-593e5bd1ec6c','\n<table>\n	<tr>\n		<td class=\"text-right\">姓名：</td>\n		<td>郭正杰</td>\n	</tr>\n	<tr>\n		<td class=\"text-right\">与户主关系：</td>\n		<td>户主</td>\n	</tr>\n	<tr>\n		<td class=\"text-right\">身份证件：</td>\n		<td>430121193504248116</td>\n	</tr>\n	<tr>\n		<td class=\"text-right\">性别：</td>\n		<td>男</td>\n	</tr>\n	<tr>\n		<td class=\"text-right\">户口性质：</td>\n		<td>农村居民</td>\n	</tr>\n	<tr>\n		<td class=\"text-right\">出生日期：</td>\n		<td>1935/04/24</td>\n	</tr>\n	<tr>\n		<td class=\"text-right\">文化程度：</td>\n		<td>高中</td>\n	</tr>\n	<tr>\n		<td class=\"text-right\">在读情况：</td>\n		<td></td>\n	</tr>\n	<tr>\n		<td class=\"text-right\">从事农业劳动时间：</td>\n		<td></td>\n	</tr>\n	<tr>\n		<td class=\"text-right\">服兵役/劳改/劳教情况及时间起止段：</td>\n		<td></td>\n	</tr>\n	<tr>\n		<td class=\"text-right\">联系电话：</td>\n		<td></td>\n	</tr>\n	<tr>\n		<td class=\"text-right\">独生子女证件号：</td>\n		<td></td>\n	</tr>\n	<tr>\n		<td class=\"text-right\">是否半边户：</td>\n		<td>否</td>\n	</tr>\n	<tr>\n		<td class=\"text-right\">是否参加过社会保险：</td>\n		<td>否</td>\n	</tr>\n	<tr>\n		<td class=\"text-right\">备注：</td>\n		<td></td>\n	</tr>\n</table>\n'),('1c93d536-0325-42b2-bb30-8205353ad948','182.138.201.91','2016-03-29','拆迁户管理','修改拆迁户户信息','修改拆迁户户信息',NULL,'admin','be769d24-1b19-472a-9f68-fc82c800ad29','81e97469-2fd1-4b3c-b3ac-593e5bd1ec6c','\n<table>\n	<tr>\n		<td class=\"text-right\">户主姓名：</td>\n		<td>小明</td>\n	</tr>\n	<tr>\n		<td class=\"text-right\">选择所属项目：</td>\n		<td>测试项目</td>\n	</tr>\n	<tr>\n		<td class=\"text-right\">房屋合法面积（平方米）：</td>\n		<td>90</td>\n	</tr>\n	<tr>\n		<td class=\"text-right\">房屋违章面积（平方米）：</td>\n		<td>0</td>\n	</tr>\n	<tr>\n		<td class=\"text-right\">所属地址：</td>\n		<td>高唐街道天河区天河1组</td>\n	</tr>\n	<tr>\n		<td class=\"text-right\">批证及其他情况说明：</td>\n		<td>00</td>\n	</tr>\n	<tr>\n		<td class=\"text-right\">拟定处理方案：</td>\n		<td></td>\n	</tr>\n	<tr>\n		<td class=\"text-right\">联合会审意见：</td>\n		<td></td>\n	</tr>\n	<tr>\n		<td class=\"text-right\">备注：</td>\n		<td></td>\n	</tr>\n	<tr>\n		<td class=\"text-right\">联合会审附件：</td>\n		<td></td>\n	</tr>\n	<tr>\n		<td class=\"text-right\">高拍仪拍照：</td>\n		<td></td>\n	</tr>\n	<tr>\n		<td class=\"text-right\">房屋照片管理：</td>\n		<td></td>\n	</tr>\n	<tr>\n		<td class=\"text-right\">家庭成员数：</td>\n		<td>1</td>\n	</tr>\n</table>\n'),('1ca62ffc-52a4-4060-bdae-0332fef89f69','125.70.179.252','2016-03-24','购房券制发','录入项目出资单位','录入项目出资单位',NULL,'admin','6b3dac14-8116-4aad-8643-c54821ebf93c','81e97469-2fd1-4b3c-b3ac-593e5bd1ec6c','\n<table>\n	<tr>\n		<td class=\"text-right\">项目审批号：</td>\n		<td>审批号</td>\n	</tr>\n	<tr>\n		<td class=\"text-right\">项目名称：</td>\n		<td>项目名称1</td>\n	</tr>\n	<tr>\n		<td class=\"text-right\">项目分类：</td>\n		<td></td>\n	</tr>\n	<tr>\n		<td class=\"text-right\">项目地址：</td>\n		<td>地址</td>\n	</tr>\n	<tr>\n		<td class=\"text-right\">项目类型：</td>\n		<td>其他</td>\n	</tr>\n	<tr>\n		<td class=\"text-right\">国土局出资单位名称：</td>\n		<td>国土局</td>\n	</tr>\n	<tr>\n		<td class=\"text-right\">其他出资单位名称：</td>\n		<td>其他出资单位</td>\n	</tr>\n</table>\n'),('1cc5e655-42a4-4b0d-a375-5ace528e1520','182.148.59.67','2016-04-27','项目管理','录入项目月进度','录入项目月进度',NULL,'admin','a538004f-b6b2-48e3-8fcb-8ba000a3019a','81e97469-2fd1-4b3c-b3ac-593e5bd1ec6c','\n<table>\n	<tr>\n		<td class=\"text-right\">所属项目名称：</td>\n		<td>项目二号</td>\n	</tr>\n	<tr>\n		<td class=\"text-right\">选择录入的所属年/月：</td>\n		<td>2016/04/01</td>\n	</tr>\n	<tr>\n		<td class=\"text-right\">本月拆除栋数(合法)：</td>\n		<td>1</td>\n	</tr>\n	<tr>\n		<td class=\"text-right\">本月腾地数（亩）：</td>\n		<td>1.00</td>\n	</tr>\n	<tr>\n		<td class=\"text-right\">本月拆除面积（合法）（平方米）：</td>\n		<td>2</td>\n	</tr>\n	<tr>\n		<td class=\"text-right\">本月动迁的人口：</td>\n		<td>2</td>\n	</tr>\n	<tr>\n		<td class=\"text-right\">本月下达期限腾地决定书：</td>\n		<td>23</td>\n	</tr>\n	<tr>\n		<td class=\"text-right\">本月申请法院执行数：</td>\n		<td>1</td>\n	</tr>\n	<tr>\n		<td class=\"text-right\">本月实施强制户数：</td>\n		<td>1</td>\n	</tr>\n	<tr>\n		<td class=\"text-right\">启动时间：</td>\n		<td>2016/04/22</td>\n	</tr>\n	<tr>\n		<td class=\"text-right\">是否为本月完成结算项目：</td>\n		<td>是</td>\n	</tr>\n	<tr>\n		<td class=\"text-right\">备注：</td>\n		<td>23</td>\n	</tr>\n</table>\n'),('1f4d3951-6088-4005-8041-e74fb0c6cd4f','125.70.159.123','2016-04-04','社保管理','批量录入社保信息','批量录入社保信息',NULL,'12345','8502199d-390e-49e1-a37a-43b5677bc705','91b075a7-f6c3-4992-bb87-87a03464e93e','\n<style type=\"text/css\">\n.autoTbale td,.autoTbale th {\n	white-space: nowrap;\n}\n</style>\n<div style=\"overflow-x:auto;width: 100%;\">\n<table class=\"table table-hover table-bordered autoTbale\">\n	<thead>\n		<tr>\n		    <td>姓名</td>\n		    <td>身份证件</td>\n		    <td>待遇标准</td>\n		    <td>社保时间</td>\n		    <td>年龄段</td>\n		    <td>所属社区</td>\n		    <td>参加何种医疗保险</td>\n		    <td>养老保险补缴年限</td>\n		    <td>医疗保险视同缴费月数</td>\n		    <td>服刑或劳动教养时间(月)</td>\n		    <td>军队服役时间(月)</td>\n		</tr>\n	</thead>\n	<tbody>\n		<tr>\n		    <td>王小阳</td>\n		    <td>43012119581001814X</td>\n		    <td>一次性生活补助</td>\n		    <td>2016/04/04</td>\n		    <td>第三年龄段</td>\n		    <td></td>\n		    <td></td>\n		    <td>0</td>\n		    <td>0</td>\n		    <td>0</td>\n		    <td>0</td>\n		</tr>\n		<tr>\n		    <td>李迪均</td>\n		    <td>430121194505288114</td>\n		    <td>一次性生活补助</td>\n		    <td>2016/04/04</td>\n		    <td>第三年龄段</td>\n		    <td></td>\n		    <td></td>\n		    <td>0</td>\n		    <td>0</td>\n		    <td>0</td>\n		    <td>0</td>\n		</tr>\n		<tr>\n		    <td>郭正杰</td>\n		    <td>430121193504248116</td>\n		    <td>一次性生活补助</td>\n		    <td>2016/04/04</td>\n		    <td>第三年龄段</td>\n		    <td></td>\n		    <td></td>\n		    <td>0</td>\n		    <td>0</td>\n		    <td>0</td>\n		    <td>0</td>\n		</tr>\n		<tr>\n		    <td>易芳</td>\n		    <td>430121198406077926</td>\n		    <td>一次性生活补助</td>\n		    <td>2016/04/04</td>\n		    <td>第二年龄段</td>\n		    <td></td>\n		    <td></td>\n		    <td>0</td>\n		    <td>0</td>\n		    <td>0</td>\n		    <td>0</td>\n		</tr>\n		<tr>\n		    <td>柳佰冬</td>\n		    <td>430121195409038136</td>\n		    <td>一次性生活补助</td>\n		    <td>2016/04/04</td>\n		    <td>第三年龄段</td>\n		    <td></td>\n		    <td></td>\n		    <td>0</td>\n		    <td>0</td>\n		    <td>0</td>\n		    <td>0</td>\n		</tr>\n		<tr>\n		    <td>王金高</td>\n		    <td>430121195701287914</td>\n		    <td>一次性生活补助</td>\n		    <td>2016/04/04</td>\n		    <td>第三年龄段</td>\n		    <td></td>\n		    <td></td>\n		    <td>0</td>\n		    <td>0</td>\n		    <td>0</td>\n		    <td>0</td>\n		</tr>\n		<tr>\n		    <td>李建平</td>\n		    <td>430121197410028145</td>\n		    <td>一次性生活补助</td>\n		    <td>2016/04/04</td>\n		    <td>第二年龄段</td>\n		    <td></td>\n		    <td></td>\n		    <td>0</td>\n		    <td>0</td>\n		    <td>0</td>\n		    <td>0</td>\n		</tr>\n		<tr>\n		    <td>测试余</td>\n		    <td>110108197505220038</td>\n		    <td>一次性生活补助</td>\n		    <td>2016/04/04</td>\n		    <td>第二年龄段</td>\n		    <td></td>\n		    <td></td>\n		    <td>0</td>\n		    <td>0</td>\n		    <td>0</td>\n		    <td>0</td>\n		</tr>\n		<tr>\n		    <td>马强罗</td>\n		    <td>430121193910147919</td>\n		    <td>一次性生活补助</td>\n		    <td>2016/04/04</td>\n		    <td>第三年龄段</td>\n		    <td></td>\n		    <td></td>\n		    <td>0</td>\n		    <td>0</td>\n		    <td>0</td>\n		    <td>0</td>\n		</tr>\n		<tr>\n		    <td>易顺恺</td>\n		    <td>430121193508178119</td>\n		    <td>一次性生活补助</td>\n		    <td>2016/04/04</td>\n		    <td>第三年龄段</td>\n		    <td></td>\n		    <td></td>\n		    <td>0</td>\n		    <td>0</td>\n		    <td>0</td>\n		    <td>0</td>\n		</tr>\n		<tr>\n		    <td>苏秋英</td>\n		    <td>430121196208247921</td>\n		    <td>一次性生活补助</td>\n		    <td>2016/04/04</td>\n		    <td>第三年龄段</td>\n		    <td></td>\n		    <td></td>\n		    <td>0</td>\n		    <td>0</td>\n		    <td>0</td>\n		    <td>0</td>\n		</tr>\n		<tr>\n		    <td>范梓言</td>\n		    <td>430121201009290162</td>\n		    <td>一次性生活补助</td>\n		    <td>2016/04/04</td>\n		    <td>第一年龄段</td>\n		    <td></td>\n		    <td></td>\n		    <td>0</td>\n		    <td>0</td>\n		    <td>0</td>\n		    <td>0</td>\n		</tr>\n		<tr>\n		    <td>金玉珍</td>\n		    <td>430121194610087920</td>\n		    <td>一次性生活补助</td>\n		    <td>2016/04/04</td>\n		    <td>第三年龄段</td>\n		    <td></td>\n		    <td></td>\n		    <td>0</td>\n		    <td>0</td>\n		    <td>0</td>\n		    <td>0</td>\n		</tr>\n		<tr>\n		    <td>张三</td>\n		    <td>43012119800606451x</td>\n		    <td>一次性生活补助</td>\n		    <td>2016/04/04</td>\n		    <td>第二年龄段</td>\n		    <td></td>\n		    <td></td>\n		    <td>0</td>\n		    <td>0</td>\n		    <td>0</td>\n		    <td>0</td>\n		</tr>\n		<tr>\n		    <td>李寿双</td>\n		    <td>430121193909118117</td>\n		    <td>一次性生活补助</td>\n		    <td>2016/04/04</td>\n		    <td>第三年龄段</td>\n		    <td></td>\n		    <td></td>\n		    <td>0</td>\n		    <td>0</td>\n		    <td>0</td>\n		    <td>0</td>\n		</tr>\n		<tr>\n		    <td>测试独生子女</td>\n		    <td>110108199905220036</td>\n		    <td>一次性生活补助</td>\n		    <td>2016/04/04</td>\n		    <td>第一年龄段</td>\n		    <td></td>\n		    <td></td>\n		    <td>0</td>\n		    <td>0</td>\n		    <td>0</td>\n		    <td>0</td>\n		</tr>\n		<tr>\n		    <td>柳芳</td>\n		    <td>430121198112077947</td>\n		    <td>一次性生活补助</td>\n		    <td>2016/04/04</td>\n		    <td>第二年龄段</td>\n		    <td></td>\n		    <td></td>\n		    <td>0</td>\n		    <td>0</td>\n		    <td>0</td>\n		    <td>0</td>\n		</tr>\n		<tr>\n		    <td>周晓</td>\n		    <td>430121198611097926</td>\n		    <td>一次性生活补助</td>\n		    <td>2016/04/04</td>\n		    <td>第一年龄段</td>\n		    <td></td>\n		    <td></td>\n		    <td>0</td>\n		    <td>0</td>\n		    <td>0</td>\n		    <td>0</td>\n		</tr>\n		<tr>\n		    <td>易淑华</td>\n		    <td>43012119360228812X</td>\n		    <td>一次性生活补助</td>\n		    <td>2016/04/04</td>\n		    <td>第三年龄段</td>\n		    <td></td>\n		    <td></td>\n		    <td>0</td>\n		    <td>0</td>\n		    <td>0</td>\n		    <td>0</td>\n		</tr>\n		<tr>\n		    <td>杨美珍</td>\n		    <td>43012119361121814X</td>\n		    <td>一次性生活补助</td>\n		    <td>2016/04/04</td>\n		    <td>第三年龄段</td>\n		    <td></td>\n		    <td></td>\n		    <td>0</td>\n		    <td>0</td>\n		    <td>0</td>\n		    <td>0</td>\n		</tr>\n		<tr>\n		    <td>杨建武</td>\n		    <td>430121195110288114</td>\n		    <td>一次性生活补助</td>\n		    <td>2016/04/04</td>\n		    <td>第三年龄段</td>\n		    <td></td>\n		    <td></td>\n		    <td>0</td>\n		    <td>0</td>\n		    <td>0</td>\n		    <td>0</td>\n		</tr>\n		<tr>\n		    <td>周泽栋</td>\n		    <td>430121201206180077</td>\n		    <td>一次性生活补助</td>\n		    <td>2016/04/04</td>\n		    <td>第一年龄段</td>\n		    <td></td>\n		    <td></td>\n		    <td>0</td>\n		    <td>0</td>\n		    <td>0</td>\n		    <td>0</td>\n		</tr>\n		<tr>\n		    <td>郭兰英</td>\n		    <td>430121194301027924</td>\n		    <td>一次性生活补助</td>\n		    <td>2016/04/04</td>\n		    <td>第三年龄段</td>\n		    <td></td>\n		    <td></td>\n		    <td>0</td>\n		    <td>0</td>\n		    <td>0</td>\n		    <td>0</td>\n		</tr>\n		<tr>\n		    <td>李桂恒</td>\n		    <td>430121194908188118</td>\n		    <td>一次性生活补助</td>\n		    <td>2016/04/04</td>\n		    <td>第三年龄段</td>\n		    <td></td>\n		    <td></td>\n		    <td>0</td>\n		    <td>0</td>\n		    <td>0</td>\n		    <td>0</td>\n		</tr>\n		<tr>\n		    <td>易运莲</td>\n		    <td>430121105204188122</td>\n		    <td>一次性生活补助</td>\n		    <td>2016/04/04</td>\n		    <td>第二年龄段</td>\n		    <td></td>\n		    <td></td>\n		    <td>0</td>\n		    <td>0</td>\n		    <td>0</td>\n		    <td>0</td>\n		</tr>\n		<tr>\n		    <td>王展</td>\n		    <td>430121199104207320</td>\n		    <td>一次性生活补助</td>\n		    <td>2016/04/04</td>\n		    <td>第一年龄段</td>\n		    <td></td>\n		    <td></td>\n		    <td>0</td>\n		    <td>0</td>\n		    <td>0</td>\n		    <td>0</td>\n		</tr>\n		<tr>\n		    <td>杨映明</td>\n		    <td>430121196203018142</td>\n		    <td>一次性生活补助</td>\n		    <td>2016/04/04</td>\n		    <td>第三年龄段</td>\n		    <td></td>\n		    <td></td>\n		    <td>0</td>\n		    <td>0</td>\n		    <td>0</td>\n		    <td>0</td>\n		</tr>\n		<tr>\n		    <td>周末</td>\n		    <td>430121201206180078</td>\n		    <td>一次性生活补助</td>\n		    <td>2016/04/04</td>\n		    <td>第二年龄段</td>\n		    <td></td>\n		    <td></td>\n		    <td>0</td>\n		    <td>0</td>\n		    <td>0</td>\n		    <td>0</td>\n		</tr>\n		<tr>\n		    <td>宋倩婷</td>\n		    <td>430121200511077987</td>\n		    <td>一次性生活补助</td>\n		    <td>2016/04/04</td>\n		    <td>第一年龄段</td>\n		    <td></td>\n		    <td></td>\n		    <td>0</td>\n		    <td>0</td>\n		    <td>0</td>\n		    <td>0</td>\n		</tr>\n	</tbody>\n</table>\n</div>\n'),('1f9dc898-8e5c-4957-a02c-4a4c72fe3933','125.70.79.71','2016-04-06','项目管理','修改项目信息','修改项目信息',NULL,'admin','a538004f-b6b2-48e3-8fcb-8ba000a3019a','81e97469-2fd1-4b3c-b3ac-593e5bd1ec6c','\n<table>\n	<tr>\n		<td class=\"text-right\">项目审批号：</td>\n		<td>测试好好</td>\n	</tr>\n	<tr>\n		<td class=\"text-right\">项目名称：</td>\n		<td>测试项目等等</td>\n	</tr>\n	<tr>\n		<td class=\"text-right\">项目分类：</td>\n		<td></td>\n	</tr>\n	<tr>\n		<td class=\"text-right\">项目地址：</td>\n		<td>地址地址12331233</td>\n	</tr>\n	<tr>\n		<td class=\"text-right\">项目类型：</td>\n		<td>其他</td>\n	</tr>\n	<tr>\n		<td class=\"text-right\">征地面积（亩）：</td>\n		<td>100</td>\n	</tr>\n	<tr>\n		<td class=\"text-right\">应拆栋数：</td>\n		<td>100</td>\n	</tr>\n	<tr>\n		<td class=\"text-right\">应拆户数：</td>\n		<td>100</td>\n	</tr>\n	<tr>\n		<td class=\"text-right\">应动迁人口：</td>\n		<td>100</td>\n	</tr>\n	<tr>\n		<td class=\"text-right\">应拆总面积（合法）（平方米）：</td>\n		<td>100</td>\n	</tr>\n	<tr>\n		<td class=\"text-right\">应拆总面积（违章）（平方米）：</td>\n		<td>100</td>\n	</tr>\n	<tr>\n		<td class=\"text-right\">项目应付补偿款（万元）：</td>\n		<td>100</td>\n	</tr>\n	<tr>\n		<td class=\"text-right\">六前项目：</td>\n		<td>是</td>\n	</tr>\n</table>\n'),('20536429-f8b5-43f1-a47f-6be0111be5df','125.70.79.71','2016-04-06','项目管理','手工添加项目信息','手工添加项目信息',NULL,'admin','a538004f-b6b2-48e3-8fcb-8ba000a3019a','81e97469-2fd1-4b3c-b3ac-593e5bd1ec6c','\n<table>\n	<tr>\n        <td class=\"text-right\">项目审批号：</td>\n        <td>擦擦擦</td>\n	</tr>\n	<tr>\n        <td class=\"text-right\">项目名称：</td>\n        <td>c</td>\n	</tr>\n	<tr>\n        <td class=\"text-right\">项目分类：</td>\n        <td>省市重点项目</td>\n	</tr>\n	<tr>\n        <td class=\"text-right\">项目地址：</td>\n        <td>cc</td>\n	</tr>\n	<tr>\n        <td class=\"text-right\">项目类型：</td>\n        <td>基础设施</td>\n	</tr>\n	<tr>\n        <td class=\"text-right\">征地面积（亩）：</td>\n        <td>1</td>\n	</tr>\n	<tr>\n        <td class=\"text-right\">应拆栋数：</td>\n        <td>1</td>\n	</tr>\n	<tr>\n        <td class=\"text-right\">应拆户数：</td>\n        <td>1</td>\n	</tr>\n	<tr>\n        <td class=\"text-right\">应动迁人口：</td>\n        <td>1</td>\n	</tr>\n	<tr>\n        <td class=\"text-right\">应拆总面积（合法）（平方米）：</td>\n        <td>1</td>\n	</tr>\n	<tr>\n        <td class=\"text-right\">应拆总面积（违章）（平方米）：</td>\n        <td>1</td>\n	</tr>\n	<tr>\n        <td class=\"text-right\">项目应付补偿款（万元）：</td>\n        <td>1</td>\n	</tr>\n	<tr>\n        <td class=\"text-right\">六前项目：</td>\n        <td>是</td>\n	</tr>\n</table>\n'),('21eb7435-6474-4635-92c7-988cb92b2a8a','110.184.69.21','2016-04-09','档案文件管理','编辑档案文件','编辑档案文件',NULL,'12345','9349a42d-2b03-4370-8b77-04a39f2caa5d','91b075a7-f6c3-4992-bb87-87a03464e93e','\n<table>\n	<tr>\n		<td class=\"text-right\">档案文件标题：</td>\n		<td>ddd</td>\n	</tr>\n	<tr>\n		<td class=\"text-right\">档案文件类型：</td>\n		<td>征地补偿办法</td>\n	</tr>\n	<tr>\n		<td class=\"text-right\">高拍仪拍照：</td>\n		<td></td>\n	</tr>\n	<tr>\n		<td class=\"text-right\">附件：</td>\n		<td></td>\n	</tr>\n	<tr>\n		<td class=\"text-right\">内容：</td>\n		<td><p><span style=\"font-weight: bold;\">ddd</span></p></td>\n	</tr>\n</table>\n'),('22289d95-6cde-4e7f-849b-33bf5c8a5fd2','125.70.79.216','2016-04-22','项目管理','修改项目月报','修改项目月报',NULL,'admin','a538004f-b6b2-48e3-8fcb-8ba000a3019a','81e97469-2fd1-4b3c-b3ac-593e5bd1ec6c','\n<table>\n	<tr>\n		<td class=\"text-right\">所属项目名称：</td>\n		<td>测试项目</td>\n	</tr>\n	<tr>\n		<td class=\"text-right\">选择录入的所属年/月：</td>\n		<td>2016/04/01</td>\n	</tr>\n	<tr>\n		<td class=\"text-right\">本月拆除栋数(合法)：</td>\n		<td>1</td>\n	</tr>\n	<tr>\n		<td class=\"text-right\">本月腾地数（亩）：</td>\n		<td>1</td>\n	</tr>\n	<tr>\n		<td class=\"text-right\">本月拆除面积（合法）（平方米）：</td>\n		<td>1</td>\n	</tr>\n	<tr>\n		<td class=\"text-right\">本月动迁的人口：</td>\n		<td>2</td>\n	</tr>\n	<tr>\n		<td class=\"text-right\">本月下达期限腾地决定书：</td>\n		<td>1</td>\n	</tr>\n	<tr>\n		<td class=\"text-right\">本月申请法院执行数：</td>\n		<td>1</td>\n	</tr>\n	<tr>\n		<td class=\"text-right\">本月实施强制户数：</td>\n		<td>1</td>\n	</tr>\n	<tr>\n		<td class=\"text-right\">启动时间：</td>\n		<td></td>\n	</tr>\n	<tr>\n		<td class=\"text-right\">是否为本月完成结算项目：</td>\n		<td>是</td>\n	</tr>\n	<tr>\n		<td class=\"text-right\">备注：</td>\n		<td>12323</td>\n	</tr>\n</table>\n'),('22cf8f36-1a49-4db1-951a-cacb12567d4f','125.70.79.71','2016-04-06','项目管理','修改项目公告','修改项目公告',NULL,'admin','a538004f-b6b2-48e3-8fcb-8ba000a3019a','81e97469-2fd1-4b3c-b3ac-593e5bd1ec6c','\n<table>\n	<tr>\n		<td class=\"text-right\">所属项目名称：</td>\n		<td>测试项目</td>\n	</tr>\n	<tr>\n		<td class=\"text-right\">公告进度：</td>\n		<td>三公告</td>\n	</tr>\n	<tr>\n		<td class=\"text-right\">公告文号：</td>\n		<td>3332v人</td>\n	</tr>\n	<tr>\n		<td class=\"text-right\">公告时间：</td>\n		<td>2016/03/29</td>\n	</tr>\n	<tr>\n		<td class=\"text-right\">公告批文：</td>\n		<td></td>\n	</tr>\n</table>\n'),('22da9d68-0a0f-4d77-b338-7ba3a6e8ac9b','118.112.56.76','2016-03-29','信访管理','添加信访信息','添加信访信息',NULL,'12345','e746da4a-c40f-409b-9130-270e372efb04','91b075a7-f6c3-4992-bb87-87a03464e93e','\n<table>\n	<tr>\n		<td class=\"text-right\">上访者姓名：</td>\n		<td>接警后</td>\n	</tr>\n	<tr>\n		<td class=\"text-right\">上访者电话：</td>\n		<td>18181818181</td>\n	</tr>\n	<tr>\n		<td class=\"text-right\">上访者的住址：</td>\n		<td>address</td>\n	</tr>\n	<tr>\n		<td class=\"text-right\">选择上访项目：</td>\n		<td>测试项目2</td>\n	</tr>\n	<tr>\n		<td class=\"text-right\">上访时间：</td>\n		<td>2016/03/29</td>\n	</tr>\n	<tr>\n		<td class=\"text-right\">信访途径：</td>\n		<td>tel</td>\n	</tr>\n	<tr>\n		<td class=\"text-right\">上访者的其他信息：</td>\n		<td>上访者的其他信息</td>\n	</tr>\n	<tr>\n		<td class=\"text-right\">上访凭证：</td>\n		<td></td>\n	</tr>\n	<tr>\n		<td class=\"text-right\">相关资料：</td>\n		<td></td>\n	</tr>\n	<tr>\n		<td class=\"text-right\">处理意见：</td>\n		<td>处理意见</td>\n	</tr>\n</table>\n'),('23a92700-3d98-46f3-af78-f1161f9f988a','182.148.57.207','2016-04-07','购房券制发','购房券个人发放','购房券个人发放',NULL,'admin','6b3dac14-8116-4aad-8643-c54821ebf93c','81e97469-2fd1-4b3c-b3ac-593e5bd1ec6c','\n<table>\n	<tr>\n		<td class=\"text-right\">购房券所属人姓名：</td>\n		<td>导入人员B</td>\n	</tr>\n	<tr>\n		<td class=\"text-right\">购房券所属人身份证件：</td>\n		<td>111111155</td>\n	</tr>\n	<tr>\n		<td class=\"text-right\">购房券券号：</td>\n		<td>1001</td>\n	</tr>\n	<tr>\n		<td class=\"text-right\">补贴金额（万元）：</td>\n		<td>100</td>\n	</tr>\n	<tr>\n		<td class=\"text-right\">制券时间：</td>\n		<td>2016/04/07</td>\n	</tr>\n	<tr>\n		<td class=\"text-right\">领用人姓名：</td>\n		<td>100</td>\n	</tr>\n	<tr>\n		<td class=\"text-right\">领用人身份证件：</td>\n		<td>100</td>\n	</tr>\n	<tr>\n		<td class=\"text-right\">领用时间：</td>\n		<td>2016/04/07</td>\n	</tr>\n	<tr>\n		<td class=\"text-right\">领用凭证：</td>\n		<td>uploadFile/evidence_files/00f795de-cf28-42a3-99e5-ef5c493431e6.jpg</td>\n	</tr>\n	<tr>\n		<td class=\"text-right\">领取备注：</td>\n		<td>12313</td>\n	</tr>\n</table>\n'),('241488c9-0182-4e53-8857-38c8114e8ab5','182.148.57.207','2016-04-07','拆迁户管理','删除人员信息','删除人员信息',NULL,'admin','be769d24-1b19-472a-9f68-fc82c800ad29','81e97469-2fd1-4b3c-b3ac-593e5bd1ec6c','\n<table>\n	<tr>\n		<td class=\"text-right\">人员姓名：</td>\n		<td>12333333</td>\n	</tr>\n	<tr>\n		<td class=\"text-right\">人员身份证：</td>\n		<td>122e23e</td>\n	</tr>\n</table>\n'),('24ed78ca-54b7-4a6c-80c2-929971b4acc3','175.8.6.104','2016-04-06','项目管理','增加项目公告','增加项目公告',NULL,'12345','a538004f-b6b2-48e3-8fcb-8ba000a3019a','91b075a7-f6c3-4992-bb87-87a03464e93e','\n<table>\n	<tr>\n		<td class=\"text-right\">所属项目名称：</td>\n		<td>长沙国际会展中心（测试）</td>\n	</tr>\n	<tr>\n		<td class=\"text-right\">公告进度：</td>\n		<td>\n							一公告</td>\n	</tr>\n	<tr>\n		<td class=\"text-right\">公告文号：</td>\n		<td>长县政发 〔2013〕93、94号</td>\n	</tr>\n	<tr>\n		<td class=\"text-right\">公告时间：</td>\n		<td>2013/10/01</td>\n	</tr>\n	<tr>\n		<td class=\"text-right\">公告批文：</td>\n		<td></td>\n	</tr>\n</table>\n'),('252e860a-d217-49b5-a294-8023ef85153b','175.8.6.104','2016-04-06','项目管理','修改项目信息','修改项目信息',NULL,'12345','a538004f-b6b2-48e3-8fcb-8ba000a3019a','91b075a7-f6c3-4992-bb87-87a03464e93e','\n<table>\n	<tr>\n		<td class=\"text-right\">项目审批号：</td>\n		<td>省人民政府〔2014〕 政国土字第205</td>\n	</tr>\n	<tr>\n		<td class=\"text-right\">项目名称：</td>\n		<td>长沙磁浮工程建设项目（测试）</td>\n	</tr>\n	<tr>\n		<td class=\"text-right\">项目分类：</td>\n		<td></td>\n	</tr>\n	<tr>\n		<td class=\"text-right\">项目地址：</td>\n		<td>黄兴镇太平村、光达村、荣河村，榔梨街道办事处三合村、保家村、</td>\n	</tr>\n	<tr>\n		<td class=\"text-right\">项目类型：</td>\n		<td>基础设施</td>\n	</tr>\n	<tr>\n		<td class=\"text-right\">征地面积（亩）：</td>\n		<td>407.442</td>\n	</tr>\n	<tr>\n		<td class=\"text-right\">应拆栋数：</td>\n		<td>57</td>\n	</tr>\n	<tr>\n		<td class=\"text-right\">应拆户数：</td>\n		<td>87</td>\n	</tr>\n	<tr>\n		<td class=\"text-right\">应动迁人口：</td>\n		<td>305</td>\n	</tr>\n	<tr>\n		<td class=\"text-right\">应拆总面积（合法）（平方米）：</td>\n		<td>24980</td>\n	</tr>\n	<tr>\n		<td class=\"text-right\">应拆总面积（违章）（平方米）：</td>\n		<td>0</td>\n	</tr>\n	<tr>\n		<td class=\"text-right\">项目应付补偿款（万元）：</td>\n		<td>19510</td>\n	</tr>\n	<tr>\n		<td class=\"text-right\">六前项目：</td>\n		<td>是</td>\n	</tr>\n</table>\n'),('25742c3f-5a85-4a4a-bfd0-ecbddf4a09a6','125.70.79.216','2016-04-22','项目管理','增加项目公告','增加项目公告',NULL,'admin','a538004f-b6b2-48e3-8fcb-8ba000a3019a','81e97469-2fd1-4b3c-b3ac-593e5bd1ec6c','\n<table>\n	<tr>\n		<td class=\"text-right\">所属项目名称：</td>\n		<td>测试项目</td>\n	</tr>\n	<tr>\n		<td class=\"text-right\">公告进度：</td>\n		<td>二公告</td>\n	</tr>\n	<tr>\n		<td class=\"text-right\">公告文号：</td>\n		<td>2</td>\n	</tr>\n	<tr>\n		<td class=\"text-right\">公告时间：</td>\n		<td>2016/04/22</td>\n	</tr>\n	<tr>\n		<td class=\"text-right\">公告批文：</td>\n		<td></td>\n	</tr>\n</table>\n'),('2600ee53-c762-4003-a403-1b6b7d56763f','125.70.79.71','2016-04-06','项目管理','修改项目信息','修改项目信息',NULL,'admin','a538004f-b6b2-48e3-8fcb-8ba000a3019a','81e97469-2fd1-4b3c-b3ac-593e5bd1ec6c','\n<table>\n	<tr>\n		<td class=\"text-right\">项目审批号：</td>\n		<td>测试好好111111111111111111111111111111111111111111111111111111111111111111111</td>\n	</tr>\n	<tr>\n		<td class=\"text-right\">项目名称：</td>\n		<td>测试项目等等</td>\n	</tr>\n	<tr>\n		<td class=\"text-right\">项目分类：</td>\n		<td></td>\n	</tr>\n	<tr>\n		<td class=\"text-right\">项目地址：</td>\n		<td>地址地址</td>\n	</tr>\n	<tr>\n		<td class=\"text-right\">项目类型：</td>\n		<td>其他</td>\n	</tr>\n	<tr>\n		<td class=\"text-right\">征地面积（亩）：</td>\n		<td>100</td>\n	</tr>\n	<tr>\n		<td class=\"text-right\">应拆栋数：</td>\n		<td>100</td>\n	</tr>\n	<tr>\n		<td class=\"text-right\">应拆户数：</td>\n		<td>100</td>\n	</tr>\n	<tr>\n		<td class=\"text-right\">应动迁人口：</td>\n		<td>100</td>\n	</tr>\n	<tr>\n		<td class=\"text-right\">应拆总面积（合法）（平方米）：</td>\n		<td>100</td>\n	</tr>\n	<tr>\n		<td class=\"text-right\">应拆总面积（违章）（平方米）：</td>\n		<td>100</td>\n	</tr>\n	<tr>\n		<td class=\"text-right\">项目应付补偿款（万元）：</td>\n		<td>100</td>\n	</tr>\n	<tr>\n		<td class=\"text-right\">六前项目：</td>\n		<td>是</td>\n	</tr>\n</table>\n'),('28a3c4f3-941d-4f2b-b726-97230c1b293c','118.112.58.104','2016-04-21','社保管理','录入社保信息','录入社保信息',NULL,'admin','8502199d-390e-49e1-a37a-43b5677bc705','81e97469-2fd1-4b3c-b3ac-593e5bd1ec6c','\n<table>\n	<tr>\n		<td class=\"text-right\">姓名：</td>\n		<td>李四</td>\n	</tr>\n	<tr>\n		<td class=\"text-right\">身份证件号：</td>\n		<td>430121197205227012</td>\n	</tr>\n	<tr>\n		<td class=\"text-right\">性别：</td>\n		<td>男</td>\n	</tr>\n	<tr>\n		<td class=\"text-right\">出生日期：</td>\n		<td>2016/03/31</td>\n	</tr>\n	<tr>\n		<td class=\"text-right\">年龄段：</td>\n		<td>第一年龄段</td>\n	</tr>\n	<tr>\n		<td class=\"text-right\">纳入社保时间：</td>\n		<td>2016/04/06</td>\n	</tr>\n	<tr>\n		<td class=\"text-right\">所属社区：</td>\n		<td>1</td>\n	</tr>\n	<tr>\n		<td class=\"text-right\">参加何种医疗保险：</td>\n		<td>2</td>\n	</tr>\n	<tr>\n		<td class=\"text-right\">养老保险补缴年限：</td>\n		<td>3</td>\n	</tr>\n	<tr>\n		<td class=\"text-right\">医疗保险视同缴费月数：</td>\n		<td>3</td>\n	</tr>\n	<tr>\n		<td class=\"text-right\">服刑或劳动教养时间(月)：</td>\n		<td>5</td>\n	</tr>\n	<tr>\n		<td class=\"text-right\">军队服役时间(月)：</td>\n		<td>6</td>\n	</tr>\n</table>\n'),('294e0964-686a-49e9-9a3a-01b089440152','125.70.78.192','2016-03-23','项目管理','修改项目信息','修改项目信息',NULL,'admin','a538004f-b6b2-48e3-8fcb-8ba000a3019a','81e97469-2fd1-4b3c-b3ac-593e5bd1ec6c','\n<table>\n	<tr>\n		<td class=\"text-right\">项目审批号：</td>\n		<td>测试项目审批号</td>\n	</tr>\n	<tr>\n		<td class=\"text-right\">项目名称：</td>\n		<td>测试项目</td>\n	</tr>\n	<tr>\n		<td class=\"text-right\">项目分类：</td>\n		<td></td>\n	</tr>\n	<tr>\n		<td class=\"text-right\">项目地址：</td>\n		<td>高唐街道天河区,大阪街道雨花区,项目地址其他信息</td>\n	</tr>\n	<tr>\n		<td class=\"text-right\">项目类型：</td>\n		<td>其他</td>\n	</tr>\n	<tr>\n		<td class=\"text-right\">征地面积（亩）：</td>\n		<td>100</td>\n	</tr>\n	<tr>\n		<td class=\"text-right\">应拆栋数：</td>\n		<td>100</td>\n	</tr>\n	<tr>\n		<td class=\"text-right\">应拆户数：</td>\n		<td>100</td>\n	</tr>\n	<tr>\n		<td class=\"text-right\">应动迁人口：</td>\n		<td>100</td>\n	</tr>\n	<tr>\n		<td class=\"text-right\">应拆总面积（合法）（平方米）：</td>\n		<td>100</td>\n	</tr>\n	<tr>\n		<td class=\"text-right\">应拆总面积（违章）（平方米）：</td>\n		<td>100</td>\n	</tr>\n	<tr>\n		<td class=\"text-right\">项目应付补偿款（万元）：</td>\n		<td>100</td>\n	</tr>\n	<tr>\n		<td class=\"text-right\">六前项目：</td>\n		<td>是</td>\n	</tr>\n</table>\n'),('2a352f75-0da4-4e54-b8e4-53c58983b44c','175.8.61.167','2016-04-06','拆迁户管理','手工添加拆迁户','手工添加拆迁户',NULL,'12345','be769d24-1b19-472a-9f68-fc82c800ad29','91b075a7-f6c3-4992-bb87-87a03464e93e','\n<style type=\"text/css\">\n.autoTbale td,.autoTbale th {\n	white-space: nowrap;\n}\n</style>\n<table>\n	<tr>\n		<td class=\"text-right\">户主姓名：</td>\n		<td>马志怀</td>\n	</tr>\n	<tr>\n		<td class=\"text-right\">选择所属项目：</td>\n		<td>长沙县长沙师范学校第二校区建设项目（测试</td>\n	</tr>\n	<tr>\n		<td class=\"text-right\">房屋合法面积（平方米）：</td>\n		<td></td>\n	</tr>\n	<tr>\n		<td class=\"text-right\">房屋违章面积（平方米）：</td>\n		<td></td>\n	</tr>\n	<tr>\n		<td class=\"text-right\">所属地址：</td>\n		<td>大阪街道雨花区雨花组</td>\n	</tr>\n	<tr>\n		<td class=\"text-right\">批证及其他情况说明：</td>\n		<td></td>\n	</tr>\n	<tr>\n		<td class=\"text-right\">拟定处理方案：</td>\n		<td></td>\n	</tr>\n	<tr>\n		<td class=\"text-right\">联合会审意见：</td>\n		<td></td>\n	</tr>\n	<tr>\n		<td class=\"text-right\">备注：</td>\n		<td></td>\n	</tr>\n	<tr>\n		<td class=\"text-right\">联合会审附件：</td>\n		<td></td>\n	</tr>\n	<tr>\n		<td class=\"text-right\">高拍仪拍照：</td>\n		<td></td>\n	</tr>\n	<tr>\n		<td class=\"text-right\">房屋照片管理：</td>\n		<td></td>\n	</tr>\n	<tr>\n		<td class=\"text-right\">家庭成员数：</td>\n		<td>3</td>\n	</tr>\n</table>\n<div style=\"overflow-x:auto;width: 100%;\">\n	<table class=\"table table-hover table-bordered autoTbale\">\n		<thead>\n			<tr>\n				<td>姓名</td>\n				<td>与户主关系</td>\n				<td>身份证件</td>\n				<td>性别</td>\n				<td>户口性质</td>\n				<td>出生日期</td>\n				<td>文化程度</td>\n				<td>在读情况</td>\n				<td>从事农业劳动时间</td>\n				<td>服兵役/劳改/劳教情况及时间起止段</td>\n				<td>联系电话</td>\n				<td>独生子女证件号</td>\n				<td>是否半边户</td>\n				<td>是否参加过社会保险</td>\n				<td>备注</td>\n			</tr>\n		</thead>\n		<tbody>\n			<tr>\n				<td>马志怀</td>\n				<td>户主</td>\n				<td>430121197005177913</td>\n				<td>男</td>\n				<td>农村居民</td>\n				<td>1970/05/17</td>\n				<td></td>\n				<td></td>\n				<td></td>\n				<td></td>\n				<td></td>\n				<td></td>\n				<td>否</td>\n				<td>否</td>\n				<td>测试</td>\n			</tr>\n			<tr>\n				<td>徐建冬</td>\n				<td>妻子</td>\n				<td>430121196811177585</td>\n				<td>女</td>\n				<td>农村居民</td>\n				<td>1968/11/17</td>\n				<td></td>\n				<td></td>\n				<td></td>\n				<td></td>\n				<td></td>\n				<td></td>\n				<td>否</td>\n				<td>否</td>\n				<td>测试</td>\n			</tr>\n			<tr>\n				<td>马登科</td>\n				<td>儿子</td>\n				<td>430121199211177315</td>\n				<td>男</td>\n				<td>农村居民</td>\n				<td>1992/11/17</td>\n				<td></td>\n				<td></td>\n				<td></td>\n				<td></td>\n				<td></td>\n				<td>19921117</td>\n				<td>否</td>\n				<td>否</td>\n				<td>测试</td>\n			</tr>\n		</tbody>\n	</table>\n</div>\n'),('2a9d6bec-41a3-4c8e-9730-27bb78f249f9','125.70.79.216','2016-04-22','项目管理','增加项目公告','增加项目公告',NULL,'admin','a538004f-b6b2-48e3-8fcb-8ba000a3019a','81e97469-2fd1-4b3c-b3ac-593e5bd1ec6c','\n<table>\n	<tr>\n		<td class=\"text-right\">所属项目名称：</td>\n		<td>长沙黄花机场飞行区东扩工程</td>\n	</tr>\n	<tr>\n		<td class=\"text-right\">公告进度：</td>\n		<td>三公告</td>\n	</tr>\n	<tr>\n		<td class=\"text-right\">公告文号：</td>\n		<td>3</td>\n	</tr>\n	<tr>\n		<td class=\"text-right\">公告时间：</td>\n		<td>2016/04/22</td>\n	</tr>\n	<tr>\n		<td class=\"text-right\">公告批文：</td>\n		<td></td>\n	</tr>\n</table>\n'),('2ac9227d-1981-4065-b787-a48e9eaf4a4b','175.11.124.141','2016-03-22','购房券制发','手工添加人员信息以及购房券信息','手工添加人员信息以及购房券信息',NULL,'å¾å°å','6b3dac14-8116-4aad-8643-c54821ebf93c','a101d391-b065-4fc2-84cf-b64ef60ad9a5','\n<table>\n	<tr>\n		<td class=\"text-right\">户主姓名：</td>\n		<td>小明</td>\n	</tr>\n	<tr>\n		<td class=\"text-right\">户主身份证：</td>\n		<td>123025541</td>\n	</tr>\n	<tr>\n		<td class=\"text-right\">人员姓名：</td>\n		<td>刘某某</td>\n	</tr>\n	<tr>\n		<td class=\"text-right\">与户主关系：</td>\n		<td>其他-父亲</td>\n	</tr>\n	<tr>\n		<td class=\"text-right\">身份证：</td>\n		<td>430121199102249898</td>\n	</tr>\n	<tr>\n		<td class=\"text-right\">性别：</td>\n		<td>男</td>\n	</tr>\n	<tr>\n		<td class=\"text-right\">户口性质：</td>\n		<td>农村居民</td>\n	</tr>\n	<tr>\n		<td class=\"text-right\">出生日期：</td>\n		<td>1950/02/08</td>\n	</tr>\n	<tr>\n		<td class=\"text-right\">文化程度：</td>\n		<td></td>\n	</tr>\n	<tr>\n		<td class=\"text-right\">在读情况：</td>\n		<td></td>\n	</tr>\n	<tr>\n		<td class=\"text-right\">从事农业劳动时间：</td>\n		<td></td>\n	</tr>\n	<tr>\n		<td class=\"text-right\">服兵役/劳改/劳教情况及时间起止段：</td>\n		<td></td>\n	</tr>\n	<tr>\n		<td class=\"text-right\">联系电话：</td>\n		<td></td>\n	</tr>\n	<tr>\n		<td class=\"text-right\">独生子女证件号：</td>\n		<td></td>\n	</tr>\n	<tr>\n		<td class=\"text-right\">是否半边户：</td>\n		<td>否</td>\n	</tr>\n	<tr>\n		<td class=\"text-right\">是否参加过社会保险：</td>\n		<td>否</td>\n	</tr>\n	<tr>\n		<td class=\"text-right\">备注：</td>\n		<td></td>\n	</tr>\n</table>\n'),('2b5473e0-e48b-4ce0-a0dc-ad4ebf37f78f','175.8.61.167','2016-04-06','拆迁户管理','手工添加拆迁户','手工添加拆迁户',NULL,'12345','be769d24-1b19-472a-9f68-fc82c800ad29','91b075a7-f6c3-4992-bb87-87a03464e93e','\n<style type=\"text/css\">\n.autoTbale td,.autoTbale th {\n	white-space: nowrap;\n}\n</style>\n<table>\n	<tr>\n		<td class=\"text-right\">户主姓名：</td>\n		<td>易应华</td>\n	</tr>\n	<tr>\n		<td class=\"text-right\">选择所属项目：</td>\n		<td>长沙磁浮工程建设项目（测试）</td>\n	</tr>\n	<tr>\n		<td class=\"text-right\">房屋合法面积（平方米）：</td>\n		<td>320</td>\n	</tr>\n	<tr>\n		<td class=\"text-right\">房屋违章面积（平方米）：</td>\n		<td></td>\n	</tr>\n	<tr>\n		<td class=\"text-right\">所属地址：</td>\n		<td>高唐街道天河区天河1组</td>\n	</tr>\n	<tr>\n		<td class=\"text-right\">批证及其他情况说明：</td>\n		<td></td>\n	</tr>\n	<tr>\n		<td class=\"text-right\">拟定处理方案：</td>\n		<td></td>\n	</tr>\n	<tr>\n		<td class=\"text-right\">联合会审意见：</td>\n		<td></td>\n	</tr>\n	<tr>\n		<td class=\"text-right\">备注：</td>\n		<td></td>\n	</tr>\n	<tr>\n		<td class=\"text-right\">联合会审附件：</td>\n		<td></td>\n	</tr>\n	<tr>\n		<td class=\"text-right\">高拍仪拍照：</td>\n		<td></td>\n	</tr>\n	<tr>\n		<td class=\"text-right\">房屋照片管理：</td>\n		<td></td>\n	</tr>\n	<tr>\n		<td class=\"text-right\">家庭成员数：</td>\n		<td>5</td>\n	</tr>\n</table>\n<div style=\"overflow-x:auto;width: 100%;\">\n	<table class=\"table table-hover table-bordered autoTbale\">\n		<thead>\n			<tr>\n				<td>姓名</td>\n				<td>与户主关系</td>\n				<td>身份证件</td>\n				<td>性别</td>\n				<td>户口性质</td>\n				<td>出生日期</td>\n				<td>文化程度</td>\n				<td>在读情况</td>\n				<td>从事农业劳动时间</td>\n				<td>服兵役/劳改/劳教情况及时间起止段</td>\n				<td>联系电话</td>\n				<td>独生子女证件号</td>\n				<td>是否半边户</td>\n				<td>是否参加过社会保险</td>\n				<td>备注</td>\n			</tr>\n		</thead>\n		<tbody>\n			<tr>\n				<td>易应华</td>\n				<td>户主</td>\n				<td>430121195109190910</td>\n				<td>男</td>\n				<td>农村居民</td>\n				<td>1951/09/19</td>\n				<td></td>\n				<td></td>\n				<td></td>\n				<td></td>\n				<td></td>\n				<td></td>\n				<td>否</td>\n				<td>否</td>\n				<td>测试</td>\n			</tr>\n			<tr>\n				<td>苏艳辉</td>\n				<td>妻子</td>\n				<td>43012119540618092x</td>\n				<td>女</td>\n				<td>农村居民</td>\n				<td>1954/06/18</td>\n				<td></td>\n				<td></td>\n				<td></td>\n				<td></td>\n				<td></td>\n				<td></td>\n				<td>否</td>\n				<td>否</td>\n				<td>测试</td>\n			</tr>\n			<tr>\n				<td>易红胜</td>\n				<td>儿子</td>\n				<td>430121198104231051</td>\n				<td>男</td>\n				<td>农村居民</td>\n				<td>1981/04/23</td>\n				<td></td>\n				<td></td>\n				<td></td>\n				<td></td>\n				<td></td>\n				<td></td>\n				<td>否</td>\n				<td>否</td>\n				<td>测试</td>\n			</tr>\n			<tr>\n				<td>张语林</td>\n				<td>其他-儿媳</td>\n				<td>430181198201020041</td>\n				<td>女</td>\n				<td>农村居民</td>\n				<td>1982/01/02</td>\n				<td></td>\n				<td></td>\n				<td></td>\n				<td></td>\n				<td></td>\n				<td></td>\n				<td>是</td>\n				<td>否</td>\n				<td>测试</td>\n			</tr>\n			<tr>\n				<td>易茁然</td>\n				<td>其他-孙女</td>\n				<td>430121200909180263</td>\n				<td>女</td>\n				<td>农村居民</td>\n				<td>2009/09/18</td>\n				<td></td>\n				<td></td>\n				<td></td>\n				<td></td>\n				<td></td>\n				<td>20090918</td>\n				<td>否</td>\n				<td>否</td>\n				<td>测试</td>\n			</tr>\n		</tbody>\n	</table>\n</div>\n'),('2baa357b-bab2-4349-9152-9a2081cc07a2','175.8.60.56','2016-04-25','项目管理','录入项目月进度','录入项目月进度',NULL,'12345','a538004f-b6b2-48e3-8fcb-8ba000a3019a','91b075a7-f6c3-4992-bb87-87a03464e93e','\n<table>\n	<tr>\n		<td class=\"text-right\">所属项目名称：</td>\n		<td>黄金大道</td>\n	</tr>\n	<tr>\n		<td class=\"text-right\">选择录入的所属年/月：</td>\n		<td>2016/04/01</td>\n	</tr>\n	<tr>\n		<td class=\"text-right\">本月拆除栋数(合法)：</td>\n		<td>57</td>\n	</tr>\n	<tr>\n		<td class=\"text-right\">本月腾地数（亩）：</td>\n		<td>445.16</td>\n	</tr>\n	<tr>\n		<td class=\"text-right\">本月拆除面积（合法）（平方米）：</td>\n		<td>20324</td>\n	</tr>\n	<tr>\n		<td class=\"text-right\">本月动迁的人口：</td>\n		<td>191</td>\n	</tr>\n	<tr>\n		<td class=\"text-right\">本月下达期限腾地决定书：</td>\n		<td>0</td>\n	</tr>\n	<tr>\n		<td class=\"text-right\">本月申请法院执行数：</td>\n		<td>0</td>\n	</tr>\n	<tr>\n		<td class=\"text-right\">本月实施强制户数：</td>\n		<td>0</td>\n	</tr>\n	<tr>\n		<td class=\"text-right\">启动时间：</td>\n		<td>2016/04/12</td>\n	</tr>\n	<tr>\n		<td class=\"text-right\">是否为本月完成结算项目：</td>\n		<td>否</td>\n	</tr>\n	<tr>\n		<td class=\"text-right\">备注：</td>\n		<td></td>\n	</tr>\n</table>\n'),('2c1cf0c5-4b56-4fed-a05a-77eb94db7acc','125.70.179.107','2016-03-30','社保管理','录入社保信息','录入社保信息',NULL,'admin','8502199d-390e-49e1-a37a-43b5677bc705','81e97469-2fd1-4b3c-b3ac-593e5bd1ec6c','\n<table>\n	<tr>\n		<td class=\"text-right\">姓名：</td>\n		<td>刘某某</td>\n	</tr>\n	<tr>\n		<td class=\"text-right\">身份证件号：</td>\n		<td>430121199102249898</td>\n	</tr>\n	<tr>\n		<td class=\"text-right\">性别：</td>\n		<td>男</td>\n	</tr>\n	<tr>\n		<td class=\"text-right\">出生日期：</td>\n		<td>1950/02/08</td>\n	</tr>\n	<tr>\n		<td class=\"text-right\">年龄段：</td>\n		<td>第三年龄段</td>\n	</tr>\n	<tr>\n		<td class=\"text-right\">纳入社保时间：</td>\n		<td>2016/03/22</td>\n	</tr>\n	<tr>\n		<td class=\"text-right\">待遇标准：</td>\n		<td>一次性生活补助</td>\n	</tr>\n	<tr>\n		<td class=\"text-right\">所属社区：</td>\n		<td></td>\n	</tr>\n	<tr>\n		<td class=\"text-right\">参加何种医疗保险：</td>\n		<td></td>\n	</tr>\n	<tr>\n		<td class=\"text-right\">养老保险补缴年限：</td>\n		<td>0</td>\n	</tr>\n	<tr>\n		<td class=\"text-right\">医疗保险视同缴费月数：</td>\n		<td>0</td>\n	</tr>\n	<tr>\n		<td class=\"text-right\">服刑或劳动教养时间(月)：</td>\n		<td>0</td>\n	</tr>\n	<tr>\n		<td class=\"text-right\">军队服役时间(月)：</td>\n		<td>0</td>\n	</tr>\n</table>\n'),('2c1fe419-f464-49d7-b64f-f4b4b0c283d3','118.112.58.104','2016-04-21','项目管理','增加项目公告','增加项目公告',NULL,'admin','a538004f-b6b2-48e3-8fcb-8ba000a3019a','81e97469-2fd1-4b3c-b3ac-593e5bd1ec6c','\n<table>\n	<tr>\n		<td class=\"text-right\">所属项目名称：</td>\n		<td>项目名称1</td>\n	</tr>\n	<tr>\n		<td class=\"text-right\">公告进度：</td>\n		<td>二公告</td>\n	</tr>\n	<tr>\n		<td class=\"text-right\">公告文号：</td>\n		<td>8555</td>\n	</tr>\n	<tr>\n		<td class=\"text-right\">公告时间：</td>\n		<td>2016/04/21</td>\n	</tr>\n	<tr>\n		<td class=\"text-right\">公告批文：</td>\n		<td></td>\n	</tr>\n</table>\n'),('2ebde31d-d44f-4211-b969-a5d919f8502b','175.9.111.33','2016-04-20','购房券制发','购房券户发放','购房券户发放',NULL,'12345','6b3dac14-8116-4aad-8643-c54821ebf93c','91b075a7-f6c3-4992-bb87-87a03464e93e','\n<style type=\"text/css\">\n.autoTbale td,.autoTbale th {\n	white-space: nowrap;\n}\n</style>\n<div style=\"overflow-x:auto;width: 100%;\">\n	<table class=\"table table-hover table-bordered autoTbale\">\n		<thead>\n			<tr>\n				<td>购房券所属人姓名</td>\n				<td>购房券所属人身份证件</td>\n				<td>购房券券号</td>\n				<td>补贴金额（万元）</td>\n				<td>制券时间</td>\n				<td>领用人姓名</td>\n				<td>领用人身份证件</td>\n				<td>领用时间</td>\n				<td>领用凭证</td>\n				<td>领取备注</td>\n			</tr>\n		</thead>\n		<tbody>\n			<tr>\n				<td>易应华</td>\n				<td>430121195109190910</td>\n				<td>14003550</td>\n				<td>152800</td>\n				<td>2016/04/20</td>\n				<td>易应华</td>\n				<td>	430121195109190910</td>\n				<td>2016/04/20</td>\n				<td></td>\n				<td></td>\n			</tr>\n			<tr>\n				<td>易茁然</td>\n				<td>430121200909180263</td>\n				<td>14003553</td>\n				<td>152800</td>\n				<td>2016/04/20</td>\n				<td>易应华</td>\n				<td>	430121195109190910</td>\n				<td>2016/04/20</td>\n				<td></td>\n				<td></td>\n			</tr>\n			<tr>\n				<td>易茁然</td>\n				<td>430121200909180263</td>\n				<td>14003554</td>\n				<td>40000</td>\n				<td>2016/04/20</td>\n				<td>易应华</td>\n				<td>	430121195109190910</td>\n				<td>2016/04/20</td>\n				<td></td>\n				<td></td>\n			</tr>\n			<tr>\n				<td>苏艳辉</td>\n				<td>43012119540618092x</td>\n				<td>14003551</td>\n				<td>152800</td>\n				<td>2016/04/20</td>\n				<td>易应华</td>\n				<td>	430121195109190910</td>\n				<td>2016/04/20</td>\n				<td></td>\n				<td></td>\n			</tr>\n			<tr>\n				<td>易红胜</td>\n				<td>430121198104231051</td>\n				<td>14003552</td>\n				<td>152800</td>\n				<td>2016/04/20</td>\n				<td>易应华</td>\n				<td>	430121195109190910</td>\n				<td>2016/04/20</td>\n				<td></td>\n				<td></td>\n			</tr>\n			<tr>\n				<td>张语林</td>\n				<td>430181198201020041</td>\n				<td>14003555</td>\n				<td>40000</td>\n				<td>2016/04/20</td>\n				<td>易应华</td>\n				<td>	430121195109190910</td>\n				<td>2016/04/20</td>\n				<td></td>\n				<td></td>\n			</tr>\n		</tbody>\n	</table>\n</div>\n'),('2f246c17-97cf-483d-9399-0e8a5873aa5d','175.8.61.167','2016-04-06','拆迁户管理','手工添加拆迁户','手工添加拆迁户',NULL,'12345','be769d24-1b19-472a-9f68-fc82c800ad29','91b075a7-f6c3-4992-bb87-87a03464e93e','\n<style type=\"text/css\">\n.autoTbale td,.autoTbale th {\n	white-space: nowrap;\n}\n</style>\n<table>\n	<tr>\n		<td class=\"text-right\">户主姓名：</td>\n		<td>杜金明</td>\n	</tr>\n	<tr>\n		<td class=\"text-right\">选择所属项目：</td>\n		<td>长沙国际会展中心（测试）</td>\n	</tr>\n	<tr>\n		<td class=\"text-right\">房屋合法面积（平方米）：</td>\n		<td>300</td>\n	</tr>\n	<tr>\n		<td class=\"text-right\">房屋违章面积（平方米）：</td>\n		<td></td>\n	</tr>\n	<tr>\n		<td class=\"text-right\">所属地址：</td>\n		<td>高唐街道天河区天河1组</td>\n	</tr>\n	<tr>\n		<td class=\"text-right\">批证及其他情况说明：</td>\n		<td></td>\n	</tr>\n	<tr>\n		<td class=\"text-right\">拟定处理方案：</td>\n		<td></td>\n	</tr>\n	<tr>\n		<td class=\"text-right\">联合会审意见：</td>\n		<td></td>\n	</tr>\n	<tr>\n		<td class=\"text-right\">备注：</td>\n		<td></td>\n	</tr>\n	<tr>\n		<td class=\"text-right\">联合会审附件：</td>\n		<td></td>\n	</tr>\n	<tr>\n		<td class=\"text-right\">高拍仪拍照：</td>\n		<td></td>\n	</tr>\n	<tr>\n		<td class=\"text-right\">房屋照片管理：</td>\n		<td></td>\n	</tr>\n	<tr>\n		<td class=\"text-right\">家庭成员数：</td>\n		<td>3</td>\n	</tr>\n</table>\n<div style=\"overflow-x:auto;width: 100%;\">\n	<table class=\"table table-hover table-bordered autoTbale\">\n		<thead>\n			<tr>\n				<td>姓名</td>\n				<td>与户主关系</td>\n				<td>身份证件</td>\n				<td>性别</td>\n				<td>户口性质</td>\n				<td>出生日期</td>\n				<td>文化程度</td>\n				<td>在读情况</td>\n				<td>从事农业劳动时间</td>\n				<td>服兵役/劳改/劳教情况及时间起止段</td>\n				<td>联系电话</td>\n				<td>独生子女证件号</td>\n				<td>是否半边户</td>\n				<td>是否参加过社会保险</td>\n				<td>备注</td>\n			</tr>\n		</thead>\n		<tbody>\n			<tr>\n				<td>杜金明</td>\n				<td>户主</td>\n				<td>43012119480914091x</td>\n				<td>男</td>\n				<td>农村居民</td>\n				<td>1948/09/14</td>\n				<td></td>\n				<td></td>\n				<td></td>\n				<td></td>\n				<td></td>\n				<td></td>\n				<td>否</td>\n				<td>否</td>\n				<td>测试</td>\n			</tr>\n			<tr>\n				<td>廖开明</td>\n				<td>妻子</td>\n				<td>430121194901231726</td>\n				<td>女</td>\n				<td>农村居民</td>\n				<td>1949/01/23</td>\n				<td></td>\n				<td></td>\n				<td></td>\n				<td></td>\n				<td></td>\n				<td></td>\n				<td>否</td>\n				<td>否</td>\n				<td>测试</td>\n			</tr>\n			<tr>\n				<td>杜勇</td>\n				<td>儿子</td>\n				<td>430121197207191713</td>\n				<td>男</td>\n				<td>农村居民</td>\n				<td>1972/07/19</td>\n				<td></td>\n				<td></td>\n				<td></td>\n				<td></td>\n				<td></td>\n				<td>19720719</td>\n				<td>否</td>\n				<td>否</td>\n				<td>测试</td>\n			</tr>\n		</tbody>\n	</table>\n</div>\n'),('2fcd1e0f-f526-47f0-8aca-019b3c64be9b','125.70.79.71','2016-04-06','项目管理','修改项目公告','修改项目公告',NULL,'admin','a538004f-b6b2-48e3-8fcb-8ba000a3019a','81e97469-2fd1-4b3c-b3ac-593e5bd1ec6c','\n<table>\n	<tr>\n		<td class=\"text-right\">所属项目名称：</td>\n		<td>测试项目</td>\n	</tr>\n	<tr>\n		<td class=\"text-right\">公告进度：</td>\n		<td>三公告</td>\n	</tr>\n	<tr>\n		<td class=\"text-right\">公告文号：</td>\n		<td>3332v</td>\n	</tr>\n	<tr>\n		<td class=\"text-right\">公告时间：</td>\n		<td>2016/03/29</td>\n	</tr>\n	<tr>\n		<td class=\"text-right\">公告批文：</td>\n		<td></td>\n	</tr>\n</table>\n'),('30ad6f5f-7d30-429c-808e-2b5aa3e468a2','110.184.69.21','2016-04-09','信访管理','修改信访信息','修改信访信息',NULL,'12345','e746da4a-c40f-409b-9130-270e372efb04','91b075a7-f6c3-4992-bb87-87a03464e93e','\n<table>\n	<tr>\n		<td class=\"text-right\">上访者姓名：</td>\n		<td>接警后</td>\n	</tr>\n	<tr>\n		<td class=\"text-right\">上访者电话：</td>\n		<td>18181818181</td>\n	</tr>\n	<tr>\n		<td class=\"text-right\">上访者的住址：</td>\n		<td>address</td>\n	</tr>\n	<tr>\n		<td class=\"text-right\">选择上访项目：</td>\n		<td>测试项目2</td>\n	</tr>\n	<tr>\n		<td class=\"text-right\">上访时间：</td>\n		<td>2016/03/29</td>\n	</tr>\n	<tr>\n		<td class=\"text-right\">信访途径：</td>\n		<td>tel</td>\n	</tr>\n	<tr>\n		<td class=\"text-right\">上访者的其他信息：</td>\n		<td>上访者的其他信息</td>\n	</tr>\n	<tr>\n		<td class=\"text-right\">上访凭证：</td>\n		<td></td>\n	</tr>\n	<tr>\n		<td class=\"text-right\">相关资料：</td>\n		<td></td>\n	</tr>\n	<tr>\n		<td class=\"text-right\">处理意见：</td>\n		<td>处理意见2</td>\n	</tr>\n</table>\n'),('3173638a-9f77-4286-9294-9586175170c9','125.70.179.235','2016-04-26','社保管理','导入社保信息','导入社保信息',NULL,'admin','8502199d-390e-49e1-a37a-43b5677bc705','81e97469-2fd1-4b3c-b3ac-593e5bd1ec6c','\n<style type=\"text/css\">\n.autoTbale td,.autoTbale th {\n	white-space: nowrap;\n}\n</style>\n<div style=\"overflow-x:auto;width: 100%;\">\n	<table class=\"table table-hover table-bordered autoTbale\">\n		<thead>\n			<tr>\n				<td>姓名</td>\n				<td>身份证件号</td>\n				<td>性别</td>\n				<td>出生日期</td>\n				<td>年龄段</td>\n				<td>从事农业生产时间</td>\n				<td>服刑或劳动教养时间(月)</td>\n				<td>军队服役时间(月)</td>\n				<td>养老保险补缴年限</td>\n				<td>医疗保险视同缴费月数</td>\n				<td>参加何种医疗保险</td>\n				<td>是否参加过社会保险</td>\n				<td>所属社区</td>\n				<td>联系电话</td>\n				<td>征地名称</td>\n			</tr>\n		</thead>\n		<tbody>\n		</tbody>\n	</table>\n</div>\n'),('324bb807-67ef-44c6-845c-140c1dc0e651','175.9.111.33','2016-04-20','购房券制发','导入购房券信息','导入购房券信息',NULL,'12345','6b3dac14-8116-4aad-8643-c54821ebf93c','91b075a7-f6c3-4992-bb87-87a03464e93e','\n<style type=\"text/css\">\n.autoTbale td,.autoTbale th {\n	white-space: nowrap;\n}\n</style>\n<div style=\"overflow-x:auto;width: 100%;\">\n	<table class=\"table table-hover table-bordered autoTbale\">\n		<thead>\n			<tr>\n				<td>征拆项目</td>\n				<td>姓名</td>\n				<td>与户主关系</td>\n				<td>身份证件</td>\n				<td>人口</td>\n				<td>票据号</td>\n				<td>补贴金额</td>\n			</tr>\n		</thead>\n		<tbody>\n			<tr>\n				<td>长沙师范学校第二校区</td>\n				<td>马志怀</td>\n				<td>户主</td>\n				<td>430121197005177913</td>\n				<td>0</td>\n				<td>13002647</td>\n				<td>152800</td>\n			</tr>\n			<tr>\n				<td>长沙师范学校第二校区</td>\n				<td>马秀云</td>\n				<td>户主</td>\n				<td>430121194910147921</td>\n				<td>0</td>\n				<td>14001960</td>\n				<td>152800</td>\n			</tr>\n			<tr>\n				<td>长沙师范学校第二校区</td>\n				<td>孙思浩</td>\n				<td>孙子</td>\n				<td>430121200902280237</td>\n				<td>0</td>\n				<td>14001963</td>\n				<td>152800</td>\n			</tr>\n			<tr>\n				<td>长沙师范学校第二校区</td>\n				<td>孙思浩</td>\n				<td>孙子</td>\n				<td>430121200902280237</td>\n				<td>0</td>\n				<td>14001964</td>\n				<td>40000</td>\n			</tr>\n			<tr>\n				<td>长沙师范学校第二校区</td>\n				<td>马建红</td>\n				<td>儿媳</td>\n				<td>430121197505010044</td>\n				<td>0</td>\n				<td>14001962</td>\n				<td>152800</td>\n			</tr>\n			<tr>\n				<td>长沙师范学校第二校区</td>\n				<td>孙利红</td>\n				<td>子</td>\n				<td>430121197205227911</td>\n				<td>0</td>\n				<td>14001961</td>\n				<td>152800</td>\n			</tr>\n		</tbody>\n	</table>\n</div>\n'),('3393de54-2c9d-4f6f-8bfe-e0c003233b8f','182.148.57.207','2016-04-07','已迁户信息管理','手工添加已拆迁户','手工添加已拆迁户',NULL,'admin','bac2388a-3e8c-494f-8525-62c2a3370229','81e97469-2fd1-4b3c-b3ac-593e5bd1ec6c','\n<table>\n	<tr>\n		<td class=\"text-right\">迁户人姓名：</td>\n		<td>姓名A</td>\n	</tr>\n	<tr>\n		<td class=\"text-right\">迁户人身份证：</td>\n		<td>身份证</td>\n	</tr>\n	<tr>\n		<td class=\"text-right\">出生日期：</td>\n		<td>2016/04/14</td>\n	</tr>\n	<tr>\n		<td class=\"text-right\">拆迁日期：</td>\n		<td>2016/04/07</td>\n	</tr>\n	<tr>\n		<td class=\"text-right\">迁户人地址：</td>\n		<td>住址</td>\n	</tr>\n	<tr>\n		<td class=\"text-right\">适用政策：</td>\n		<td>政策</td>\n	</tr>\n</table>\n'),('33d51d00-5b27-4e4e-8891-2e50527ff6c0','175.8.6.13','2016-04-20','项目管理','修改项目月报','修改项目月报',NULL,'12345','a538004f-b6b2-48e3-8fcb-8ba000a3019a','91b075a7-f6c3-4992-bb87-87a03464e93e','\n<table>\n	<tr>\n		<td class=\"text-right\">所属项目名称：</td>\n		<td>长沙国际会展中心（测试）</td>\n	</tr>\n	<tr>\n		<td class=\"text-right\">选择录入的所属年/月：</td>\n		<td>2016/04/01</td>\n	</tr>\n	<tr>\n		<td class=\"text-right\">本月拆除栋数(合法)：</td>\n		<td>20</td>\n	</tr>\n	<tr>\n		<td class=\"text-right\">本月腾地数（亩）：</td>\n		<td>124.81</td>\n	</tr>\n	<tr>\n		<td class=\"text-right\">本月拆除面积（合法）（平方米）：</td>\n		<td>50000</td>\n	</tr>\n	<tr>\n		<td class=\"text-right\">本月动迁的人口：</td>\n		<td>60</td>\n	</tr>\n	<tr>\n		<td class=\"text-right\">本月下达期限腾地决定书：</td>\n		<td>0</td>\n	</tr>\n	<tr>\n		<td class=\"text-right\">本月申请法院执行数：</td>\n		<td>0</td>\n	</tr>\n	<tr>\n		<td class=\"text-right\">本月实施强制户数：</td>\n		<td>0</td>\n	</tr>\n	<tr>\n		<td class=\"text-right\">启动时间：</td>\n		<td></td>\n	</tr>\n	<tr>\n		<td class=\"text-right\">是否为本月完成结算项目：</td>\n		<td>否</td>\n	</tr>\n	<tr>\n		<td class=\"text-right\">备注：</td>\n		<td></td>\n	</tr>\n</table>\n'),('34126c10-b60c-4f51-8f5a-097dc748fa93','175.8.6.104','2016-04-06','项目管理','增加项目公告','增加项目公告',NULL,'12345','a538004f-b6b2-48e3-8fcb-8ba000a3019a','91b075a7-f6c3-4992-bb87-87a03464e93e','\n<table>\n	<tr>\n		<td class=\"text-right\">所属项目名称：</td>\n		<td>长沙磁浮工程建设项目（测试）</td>\n	</tr>\n	<tr>\n		<td class=\"text-right\">公告进度：</td>\n		<td>\n							一公告</td>\n	</tr>\n	<tr>\n		<td class=\"text-right\">公告文号：</td>\n		<td>长县政发 〔2014〕77号</td>\n	</tr>\n	<tr>\n		<td class=\"text-right\">公告时间：</td>\n		<td>2014/12/28</td>\n	</tr>\n	<tr>\n		<td class=\"text-right\">公告批文：</td>\n		<td></td>\n	</tr>\n</table>\n'),('349bfc3f-94a9-4735-a3c4-a05c5237099e','125.70.79.71','2016-04-06','项目管理','修改项目信息','修改项目信息',NULL,'admin','a538004f-b6b2-48e3-8fcb-8ba000a3019a','81e97469-2fd1-4b3c-b3ac-593e5bd1ec6c','\n<table>\n	<tr>\n		<td class=\"text-right\">项目审批号：</td>\n		<td>测试好好</td>\n	</tr>\n	<tr>\n		<td class=\"text-right\">项目名称：</td>\n		<td>测试项目等等</td>\n	</tr>\n	<tr>\n		<td class=\"text-right\">项目分类：</td>\n		<td></td>\n	</tr>\n	<tr>\n		<td class=\"text-right\">项目地址：</td>\n		<td>地址地址1</td>\n	</tr>\n	<tr>\n		<td class=\"text-right\">项目类型：</td>\n		<td>其他</td>\n	</tr>\n	<tr>\n		<td class=\"text-right\">征地面积（亩）：</td>\n		<td>100</td>\n	</tr>\n	<tr>\n		<td class=\"text-right\">应拆栋数：</td>\n		<td>100</td>\n	</tr>\n	<tr>\n		<td class=\"text-right\">应拆户数：</td>\n		<td>100</td>\n	</tr>\n	<tr>\n		<td class=\"text-right\">应动迁人口：</td>\n		<td>100</td>\n	</tr>\n	<tr>\n		<td class=\"text-right\">应拆总面积（合法）（平方米）：</td>\n		<td>100</td>\n	</tr>\n	<tr>\n		<td class=\"text-right\">应拆总面积（违章）（平方米）：</td>\n		<td>100</td>\n	</tr>\n	<tr>\n		<td class=\"text-right\">项目应付补偿款（万元）：</td>\n		<td>100</td>\n	</tr>\n	<tr>\n		<td class=\"text-right\">六前项目：</td>\n		<td>是</td>\n	</tr>\n</table>\n'),('34b21260-f9a9-4fad-86f1-531bcc363543','125.70.179.252','2016-03-24','购房券制发','录入项目出资单位','录入项目出资单位',NULL,'admin','6b3dac14-8116-4aad-8643-c54821ebf93c','81e97469-2fd1-4b3c-b3ac-593e5bd1ec6c','\n<table>\n	<tr>\n		<td class=\"text-right\">项目审批号：</td>\n		<td>测试项目审批号</td>\n	</tr>\n	<tr>\n		<td class=\"text-right\">项目名称：</td>\n		<td>测试项目</td>\n	</tr>\n	<tr>\n		<td class=\"text-right\">项目分类：</td>\n		<td></td>\n	</tr>\n	<tr>\n		<td class=\"text-right\">项目地址：</td>\n		<td>高唐街道天河区,大阪街道雨花区,项目地址其他信息</td>\n	</tr>\n	<tr>\n		<td class=\"text-right\">项目类型：</td>\n		<td>其他</td>\n	</tr>\n	<tr>\n		<td class=\"text-right\">国土局出资单位名称：</td>\n		<td>11</td>\n	</tr>\n	<tr>\n		<td class=\"text-right\">其他出资单位名称：</td>\n		<td>2</td>\n	</tr>\n</table>\n'),('350da7e3-0d27-4047-ad6a-229d6d05b931','175.9.111.33','2016-04-20','拆迁户管理','修改拆迁户户信息','修改拆迁户户信息',NULL,'12345','be769d24-1b19-472a-9f68-fc82c800ad29','91b075a7-f6c3-4992-bb87-87a03464e93e','\n<table>\n	<tr>\n		<td class=\"text-right\">户主姓名：</td>\n		<td>罗炳文</td>\n	</tr>\n	<tr>\n		<td class=\"text-right\">选择所属项目：</td>\n		<td>长沙国际会展中心（测试）</td>\n	</tr>\n	<tr>\n		<td class=\"text-right\">房屋合法面积（平方米）：</td>\n		<td>300</td>\n	</tr>\n	<tr>\n		<td class=\"text-right\">房屋违章面积（平方米）：</td>\n		<td>0</td>\n	</tr>\n	<tr>\n		<td class=\"text-right\">所属地址：</td>\n		<td>黄兴镇光达村柞树塘组</td>\n	</tr>\n	<tr>\n		<td class=\"text-right\">批证及其他情况说明：</td>\n		<td>有证，县土管字第0002330号，批证3人，限建筑占地面积90㎡.</td>\n	</tr>\n	<tr>\n		<td class=\"text-right\">拟定处理方案：</td>\n		<td>300㎡；三层90㎡，四层炮台18.24㎡成本价处理。</td>\n	</tr>\n	<tr>\n		<td class=\"text-right\">联合会审意见：</td>\n		<td>300㎡；三层90㎡，四层炮台18.24㎡成本价处理。</td>\n	</tr>\n	<tr>\n		<td class=\"text-right\">备注：</td>\n		<td></td>\n	</tr>\n	<tr>\n		<td class=\"text-right\">联合会审附件：</td>\n		<td></td>\n	</tr>\n	<tr>\n		<td class=\"text-right\">高拍仪拍照：</td>\n		<td></td>\n	</tr>\n	<tr>\n		<td class=\"text-right\">房屋照片管理：</td>\n		<td></td>\n	</tr>\n	<tr>\n		<td class=\"text-right\">家庭成员数：</td>\n		<td>4</td>\n	</tr>\n</table>\n'),('3771fb63-2e3d-4823-9234-3bc4ec4bf29c','117.172.25.168','2016-04-04','购房券制发','购房券个人发放','购房券个人发放',NULL,'admin','6b3dac14-8116-4aad-8643-c54821ebf93c','81e97469-2fd1-4b3c-b3ac-593e5bd1ec6c','\n<table>\n	<tr>\n		<td class=\"text-right\">购房券所属人姓名：</td>\n		<td>测试独生子女</td>\n	</tr>\n	<tr>\n		<td class=\"text-right\">购房券所属人身份证件：</td>\n		<td>110108199905220036</td>\n	</tr>\n	<tr>\n		<td class=\"text-right\">购房券券号：</td>\n		<td>101001</td>\n	</tr>\n	<tr>\n		<td class=\"text-right\">补贴金额（万元）：</td>\n		<td>10</td>\n	</tr>\n	<tr>\n		<td class=\"text-right\">制券时间：</td>\n		<td>2016/04/04</td>\n	</tr>\n	<tr>\n		<td class=\"text-right\">领用人姓名：</td>\n		<td>本人</td>\n	</tr>\n	<tr>\n		<td class=\"text-right\">领用人身份证件：</td>\n		<td>110108199905220036</td>\n	</tr>\n	<tr>\n		<td class=\"text-right\">领用时间：</td>\n		<td>2016/04/04</td>\n	</tr>\n	<tr>\n		<td class=\"text-right\">领用凭证：</td>\n		<td></td>\n	</tr>\n	<tr>\n		<td class=\"text-right\">领取备注：</td>\n		<td></td>\n	</tr>\n</table>\n<table>\n	<tr>\n		<td class=\"text-right\">购房券所属人姓名：</td>\n		<td>测试独生子女</td>\n	</tr>\n	<tr>\n		<td class=\"text-right\">购房券所属人身份证件：</td>\n		<td>110108199905220036</td>\n	</tr>\n	<tr>\n		<td class=\"text-right\">购房券券号：</td>\n		<td>101002</td>\n	</tr>\n	<tr>\n		<td class=\"text-right\">补贴金额（万元）：</td>\n		<td>4</td>\n	</tr>\n	<tr>\n		<td class=\"text-right\">制券时间：</td>\n		<td>2016/04/04</td>\n	</tr>\n	<tr>\n		<td class=\"text-right\">领用人姓名：</td>\n		<td>本人</td>\n	</tr>\n	<tr>\n		<td class=\"text-right\">领用人身份证件：</td>\n		<td>110108199905220036</td>\n	</tr>\n	<tr>\n		<td class=\"text-right\">领用时间：</td>\n		<td>2016/04/04</td>\n	</tr>\n	<tr>\n		<td class=\"text-right\">领用凭证：</td>\n		<td></td>\n	</tr>\n	<tr>\n		<td class=\"text-right\">领取备注：</td>\n		<td></td>\n	</tr>\n</table>\n'),('3801fc37-0a32-451a-9107-807ec654332c','182.148.57.207','2016-04-07','项目管理','手工添加项目信息','手工添加项目信息',NULL,'admin','a538004f-b6b2-48e3-8fcb-8ba000a3019a','81e97469-2fd1-4b3c-b3ac-593e5bd1ec6c','\n<table>\n	<tr>\n        <td class=\"text-right\">项目审批号：</td>\n        <td>项目审批号A</td>\n	</tr>\n	<tr>\n        <td class=\"text-right\">项目名称：</td>\n        <td>项目名称A</td>\n	</tr>\n	<tr>\n        <td class=\"text-right\">项目分类：</td>\n        <td>省市重点项目</td>\n	</tr>\n	<tr>\n        <td class=\"text-right\">项目地址：</td>\n        <td>地址</td>\n	</tr>\n	<tr>\n        <td class=\"text-right\">项目类型：</td>\n        <td>其他</td>\n	</tr>\n	<tr>\n        <td class=\"text-right\">征地面积（亩）：</td>\n        <td>77</td>\n	</tr>\n	<tr>\n        <td class=\"text-right\">应拆栋数：</td>\n        <td>77</td>\n	</tr>\n	<tr>\n        <td class=\"text-right\">应拆户数：</td>\n        <td>77</td>\n	</tr>\n	<tr>\n        <td class=\"text-right\">应动迁人口：</td>\n        <td>77</td>\n	</tr>\n	<tr>\n        <td class=\"text-right\">应拆总面积（合法）（平方米）：</td>\n        <td>77</td>\n	</tr>\n	<tr>\n        <td class=\"text-right\">应拆总面积（违章）（平方米）：</td>\n        <td>77</td>\n	</tr>\n	<tr>\n        <td class=\"text-right\">项目应付补偿款（万元）：</td>\n        <td>77</td>\n	</tr>\n	<tr>\n        <td class=\"text-right\">六前项目：</td>\n        <td>是</td>\n	</tr>\n</table>\n'),('387bf159-4c08-4f61-8c43-a1cbb4d06402','118.112.56.76','2016-03-29','项目管理','增加项目公告','增加项目公告',NULL,'admin','a538004f-b6b2-48e3-8fcb-8ba000a3019a','81e97469-2fd1-4b3c-b3ac-593e5bd1ec6c','\n<table>\n	<tr>\n		<td class=\"text-right\">所属项目名称：</td>\n		<td>测试项目</td>\n	</tr>\n	<tr>\n		<td class=\"text-right\">公告进度：</td>\n		<td>三公告</td>\n	</tr>\n	<tr>\n		<td class=\"text-right\">公告文号：</td>\n		<td></td>\n	</tr>\n	<tr>\n		<td class=\"text-right\">公告时间：</td>\n		<td>2016/03/29</td>\n	</tr>\n	<tr>\n		<td class=\"text-right\">公告批文：</td>\n		<td></td>\n	</tr>\n</table>\n'),('38920db4-a2b5-47fb-9a31-29dbb0ba0909','125.70.179.235','2016-04-26','社保管理','导入社保信息','导入社保信息',NULL,'admin','8502199d-390e-49e1-a37a-43b5677bc705','81e97469-2fd1-4b3c-b3ac-593e5bd1ec6c','\n<style type=\"text/css\">\n.autoTbale td,.autoTbale th {\n	white-space: nowrap;\n}\n</style>\n<div style=\"overflow-x:auto;width: 100%;\">\n	<table class=\"table table-hover table-bordered autoTbale\">\n		<thead>\n			<tr>\n				<td>姓名</td>\n				<td>身份证件号</td>\n				<td>性别</td>\n				<td>出生日期</td>\n				<td>年龄段</td>\n				<td>从事农业生产时间</td>\n				<td>服刑或劳动教养时间(月)</td>\n				<td>军队服役时间(月)</td>\n				<td>养老保险补缴年限</td>\n				<td>医疗保险视同缴费月数</td>\n				<td>参加何种医疗保险</td>\n				<td>是否参加过社会保险</td>\n				<td>所属社区</td>\n				<td>联系电话</td>\n				<td>征地名称</td>\n			</tr>\n		</thead>\n		<tbody>\n		</tbody>\n	</table>\n</div>\n'),('38a63c83-ce52-4052-b990-08b38582fe90','175.9.110.132','2016-04-26','项目管理','录入项目月进度','录入项目月进度',NULL,'12345','a538004f-b6b2-48e3-8fcb-8ba000a3019a','91b075a7-f6c3-4992-bb87-87a03464e93e','\n<table>\n	<tr>\n		<td class=\"text-right\">所属项目名称：</td>\n		<td>万家丽北路安沙联络线建设项目 （安沙物流大道）</td>\n	</tr>\n	<tr>\n		<td class=\"text-right\">选择录入的所属年/月：</td>\n		<td>2013/10/01</td>\n	</tr>\n	<tr>\n		<td class=\"text-right\">本月拆除栋数(合法)：</td>\n		<td>20</td>\n	</tr>\n	<tr>\n		<td class=\"text-right\">本月腾地数（亩）：</td>\n		<td>56.00</td>\n	</tr>\n	<tr>\n		<td class=\"text-right\">本月拆除面积（合法）（平方米）：</td>\n		<td>6000</td>\n	</tr>\n	<tr>\n		<td class=\"text-right\">本月动迁的人口：</td>\n		<td>60</td>\n	</tr>\n	<tr>\n		<td class=\"text-right\">本月下达期限腾地决定书：</td>\n		<td>0</td>\n	</tr>\n	<tr>\n		<td class=\"text-right\">本月申请法院执行数：</td>\n		<td>0</td>\n	</tr>\n	<tr>\n		<td class=\"text-right\">本月实施强制户数：</td>\n		<td>0</td>\n	</tr>\n	<tr>\n		<td class=\"text-right\">启动时间：</td>\n		<td></td>\n	</tr>\n	<tr>\n		<td class=\"text-right\">是否为本月完成结算项目：</td>\n		<td>否</td>\n	</tr>\n	<tr>\n		<td class=\"text-right\">备注：</td>\n		<td></td>\n	</tr>\n</table>\n'),('39251815-50c4-4159-bb75-1ce3c211c135','175.9.38.127','2016-04-21','购房券制发','手工添加人员信息以及购房券信息','手工添加人员信息以及购房券信息',NULL,'12345','6b3dac14-8116-4aad-8643-c54821ebf93c','91b075a7-f6c3-4992-bb87-87a03464e93e','\n<table>\n	<tr>\n		<td class=\"text-right\">户主姓名：</td>\n		<td>马秀云</td>\n	</tr>\n	<tr>\n		<td class=\"text-right\">户主身份证件：</td>\n		<td>430121194910147921</td>\n	</tr>\n	<tr>\n		<td class=\"text-right\">人员姓名：</td>\n		<td>李四</td>\n	</tr>\n	<tr>\n		<td class=\"text-right\">与户主关系：</td>\n		<td>其他-女婿</td>\n	</tr>\n	<tr>\n		<td class=\"text-right\">身份证件：</td>\n		<td>430121197205227012</td>\n	</tr>\n	<tr>\n		<td class=\"text-right\">性别：</td>\n		<td>男</td>\n	</tr>\n	<tr>\n		<td class=\"text-right\">户口性质：</td>\n		<td>城镇居民</td>\n	</tr>\n	<tr>\n		<td class=\"text-right\">出生日期：</td>\n		<td>2016/03/31</td>\n	</tr>\n	<tr>\n		<td class=\"text-right\">文化程度：</td>\n		<td></td>\n	</tr>\n	<tr>\n		<td class=\"text-right\">在读情况：</td>\n		<td></td>\n	</tr>\n	<tr>\n		<td class=\"text-right\">从事农业劳动时间：</td>\n		<td></td>\n	</tr>\n	<tr>\n		<td class=\"text-right\">服兵役/劳改/劳教情况及时间起止段：</td>\n		<td></td>\n	</tr>\n	<tr>\n		<td class=\"text-right\">联系电话：</td>\n		<td></td>\n	</tr>\n	<tr>\n		<td class=\"text-right\">独生子女证件号：</td>\n		<td></td>\n	</tr>\n	<tr>\n		<td class=\"text-right\">是否半边户：</td>\n		<td>否</td>\n	</tr>\n	<tr>\n		<td class=\"text-right\">是否参加过社会保险：</td>\n		<td>否</td>\n	</tr>\n	<tr>\n		<td class=\"text-right\">备注：</td>\n		<td></td>\n	</tr>\n</table>\n'),('3b4802f1-b44d-4fe9-9b7d-f0f91c41f90d','125.70.79.71','2016-04-06','项目管理','手工添加项目信息','手工添加项目信息',NULL,'admin','a538004f-b6b2-48e3-8fcb-8ba000a3019a','81e97469-2fd1-4b3c-b3ac-593e5bd1ec6c','\n<table>\n	<tr>\n        <td class=\"text-right\">项目审批号：</td>\n        <td>12011</td>\n	</tr>\n	<tr>\n        <td class=\"text-right\">项目名称：</td>\n        <td>212121</td>\n	</tr>\n	<tr>\n        <td class=\"text-right\">项目分类：</td>\n        <td>非重点项目</td>\n	</tr>\n	<tr>\n        <td class=\"text-right\">项目地址：</td>\n        <td>111111</td>\n	</tr>\n	<tr>\n        <td class=\"text-right\">项目类型：</td>\n        <td>基础设施</td>\n	</tr>\n	<tr>\n        <td class=\"text-right\">征地面积（亩）：</td>\n        <td>10</td>\n	</tr>\n	<tr>\n        <td class=\"text-right\">应拆栋数：</td>\n        <td>10</td>\n	</tr>\n	<tr>\n        <td class=\"text-right\">应拆户数：</td>\n        <td>10</td>\n	</tr>\n	<tr>\n        <td class=\"text-right\">应动迁人口：</td>\n        <td>10</td>\n	</tr>\n	<tr>\n        <td class=\"text-right\">应拆总面积（合法）（平方米）：</td>\n        <td>10</td>\n	</tr>\n	<tr>\n        <td class=\"text-right\">应拆总面积（违章）（平方米）：</td>\n        <td>10</td>\n	</tr>\n	<tr>\n        <td class=\"text-right\">项目应付补偿款（万元）：</td>\n        <td>10</td>\n	</tr>\n	<tr>\n        <td class=\"text-right\">六前项目：</td>\n        <td>是</td>\n	</tr>\n</table>\n'),('3b6908f6-eb50-4817-8e8a-02f984a78e11','182.148.57.207','2016-04-07','拆迁户管理','修改拆迁户户信息','修改拆迁户户信息',NULL,'admin','be769d24-1b19-472a-9f68-fc82c800ad29','81e97469-2fd1-4b3c-b3ac-593e5bd1ec6c','\n<table>\n	<tr>\n		<td class=\"text-right\">户主姓名：</td>\n		<td>李寿双</td>\n	</tr>\n	<tr>\n		<td class=\"text-right\">选择所属项目：</td>\n		<td>星沙联络线</td>\n	</tr>\n	<tr>\n		<td class=\"text-right\">房屋合法面积（平方米）：</td>\n		<td>0</td>\n	</tr>\n	<tr>\n		<td class=\"text-right\">房屋违章面积（平方米）：</td>\n		<td>0</td>\n	</tr>\n	<tr>\n		<td class=\"text-right\">所属地址：</td>\n		<td>123</td>\n	</tr>\n	<tr>\n		<td class=\"text-right\">批证及其他情况说明：</td>\n		<td></td>\n	</tr>\n	<tr>\n		<td class=\"text-right\">拟定处理方案：</td>\n		<td></td>\n	</tr>\n	<tr>\n		<td class=\"text-right\">联合会审意见：</td>\n		<td></td>\n	</tr>\n	<tr>\n		<td class=\"text-right\">备注：</td>\n		<td></td>\n	</tr>\n	<tr>\n		<td class=\"text-right\">联合会审附件：</td>\n		<td></td>\n	</tr>\n	<tr>\n		<td class=\"text-right\">高拍仪拍照：</td>\n		<td></td>\n	</tr>\n	<tr>\n		<td class=\"text-right\">房屋照片管理：</td>\n		<td></td>\n	</tr>\n	<tr>\n		<td class=\"text-right\">家庭成员数：</td>\n		<td>8</td>\n	</tr>\n</table>\n'),('3cc4f1c7-ed4a-4992-ac42-39f4a38fa4ff','182.148.59.67','2016-04-27','社保管理','导入社保信息','导入社保信息',NULL,'admin','8502199d-390e-49e1-a37a-43b5677bc705','81e97469-2fd1-4b3c-b3ac-593e5bd1ec6c','\n<style type=\"text/css\">\n.autoTbale td,.autoTbale th {\n	white-space: nowrap;\n}\n</style>\n<div style=\"overflow-x:auto;width: 100%;\">\n	<table class=\"table table-hover table-bordered autoTbale\">\n		<thead>\n			<tr>\n				<td>姓名</td>\n				<td>身份证件号</td>\n				<td>性别</td>\n				<td>出生日期</td>\n				<td>年龄段</td>\n				<td>从事农业生产时间</td>\n				<td>服刑或劳动教养时间(月)</td>\n				<td>军队服役时间(月)</td>\n				<td>养老保险补缴年限</td>\n				<td>医疗保险视同缴费月数</td>\n				<td>参加何种医疗保险</td>\n				<td>是否参加过社会保险</td>\n				<td>所属社区</td>\n				<td>联系电话</td>\n				<td>征地名称</td>\n			</tr>\n		</thead>\n		<tbody>\n		</tbody>\n	</table>\n</div>\n'),('3ce49756-5c1d-4722-bfef-36d6cd896023','125.70.179.235','2016-04-26','社保管理','导入社保信息','导入社保信息',NULL,'admin','8502199d-390e-49e1-a37a-43b5677bc705','81e97469-2fd1-4b3c-b3ac-593e5bd1ec6c','\n<style type=\"text/css\">\n.autoTbale td,.autoTbale th {\n	white-space: nowrap;\n}\n</style>\n<div style=\"overflow-x:auto;width: 100%;\">\n	<table class=\"table table-hover table-bordered autoTbale\">\n		<thead>\n			<tr>\n				<td>姓名</td>\n				<td>身份证件号</td>\n				<td>性别</td>\n				<td>出生日期</td>\n				<td>年龄段</td>\n				<td>从事农业生产时间</td>\n				<td>服刑或劳动教养时间(月)</td>\n				<td>军队服役时间(月)</td>\n				<td>养老保险补缴年限</td>\n				<td>医疗保险视同缴费月数</td>\n				<td>参加何种医疗保险</td>\n				<td>是否参加过社会保险</td>\n				<td>所属社区</td>\n				<td>联系电话</td>\n				<td>征地名称</td>\n			</tr>\n		</thead>\n		<tbody>\n		</tbody>\n	</table>\n</div>\n'),('3e7ef0fd-83f8-4753-b731-3518e692b2ce','125.70.79.71','2016-04-06','项目管理','修改项目公告','修改项目公告',NULL,'admin','a538004f-b6b2-48e3-8fcb-8ba000a3019a','81e97469-2fd1-4b3c-b3ac-593e5bd1ec6c','\n<table>\n	<tr>\n		<td class=\"text-right\">所属项目名称：</td>\n		<td>测试项目</td>\n	</tr>\n	<tr>\n		<td class=\"text-right\">公告进度：</td>\n		<td>三公告</td>\n	</tr>\n	<tr>\n		<td class=\"text-right\">公告文号：</td>\n		<td>3332v好</td>\n	</tr>\n	<tr>\n		<td class=\"text-right\">公告时间：</td>\n		<td>2016/03/29</td>\n	</tr>\n	<tr>\n		<td class=\"text-right\">公告批文：</td>\n		<td></td>\n	</tr>\n</table>\n'),('3f3867c1-77a7-49b1-bb48-6482238aa641','175.8.61.167','2016-04-06','拆迁户管理','手工添加拆迁户','手工添加拆迁户',NULL,'12345','be769d24-1b19-472a-9f68-fc82c800ad29','91b075a7-f6c3-4992-bb87-87a03464e93e','\n<style type=\"text/css\">\n.autoTbale td,.autoTbale th {\n	white-space: nowrap;\n}\n</style>\n<table>\n	<tr>\n		<td class=\"text-right\">户主姓名：</td>\n		<td>杜发其</td>\n	</tr>\n	<tr>\n		<td class=\"text-right\">选择所属项目：</td>\n		<td>长沙国际会展中心（测试）</td>\n	</tr>\n	<tr>\n		<td class=\"text-right\">房屋合法面积（平方米）：</td>\n		<td>200</td>\n	</tr>\n	<tr>\n		<td class=\"text-right\">房屋违章面积（平方米）：</td>\n		<td></td>\n	</tr>\n	<tr>\n		<td class=\"text-right\">所属地址：</td>\n		<td>高唐街道天河区天河1组</td>\n	</tr>\n	<tr>\n		<td class=\"text-right\">批证及其他情况说明：</td>\n		<td></td>\n	</tr>\n	<tr>\n		<td class=\"text-right\">拟定处理方案：</td>\n		<td></td>\n	</tr>\n	<tr>\n		<td class=\"text-right\">联合会审意见：</td>\n		<td></td>\n	</tr>\n	<tr>\n		<td class=\"text-right\">备注：</td>\n		<td></td>\n	</tr>\n	<tr>\n		<td class=\"text-right\">联合会审附件：</td>\n		<td></td>\n	</tr>\n	<tr>\n		<td class=\"text-right\">高拍仪拍照：</td>\n		<td></td>\n	</tr>\n	<tr>\n		<td class=\"text-right\">房屋照片管理：</td>\n		<td></td>\n	</tr>\n	<tr>\n		<td class=\"text-right\">家庭成员数：</td>\n		<td>2</td>\n	</tr>\n</table>\n<div style=\"overflow-x:auto;width: 100%;\">\n	<table class=\"table table-hover table-bordered autoTbale\">\n		<thead>\n			<tr>\n				<td>姓名</td>\n				<td>与户主关系</td>\n				<td>身份证件</td>\n				<td>性别</td>\n				<td>户口性质</td>\n				<td>出生日期</td>\n				<td>文化程度</td>\n				<td>在读情况</td>\n				<td>从事农业劳动时间</td>\n				<td>服兵役/劳改/劳教情况及时间起止段</td>\n				<td>联系电话</td>\n				<td>独生子女证件号</td>\n				<td>是否半边户</td>\n				<td>是否参加过社会保险</td>\n				<td>备注</td>\n			</tr>\n		</thead>\n		<tbody>\n			<tr>\n				<td>杜发其</td>\n				<td>户主</td>\n				<td>430121195007090927</td>\n				<td>男</td>\n				<td>农村居民</td>\n				<td>1950/07/09</td>\n				<td></td>\n				<td></td>\n				<td></td>\n				<td></td>\n				<td></td>\n				<td></td>\n				<td>否</td>\n				<td>否</td>\n				<td>测试</td>\n			</tr>\n			<tr>\n				<td>杨山红</td>\n				<td>儿子</td>\n				<td>430121197607040914</td>\n				<td>男</td>\n				<td>农村居民</td>\n				<td>1976/07/04</td>\n				<td></td>\n				<td></td>\n				<td></td>\n				<td></td>\n				<td></td>\n				<td>19760704</td>\n				<td>否</td>\n				<td>否</td>\n				<td>测试</td>\n			</tr>\n		</tbody>\n	</table>\n</div>\n'),('40461f76-c3d5-4572-8c9e-9d3d509baa19','125.70.179.235','2016-04-26','已迁户信息管理','导入拆迁户','导入拆迁户信息',NULL,'admin','bac2388a-3e8c-494f-8525-62c2a3370229','81e97469-2fd1-4b3c-b3ac-593e5bd1ec6c','\n<style type=\"text/css\">\n.autoTbale td,.autoTbale th {\n	white-space: nowrap;\n}\n</style>\n<div style=\"overflow-x:auto;width: 100%;\">\n	<table class=\"table table-hover table-bordered autoTbale\">\n		<thead>\n			<tr>\n				<td>迁户人姓名</td>\n				<td>适用政策</td>\n				<td>迁户人身份证</td>\n				<td>出生日期</td>\n				<td>拆迁日期</td>\n				<td>迁户人地址</td>\n			</tr>\n		</thead>\n		<tbody>\n		</tbody>\n	</table>\n</div>\n'),('40667e96-85ee-48b8-a0b6-fc9759598b28','118.112.58.104','2016-04-21','购房券制发','购房券户发放','购房券户发放',NULL,'admin','6b3dac14-8116-4aad-8643-c54821ebf93c','81e97469-2fd1-4b3c-b3ac-593e5bd1ec6c','\n<style type=\"text/css\">\n.autoTbale td,.autoTbale th {\n	white-space: nowrap;\n}\n</style>\n<div style=\"overflow-x:auto;width: 100%;\">\n	<table class=\"table table-hover table-bordered autoTbale\">\n		<thead>\n			<tr>\n				<td>购房券所属人姓名</td>\n				<td>购房券所属人身份证件</td>\n				<td>购房券券号</td>\n				<td>补贴金额（万元）</td>\n				<td>制券时间</td>\n				<td>领用人姓名</td>\n				<td>领用人身份证件</td>\n				<td>领用时间</td>\n				<td>领用凭证</td>\n				<td>领取备注</td>\n			</tr>\n		</thead>\n		<tbody>\n			<tr>\n				<td>李寿双</td>\n				<td>430121193909118117</td>\n				<td>14001949</td>\n				<td>162800</td>\n				<td>2016/03/30</td>\n				<td>1</td>\n				<td>23</td>\n				<td>2016/04/21</td>\n				<td>uploadFile/evidence_files/c7b7bc90-2e40-495a-bc85-da1b74cb5e2d.jpg</td>\n				<td>444</td>\n			</tr>\n		</tbody>\n	</table>\n</div>\n'),('40ef4a76-2efb-4f78-8e08-ef35aad05011','125.70.179.235','2016-04-26','社保管理','导入社保信息','导入社保信息',NULL,'admin','8502199d-390e-49e1-a37a-43b5677bc705','81e97469-2fd1-4b3c-b3ac-593e5bd1ec6c','\n<style type=\"text/css\">\n.autoTbale td,.autoTbale th {\n	white-space: nowrap;\n}\n</style>\n<div style=\"overflow-x:auto;width: 100%;\">\n	<table class=\"table table-hover table-bordered autoTbale\">\n		<thead>\n			<tr>\n				<td>姓名</td>\n				<td>身份证件号</td>\n				<td>性别</td>\n				<td>出生日期</td>\n				<td>年龄段</td>\n				<td>从事农业生产时间</td>\n				<td>服刑或劳动教养时间(月)</td>\n				<td>军队服役时间(月)</td>\n				<td>养老保险补缴年限</td>\n				<td>医疗保险视同缴费月数</td>\n				<td>参加何种医疗保险</td>\n				<td>是否参加过社会保险</td>\n				<td>所属社区</td>\n				<td>联系电话</td>\n				<td>征地名称</td>\n			</tr>\n		</thead>\n		<tbody>\n		</tbody>\n	</table>\n</div>\n'),('4166e153-cb2d-41d5-84af-9be9086b8ff7','175.9.111.33','2016-04-20','购房券制发','购房券户发放','购房券户发放',NULL,'12345','6b3dac14-8116-4aad-8643-c54821ebf93c','91b075a7-f6c3-4992-bb87-87a03464e93e','\n<style type=\"text/css\">\n.autoTbale td,.autoTbale th {\n	white-space: nowrap;\n}\n</style>\n<div style=\"overflow-x:auto;width: 100%;\">\n	<table class=\"table table-hover table-bordered autoTbale\">\n		<thead>\n			<tr>\n				<td>购房券所属人姓名</td>\n				<td>购房券所属人身份证件</td>\n				<td>购房券券号</td>\n				<td>补贴金额（万元）</td>\n				<td>制券时间</td>\n				<td>领用人姓名</td>\n				<td>领用人身份证件</td>\n				<td>领用时间</td>\n				<td>领用凭证</td>\n				<td>领取备注</td>\n			</tr>\n		</thead>\n		<tbody>\n			<tr>\n				<td>黄建兵</td>\n				<td>43012119730426091x</td>\n				<td>14000137</td>\n				<td>152800</td>\n				<td>2016/04/20</td>\n				<td>黄大明</td>\n				<td>430121193902150915</td>\n				<td>2016/04/20</td>\n				<td></td>\n				<td></td>\n			</tr>\n			<tr>\n				<td>王秀球</td>\n				<td>430121194511140925</td>\n				<td>14000136</td>\n				<td>152800</td>\n				<td>2016/04/20</td>\n				<td>黄大明</td>\n				<td>430121193902150915</td>\n				<td>2016/04/20</td>\n				<td></td>\n				<td></td>\n			</tr>\n			<tr>\n				<td>黄权</td>\n				<td>430121199703291018</td>\n				<td>14000139</td>\n				<td>152800</td>\n				<td>2016/04/20</td>\n				<td>黄大明</td>\n				<td>430121193902150915</td>\n				<td>2016/04/20</td>\n				<td></td>\n				<td></td>\n			</tr>\n			<tr>\n				<td>方桂君</td>\n				<td>430121197308100921</td>\n				<td>14000138</td>\n				<td>152800</td>\n				<td>2016/04/20</td>\n				<td>黄大明</td>\n				<td>430121193902150915</td>\n				<td>2016/04/20</td>\n				<td></td>\n				<td></td>\n			</tr>\n			<tr>\n				<td>黄权</td>\n				<td>430121199703291018</td>\n				<td>14000140</td>\n				<td>40000</td>\n				<td>2016/04/20</td>\n				<td>黄大明</td>\n				<td>430121193902150915</td>\n				<td>2016/04/20</td>\n				<td></td>\n				<td></td>\n			</tr>\n			<tr>\n				<td>黄大明</td>\n				<td>430121193902150915</td>\n				<td>14000135</td>\n				<td>152800</td>\n				<td>2016/04/20</td>\n				<td>黄大明</td>\n				<td>430121193902150915</td>\n				<td>2016/04/20</td>\n				<td></td>\n				<td></td>\n			</tr>\n		</tbody>\n	</table>\n</div>\n'),('418d229b-eb9b-403f-a048-8d639265890d','175.9.38.127','2016-04-21','购房券制发','手工添加人员信息以及购房券信息','手工添加人员信息以及购房券信息',NULL,'12345','6b3dac14-8116-4aad-8643-c54821ebf93c','91b075a7-f6c3-4992-bb87-87a03464e93e','\n<table>\n	<tr>\n		<td class=\"text-right\">户主姓名：</td>\n		<td>马秀云</td>\n	</tr>\n	<tr>\n		<td class=\"text-right\">户主身份证件：</td>\n		<td>430121194910147921</td>\n	</tr>\n	<tr>\n		<td class=\"text-right\">人员姓名：</td>\n		<td>张三</td>\n	</tr>\n	<tr>\n		<td class=\"text-right\">与户主关系：</td>\n		<td>女儿</td>\n	</tr>\n	<tr>\n		<td class=\"text-right\">身份证件：</td>\n		<td>430121197205118002</td>\n	</tr>\n	<tr>\n		<td class=\"text-right\">性别：</td>\n		<td>女</td>\n	</tr>\n	<tr>\n		<td class=\"text-right\">户口性质：</td>\n		<td>城镇居民</td>\n	</tr>\n	<tr>\n		<td class=\"text-right\">出生日期：</td>\n		<td>2016/03/31</td>\n	</tr>\n	<tr>\n		<td class=\"text-right\">文化程度：</td>\n		<td></td>\n	</tr>\n	<tr>\n		<td class=\"text-right\">在读情况：</td>\n		<td></td>\n	</tr>\n	<tr>\n		<td class=\"text-right\">从事农业劳动时间：</td>\n		<td></td>\n	</tr>\n	<tr>\n		<td class=\"text-right\">服兵役/劳改/劳教情况及时间起止段：</td>\n		<td></td>\n	</tr>\n	<tr>\n		<td class=\"text-right\">联系电话：</td>\n		<td></td>\n	</tr>\n	<tr>\n		<td class=\"text-right\">独生子女证件号：</td>\n		<td></td>\n	</tr>\n	<tr>\n		<td class=\"text-right\">是否半边户：</td>\n		<td>是</td>\n	</tr>\n	<tr>\n		<td class=\"text-right\">是否参加过社会保险：</td>\n		<td>否</td>\n	</tr>\n	<tr>\n		<td class=\"text-right\">备注：</td>\n		<td></td>\n	</tr>\n</table>\n'),('42810d7a-545c-4b3a-b853-c999febf7c43','175.8.6.104','2016-04-06','项目管理','修改项目信息','修改项目信息',NULL,'12345','a538004f-b6b2-48e3-8fcb-8ba000a3019a','91b075a7-f6c3-4992-bb87-87a03464e93e','\n<table>\n	<tr>\n		<td class=\"text-right\">项目审批号：</td>\n		<td>〔2013〕 第1282、1423号</td>\n	</tr>\n	<tr>\n		<td class=\"text-right\">项目名称：</td>\n		<td>长沙国际会展中心（测试）</td>\n	</tr>\n	<tr>\n		<td class=\"text-right\">项目分类：</td>\n		<td></td>\n	</tr>\n	<tr>\n		<td class=\"text-right\">项目地址：</td>\n		<td>黄兴镇光达村</td>\n	</tr>\n	<tr>\n		<td class=\"text-right\">项目类型：</td>\n		<td>基础设施</td>\n	</tr>\n	<tr>\n		<td class=\"text-right\">征地面积（亩）：</td>\n		<td>1179.66</td>\n	</tr>\n	<tr>\n		<td class=\"text-right\">应拆栋数：</td>\n		<td>189</td>\n	</tr>\n	<tr>\n		<td class=\"text-right\">应拆户数：</td>\n		<td>270</td>\n	</tr>\n	<tr>\n		<td class=\"text-right\">应动迁人口：</td>\n		<td>900</td>\n	</tr>\n	<tr>\n		<td class=\"text-right\">应拆总面积（合法）（平方米）：</td>\n		<td>79636</td>\n	</tr>\n	<tr>\n		<td class=\"text-right\">应拆总面积（违章）（平方米）：</td>\n		<td>0</td>\n	</tr>\n	<tr>\n		<td class=\"text-right\">项目应付补偿款（万元）：</td>\n		<td>35183.76</td>\n	</tr>\n	<tr>\n		<td class=\"text-right\">六前项目：</td>\n		<td>是</td>\n	</tr>\n</table>\n'),('43dc17ac-98b0-47cc-8a12-e73a6ddfa23e','175.11.124.141','2016-03-21','购房券使用与兑现','批量兑付购房券信息','批量兑付购房券信息',NULL,'12345','91dcf05a-a394-43f3-b789-2461b6956d4a','91b075a7-f6c3-4992-bb87-87a03464e93e','\n<style type=\"text/css\">\n.autoTbale td,.autoTbale th {\n	white-space: nowrap;\n}\n</style>\n<div style=\"overflow-x:auto;width: 100%;\">\n	<table class=\"table table-hover table-bordered autoTbale\">\n		<thead>\n			<tr>\n				<td>姓名</td>\n				<td>身份证</td>\n				<td>券号</td>\n				<td>补贴金额（万元）</td>\n				<td>制券时间</td>\n				<td>使用时间</td>\n				<td>使用类型</td>\n				<td>使用去向</td>\n				<td>情况说明</td>\n				<td>相关凭证</td>\n				<td>图片凭证</td>\n			</tr>\n		</thead>\n		<tbody>\n			<tr>\n				<td>小明</td>\n				<td>123025541</td>\n				<td>12</td>\n				<td>12</td>\n				<td>2016/03/18</td>\n				<td>2016/03/28</td>\n				<td>兑现</td>\n				<td></td>\n				<td></td>\n				<td></td>\n				<td></td>\n			</tr>\n		</tbody>\n	</table>\n</div>\n'),('44430f9c-f29c-4fe2-ba12-fe88d1610d54','125.70.79.216','2016-04-22','项目管理','增加项目公告','增加项目公告',NULL,'admin','a538004f-b6b2-48e3-8fcb-8ba000a3019a','81e97469-2fd1-4b3c-b3ac-593e5bd1ec6c','\n<table>\n	<tr>\n		<td class=\"text-right\">所属项目名称：</td>\n		<td>湖南长沙农产品物流中心二期建设项目用地</td>\n	</tr>\n	<tr>\n		<td class=\"text-right\">公告进度：</td>\n		<td>二公告</td>\n	</tr>\n	<tr>\n		<td class=\"text-right\">公告文号：</td>\n		<td>1</td>\n	</tr>\n	<tr>\n		<td class=\"text-right\">公告时间：</td>\n		<td>2016/04/22</td>\n	</tr>\n	<tr>\n		<td class=\"text-right\">公告批文：</td>\n		<td></td>\n	</tr>\n</table>\n'),('447b0da3-52f5-4282-aa17-c700efc3b061','125.70.179.235','2016-04-26','社保管理','导入社保信息','导入社保信息',NULL,'admin','8502199d-390e-49e1-a37a-43b5677bc705','81e97469-2fd1-4b3c-b3ac-593e5bd1ec6c','\n<style type=\"text/css\">\n.autoTbale td,.autoTbale th {\n	white-space: nowrap;\n}\n</style>\n<div style=\"overflow-x:auto;width: 100%;\">\n	<table class=\"table table-hover table-bordered autoTbale\">\n		<thead>\n			<tr>\n				<td>姓名</td>\n				<td>身份证件号</td>\n				<td>性别</td>\n				<td>出生日期</td>\n				<td>年龄段</td>\n				<td>从事农业生产时间</td>\n				<td>服刑或劳动教养时间(月)</td>\n				<td>军队服役时间(月)</td>\n				<td>养老保险补缴年限</td>\n				<td>医疗保险视同缴费月数</td>\n				<td>参加何种医疗保险</td>\n				<td>是否参加过社会保险</td>\n				<td>所属社区</td>\n				<td>联系电话</td>\n				<td>征地名称</td>\n			</tr>\n		</thead>\n		<tbody>\n		</tbody>\n	</table>\n</div>\n'),('449fc3e5-8a61-4b76-8f19-53cef3391872','182.148.57.207','2016-04-07','拆迁户管理','修改拆迁户人员','修改拆迁户人员信息',NULL,'admin','be769d24-1b19-472a-9f68-fc82c800ad29','81e97469-2fd1-4b3c-b3ac-593e5bd1ec6c','\n<table>\n	<tr>\n		<td class=\"text-right\">姓名：</td>\n		<td>小明</td>\n	</tr>\n	<tr>\n		<td class=\"text-right\">与户主关系：</td>\n		<td>户主</td>\n	</tr>\n	<tr>\n		<td class=\"text-right\">身份证件：</td>\n		<td>15152152105</td>\n	</tr>\n	<tr>\n		<td class=\"text-right\">性别：</td>\n		<td>男</td>\n	</tr>\n	<tr>\n		<td class=\"text-right\">户口性质：</td>\n		<td>农村居民</td>\n	</tr>\n	<tr>\n		<td class=\"text-right\">出生日期：</td>\n		<td>2016/04/07</td>\n	</tr>\n	<tr>\n		<td class=\"text-right\">文化程度：</td>\n		<td>文化程度</td>\n	</tr>\n	<tr>\n		<td class=\"text-right\">在读情况：</td>\n		<td>在读情况</td>\n	</tr>\n	<tr>\n		<td class=\"text-right\">从事农业劳动时间：</td>\n		<td>从事农业劳动时间</td>\n	</tr>\n	<tr>\n		<td class=\"text-right\">服兵役/劳改/劳教情况及时间起止段：</td>\n		<td>服兵役时间</td>\n	</tr>\n	<tr>\n		<td class=\"text-right\">联系电话：</td>\n		<td>联系电话</td>\n	</tr>\n	<tr>\n		<td class=\"text-right\">独生子女证件号：</td>\n		<td></td>\n	</tr>\n	<tr>\n		<td class=\"text-right\">是否半边户：</td>\n		<td>是</td>\n	</tr>\n	<tr>\n		<td class=\"text-right\">是否参加过社会保险：</td>\n		<td>是</td>\n	</tr>\n	<tr>\n		<td class=\"text-right\">备注：</td>\n		<td>1000</td>\n	</tr>\n</table>\n'),('46b6ceea-d9d8-4c1b-acf5-c6bce45bd74b','182.148.57.207','2016-04-07','信访管理','添加信访信息','添加信访信息',NULL,'admin','e746da4a-c40f-409b-9130-270e372efb04','81e97469-2fd1-4b3c-b3ac-593e5bd1ec6c','\n<table>\n	<tr>\n		<td class=\"text-right\">上访者姓名：</td>\n		<td>信访A</td>\n	</tr>\n	<tr>\n		<td class=\"text-right\">上访者电话：</td>\n		<td>515151</td>\n	</tr>\n	<tr>\n		<td class=\"text-right\">上访者的住址：</td>\n		<td>住址AAA</td>\n	</tr>\n	<tr>\n		<td class=\"text-right\">选择上访项目：</td>\n		<td>导入项目名称A</td>\n	</tr>\n	<tr>\n		<td class=\"text-right\">上访时间：</td>\n		<td>2016/04/07</td>\n	</tr>\n	<tr>\n		<td class=\"text-right\">信访途径：</td>\n		<td>无途径</td>\n	</tr>\n	<tr>\n		<td class=\"text-right\">上访者的其他信息：</td>\n		<td>1515151</td>\n	</tr>\n	<tr>\n		<td class=\"text-right\">上访凭证：</td>\n		<td>uploadFile/evidence_files/683fe804-25dc-478d-afe6-96bee9b391f9.jpg</td>\n	</tr>\n	<tr>\n		<td class=\"text-right\">相关资料：</td>\n		<td>1.jpg/uploadFile/policy_files/24f80513-827a-4ead-ad86-9c1cbab8a8df.jpg</td>\n	</tr>\n	<tr>\n		<td class=\"text-right\">处理意见：</td>\n		<td>无意见</td>\n	</tr>\n</table>\n'),('46c42442-8111-4747-8a4c-c6715497cfc1','175.8.6.104','2016-04-06','项目管理','增加项目公告','增加项目公告',NULL,'12345','a538004f-b6b2-48e3-8fcb-8ba000a3019a','91b075a7-f6c3-4992-bb87-87a03464e93e','\n<table>\n	<tr>\n		<td class=\"text-right\">所属项目名称：</td>\n		<td>长沙磁浮工程建设项目（测试）</td>\n	</tr>\n	<tr>\n		<td class=\"text-right\">公告进度：</td>\n		<td>二公告</td>\n	</tr>\n	<tr>\n		<td class=\"text-right\">公告文号：</td>\n		<td>长县国土资征〔2015〕11、12、13</td>\n	</tr>\n	<tr>\n		<td class=\"text-right\">公告时间：</td>\n		<td>2015/03/24</td>\n	</tr>\n	<tr>\n		<td class=\"text-right\">公告批文：</td>\n		<td></td>\n	</tr>\n</table>\n'),('47ec5b33-69cf-48d9-ba22-e4c87399614b','125.70.79.216','2016-04-22','项目管理','增加项目公告','增加项目公告',NULL,'admin','a538004f-b6b2-48e3-8fcb-8ba000a3019a','81e97469-2fd1-4b3c-b3ac-593e5bd1ec6c','\n<table>\n	<tr>\n		<td class=\"text-right\">所属项目名称：</td>\n		<td>长沙黄花机场飞行区东扩工程</td>\n	</tr>\n	<tr>\n		<td class=\"text-right\">公告进度：</td>\n		<td>\n							一公告</td>\n	</tr>\n	<tr>\n		<td class=\"text-right\">公告文号：</td>\n		<td>1</td>\n	</tr>\n	<tr>\n		<td class=\"text-right\">公告时间：</td>\n		<td>2016/04/22</td>\n	</tr>\n	<tr>\n		<td class=\"text-right\">公告批文：</td>\n		<td></td>\n	</tr>\n</table>\n'),('488f3783-afab-4a81-a238-8b6c51180fe5','175.8.61.167','2016-04-06','拆迁户管理','手工添加拆迁户','手工添加拆迁户',NULL,'12345','be769d24-1b19-472a-9f68-fc82c800ad29','91b075a7-f6c3-4992-bb87-87a03464e93e','\n<style type=\"text/css\">\n.autoTbale td,.autoTbale th {\n	white-space: nowrap;\n}\n</style>\n<table>\n	<tr>\n		<td class=\"text-right\">户主姓名：</td>\n		<td>罗炳文</td>\n	</tr>\n	<tr>\n		<td class=\"text-right\">选择所属项目：</td>\n		<td>长沙国际会展中心（测试）</td>\n	</tr>\n	<tr>\n		<td class=\"text-right\">房屋合法面积（平方米）：</td>\n		<td>320</td>\n	</tr>\n	<tr>\n		<td class=\"text-right\">房屋违章面积（平方米）：</td>\n		<td>0</td>\n	</tr>\n	<tr>\n		<td class=\"text-right\">所属地址：</td>\n		<td>高唐街道天河区天河1组</td>\n	</tr>\n	<tr>\n		<td class=\"text-right\">批证及其他情况说明：</td>\n		<td></td>\n	</tr>\n	<tr>\n		<td class=\"text-right\">拟定处理方案：</td>\n		<td></td>\n	</tr>\n	<tr>\n		<td class=\"text-right\">联合会审意见：</td>\n		<td></td>\n	</tr>\n	<tr>\n		<td class=\"text-right\">备注：</td>\n		<td></td>\n	</tr>\n	<tr>\n		<td class=\"text-right\">联合会审附件：</td>\n		<td></td>\n	</tr>\n	<tr>\n		<td class=\"text-right\">高拍仪拍照：</td>\n		<td></td>\n	</tr>\n	<tr>\n		<td class=\"text-right\">房屋照片管理：</td>\n		<td></td>\n	</tr>\n	<tr>\n		<td class=\"text-right\">家庭成员数：</td>\n		<td>4</td>\n	</tr>\n</table>\n<div style=\"overflow-x:auto;width: 100%;\">\n	<table class=\"table table-hover table-bordered autoTbale\">\n		<thead>\n			<tr>\n				<td>姓名</td>\n				<td>与户主关系</td>\n				<td>身份证件</td>\n				<td>性别</td>\n				<td>户口性质</td>\n				<td>出生日期</td>\n				<td>文化程度</td>\n				<td>在读情况</td>\n				<td>从事农业劳动时间</td>\n				<td>服兵役/劳改/劳教情况及时间起止段</td>\n				<td>联系电话</td>\n				<td>独生子女证件号</td>\n				<td>是否半边户</td>\n				<td>是否参加过社会保险</td>\n				<td>备注</td>\n			</tr>\n		</thead>\n		<tbody>\n			<tr>\n				<td>罗炳文</td>\n				<td>户主</td>\n				<td>430121194706270914</td>\n				<td>男</td>\n				<td>农村居民</td>\n				<td>2016/04/06</td>\n				<td></td>\n				<td></td>\n				<td></td>\n				<td></td>\n				<td></td>\n				<td></td>\n				<td>否</td>\n				<td>否</td>\n				<td>测试</td>\n			</tr>\n			<tr>\n				<td>吴淑清</td>\n				<td>妻子</td>\n				<td>43012119450820094x</td>\n				<td>女</td>\n				<td>农村居民</td>\n				<td>1945/08/20</td>\n				<td></td>\n				<td></td>\n				<td></td>\n				<td></td>\n				<td></td>\n				<td></td>\n				<td>否</td>\n				<td>否</td>\n				<td>测试</td>\n			</tr>\n			<tr>\n				<td>罗仕平</td>\n				<td>儿子</td>\n				<td>430121197301160913</td>\n				<td>男</td>\n				<td>农村居民</td>\n				<td>1973/01/16</td>\n				<td></td>\n				<td></td>\n				<td></td>\n				<td></td>\n				<td></td>\n				<td></td>\n				<td>否</td>\n				<td>否</td>\n				<td>测试</td>\n			</tr>\n			<tr>\n				<td>罗子宜</td>\n				<td>其他-孙女</td>\n				<td>430121201002270062</td>\n				<td>女</td>\n				<td>农村居民</td>\n				<td>2010/02/27</td>\n				<td></td>\n				<td></td>\n				<td></td>\n				<td></td>\n				<td></td>\n				<td>201000227</td>\n				<td>否</td>\n				<td>否</td>\n				<td></td>\n			</tr>\n		</tbody>\n	</table>\n</div>\n'),('496aed03-ebe4-4d5e-aec3-a88a5c1b76d6','175.11.116.59','2016-03-30','拆迁户管理','导入拆迁户','导入拆迁户信息',NULL,'admin','be769d24-1b19-472a-9f68-fc82c800ad29','81e97469-2fd1-4b3c-b3ac-593e5bd1ec6c','\n<style type=\"text/css\">\n.autoTbale td,.autoTbale th {\n	white-space: nowrap;\n}\n</style>\n<table>\n	<tr>\n		<td class=\"text-right\">户主姓名：</td>\n		<td>易顺恺</td>\n	</tr>\n	<tr>\n		<td class=\"text-right\">选择所属项目：</td>\n		<td>星沙联络线</td>\n	</tr>\n	<tr>\n		<td class=\"text-right\">房屋合法面积（平方米）：</td>\n		<td>0</td>\n	</tr>\n	<tr>\n		<td class=\"text-right\">房屋违章面积（平方米）：</td>\n		<td>0</td>\n	</tr>\n	<tr>\n		<td class=\"text-right\">所属地址：</td>\n		<td>null-null-null</td>\n	</tr>\n	<tr>\n		<td class=\"text-right\">批证及其他情况说明：</td>\n		<td></td>\n	</tr>\n	<tr>\n		<td class=\"text-right\">拟定处理方案：</td>\n		<td></td>\n	</tr>\n	<tr>\n		<td class=\"text-right\">联合会审意见：</td>\n		<td></td>\n	</tr>\n	<tr>\n		<td class=\"text-right\">备注：</td>\n		<td></td>\n	</tr>\n	<tr>\n		<td class=\"text-right\">联合会审附件：</td>\n		<td></td>\n	</tr>\n	<tr>\n		<td class=\"text-right\">高拍仪拍照：</td>\n		<td></td>\n	</tr>\n	<tr>\n		<td class=\"text-right\">房屋照片管理：</td>\n		<td></td>\n	</tr>\n	<tr>\n		<td class=\"text-right\">家庭成员数：</td>\n		<td>3</td>\n	</tr>\n</table>\n<div style=\"overflow-x:auto;width: 100%;\">\n	<table class=\"table table-hover table-bordered autoTbale\">\n		<thead>\n			<tr>\n				<td>姓名</td>\n				<td>与户主关系</td>\n				<td>身份证件</td>\n				<td>性别</td>\n				<td>户口性质</td>\n				<td>出生日期</td>\n				<td>文化程度</td>\n				<td>在读情况</td>\n				<td>从事农业劳动时间</td>\n				<td>服兵役/劳改/劳教情况及时间起止段</td>\n				<td>联系电话</td>\n				<td>独生子女证件号</td>\n				<td>是否半边户</td>\n				<td>是否参加过社会保险</td>\n				<td>备注</td>\n			</tr>\n		</thead>\n		<tbody>\n			<tr>\n				<td>易顺恺</td>\n				<td>户主</td>\n				<td>430121193508178119</td>\n				<td></td>\n				<td>农村居民</td>\n				<td>1935/08/17</td>\n				<td></td>\n				<td></td>\n				<td></td>\n				<td></td>\n				<td></td>\n				<td></td>\n				<td>否</td>\n				<td>否</td>\n				<td></td>\n			</tr>\n			<tr>\n				<td>易淑华</td>\n				<td>妻</td>\n				<td>43012119360228812X</td>\n				<td></td>\n				<td>农村居民</td>\n				<td>1936/02/28</td>\n				<td></td>\n				<td></td>\n				<td></td>\n				<td></td>\n				<td></td>\n				<td></td>\n				<td>否</td>\n				<td>否</td>\n				<td></td>\n			</tr>\n			<tr>\n				<td>易芳</td>\n				<td>孙女</td>\n				<td>430121198406077926</td>\n				<td></td>\n				<td>农村居民</td>\n				<td>1984/06/07</td>\n				<td></td>\n				<td></td>\n				<td></td>\n				<td></td>\n				<td></td>\n				<td></td>\n				<td>否</td>\n				<td>否</td>\n				<td></td>\n			</tr>\n		</tbody>\n	</table>\n</div>\n'),('4a341668-13df-4b3c-ac3f-48d4e0cf40c6','175.8.6.104','2016-04-06','项目管理','修改项目月报','修改项目月报',NULL,'12345','a538004f-b6b2-48e3-8fcb-8ba000a3019a','91b075a7-f6c3-4992-bb87-87a03464e93e','\n<table>\n	<tr>\n		<td class=\"text-right\">所属项目名称：</td>\n		<td>长沙县长沙师范学校第二校区建设项目（测试</td>\n	</tr>\n	<tr>\n		<td class=\"text-right\">选择录入的所属年/月：</td>\n		<td>2016/03/01</td>\n	</tr>\n	<tr>\n		<td class=\"text-right\">本月拆除栋数(合法)：</td>\n		<td>30</td>\n	</tr>\n	<tr>\n		<td class=\"text-right\">本月腾地数（亩）：</td>\n		<td>454.473</td>\n	</tr>\n	<tr>\n		<td class=\"text-right\">本月拆除面积（合法）（平方米）：</td>\n		<td>54540</td>\n	</tr>\n	<tr>\n		<td class=\"text-right\">本月动迁的人口：</td>\n		<td>150</td>\n	</tr>\n	<tr>\n		<td class=\"text-right\">本月下达期限腾地决定书：</td>\n		<td>0</td>\n	</tr>\n	<tr>\n		<td class=\"text-right\">本月申请法院执行数：</td>\n		<td>0</td>\n	</tr>\n	<tr>\n		<td class=\"text-right\">本月实施强制户数：</td>\n		<td>1</td>\n	</tr>\n	<tr>\n		<td class=\"text-right\">启动时间：</td>\n		<td></td>\n	</tr>\n	<tr>\n		<td class=\"text-right\">是否为本月完成结算项目：</td>\n		<td>否</td>\n	</tr>\n	<tr>\n		<td class=\"text-right\">备注：</td>\n		<td></td>\n	</tr>\n</table>\n'),('4a7a8fad-85dd-4f56-bf2b-10e03bde3698','175.11.116.59','2016-03-30','购房券制发','导入购房券信息','导入购房券信息',NULL,'admin','6b3dac14-8116-4aad-8643-c54821ebf93c','81e97469-2fd1-4b3c-b3ac-593e5bd1ec6c','\n<style type=\"text/css\">\n.autoTbale td,.autoTbale th {\n	white-space: nowrap;\n}\n</style>\n<div style=\"overflow-x:auto;width: 100%;\">\n	<table class=\"table table-hover table-bordered autoTbale\">\n		<thead>\n			<tr>\n				<td>征拆项目</td>\n				<td>姓名</td>\n				<td>与户主关系</td>\n				<td>身份证件</td>\n				<td>人口</td>\n				<td>票据号</td>\n				<td>补贴金额</td>\n			</tr>\n		</thead>\n		<tbody>\n			<tr>\n				<td>星沙联络线</td>\n				<td>李寿双</td>\n				<td>户主</td>\n				<td>430121193909118117</td>\n				<td>0</td>\n				<td>14001949</td>\n				<td>162800</td>\n			</tr>\n			<tr>\n				<td>会展酒店</td>\n				<td>马强罗</td>\n				<td>户主</td>\n				<td>430121193910147919</td>\n				<td>0</td>\n				<td>14019239</td>\n				<td>152800</td>\n			</tr>\n			<tr>\n				<td>会展酒店</td>\n				<td>金玉珍</td>\n				<td>妻</td>\n				<td>430121194610087920</td>\n				<td>0</td>\n				<td>14019240</td>\n				<td>152800</td>\n			</tr>\n			<tr>\n				<td>会展酒店</td>\n				<td>李迪均</td>\n				<td>户主</td>\n				<td>430121194505288114</td>\n				<td>0</td>\n				<td>14017471</td>\n				<td>162800</td>\n			</tr>\n			<tr>\n				<td>会展酒店</td>\n				<td>李建平</td>\n				<td>女</td>\n				<td>430121197410028145</td>\n				<td>0</td>\n				<td>14017472</td>\n				<td>162800</td>\n			</tr>\n			<tr>\n				<td>会展酒店</td>\n				<td>易运莲</td>\n				<td>妻</td>\n				<td>430121105204188122</td>\n				<td>0</td>\n				<td>14017473</td>\n				<td>162800</td>\n			</tr>\n			<tr>\n				<td>长沙黄华机场</td>\n				<td>杨建武</td>\n				<td>户主</td>\n				<td>430121195110288114</td>\n				<td>0</td>\n				<td>14016189</td>\n				<td>162800</td>\n			</tr>\n			<tr>\n				<td>长沙黄华机场</td>\n				<td>柳佰冬</td>\n				<td>户主</td>\n				<td>430121195409038136</td>\n				<td>0</td>\n				<td>14016223</td>\n				<td>162800</td>\n			</tr>\n			<tr>\n				<td>长沙黄华机场</td>\n				<td>宋倩婷</td>\n				<td>外孙女</td>\n				<td>430121200511077987</td>\n				<td>0</td>\n				<td>14016227</td>\n				<td>162800</td>\n			</tr>\n			<tr>\n				<td>长沙黄华机场</td>\n				<td>宋倩婷</td>\n				<td>外孙女</td>\n				<td>430121200511077987</td>\n				<td>0</td>\n				<td>14016226</td>\n				<td>25300</td>\n			</tr>\n			<tr>\n				<td>长沙黄华机场</td>\n				<td>柳芳</td>\n				<td>女</td>\n				<td>430121198112077947</td>\n				<td>0</td>\n				<td>14016224</td>\n				<td>162800</td>\n			</tr>\n			<tr>\n				<td>地铁3号线龙角站</td>\n				<td>王金高</td>\n				<td>户主</td>\n				<td>430121195701287914</td>\n				<td>0</td>\n				<td>14001680</td>\n				<td>152800</td>\n			</tr>\n			<tr>\n				<td>地铁4号线龙角站</td>\n				<td>苏秋英</td>\n				<td>妻</td>\n				<td>430121196208247921</td>\n				<td>0</td>\n				<td>14001681</td>\n				<td>152800</td>\n			</tr>\n			<tr>\n				<td>地铁5号线龙角站</td>\n				<td>王展</td>\n				<td>女</td>\n				<td>430121199104207320</td>\n				<td>0</td>\n				<td>14001682</td>\n				<td>152800</td>\n			</tr>\n			<tr>\n				<td>地铁6号线龙角站</td>\n				<td>杨映明</td>\n				<td>户主</td>\n				<td>430121196203018142</td>\n				<td>0</td>\n				<td>14017351</td>\n				<td>162800</td>\n			</tr>\n			<tr>\n				<td>地铁7号线龙角站</td>\n				<td>周晓</td>\n				<td>女</td>\n				<td>430121198611097926</td>\n				<td>0</td>\n				<td>14017352</td>\n				<td>162800</td>\n			</tr>\n			<tr>\n				<td>地铁8号线龙角站</td>\n				<td>范梓言</td>\n				<td>外孙女</td>\n				<td>430121201009290162</td>\n				<td>0</td>\n				<td>14014178</td>\n				<td>162800</td>\n			</tr>\n			<tr>\n				<td>地铁9号线龙角站</td>\n				<td>范梓言</td>\n				<td>外孙女</td>\n				<td>430121201009290162</td>\n				<td>0</td>\n				<td>14014177</td>\n				<td>25300</td>\n			</tr>\n		</tbody>\n	</table>\n</div>\n'),('4a8dc8db-8257-4c58-82f3-18209a183cce','182.148.57.207','2016-04-07','拆迁户管理','删除人员信息','删除人员信息',NULL,'admin','be769d24-1b19-472a-9f68-fc82c800ad29','81e97469-2fd1-4b3c-b3ac-593e5bd1ec6c','\n<table>\n	<tr>\n		<td class=\"text-right\">人员姓名：</td>\n		<td>123123</td>\n	</tr>\n	<tr>\n		<td class=\"text-right\">人员身份证：</td>\n		<td>2312ed</td>\n	</tr>\n</table>\n'),('4ae49a66-9dab-4ce7-8d3b-07048734fd64','175.8.6.104','2016-04-06','项目管理','手工添加项目信息','手工添加项目信息',NULL,'12345','a538004f-b6b2-48e3-8fcb-8ba000a3019a','91b075a7-f6c3-4992-bb87-87a03464e93e','\n<table>\n	<tr>\n        <td class=\"text-right\">项目审批号：</td>\n        <td>〔2013〕 第1282、1423号</td>\n	</tr>\n	<tr>\n        <td class=\"text-right\">项目名称：</td>\n        <td>长沙国际会展中心</td>\n	</tr>\n	<tr>\n        <td class=\"text-right\">项目分类：</td>\n        <td>省市重点项目</td>\n	</tr>\n	<tr>\n        <td class=\"text-right\">项目地址：</td>\n        <td>黄兴镇光达村</td>\n	</tr>\n	<tr>\n        <td class=\"text-right\">项目类型：</td>\n        <td>基础设施</td>\n	</tr>\n	<tr>\n        <td class=\"text-right\">征地面积（亩）：</td>\n        <td>1179.657</td>\n	</tr>\n	<tr>\n        <td class=\"text-right\">应拆栋数：</td>\n        <td>189</td>\n	</tr>\n	<tr>\n        <td class=\"text-right\">应拆户数：</td>\n        <td>270</td>\n	</tr>\n	<tr>\n        <td class=\"text-right\">应动迁人口：</td>\n        <td>900</td>\n	</tr>\n	<tr>\n        <td class=\"text-right\">应拆总面积（合法）（平方米）：</td>\n        <td>79636</td>\n	</tr>\n	<tr>\n        <td class=\"text-right\">应拆总面积（违章）（平方米）：</td>\n        <td>0</td>\n	</tr>\n	<tr>\n        <td class=\"text-right\">项目应付补偿款（万元）：</td>\n        <td>35183.76</td>\n	</tr>\n	<tr>\n        <td class=\"text-right\">六前项目：</td>\n        <td>是</td>\n	</tr>\n</table>\n'),('4b178458-d00f-4a8f-beb1-0679f690083a','125.70.79.216','2016-04-22','项目管理','增加项目公告','增加项目公告',NULL,'admin','a538004f-b6b2-48e3-8fcb-8ba000a3019a','81e97469-2fd1-4b3c-b3ac-593e5bd1ec6c','\n<table>\n	<tr>\n		<td class=\"text-right\">所属项目名称：</td>\n		<td>长沙黄花机场飞行区东扩工程</td>\n	</tr>\n	<tr>\n		<td class=\"text-right\">公告进度：</td>\n		<td>二公告</td>\n	</tr>\n	<tr>\n		<td class=\"text-right\">公告文号：</td>\n		<td>2</td>\n	</tr>\n	<tr>\n		<td class=\"text-right\">公告时间：</td>\n		<td>2016/04/22</td>\n	</tr>\n	<tr>\n		<td class=\"text-right\">公告批文：</td>\n		<td></td>\n	</tr>\n</table>\n'),('4d0d78da-5a8e-45ea-89d6-67c38ab64e4f','182.148.57.207','2016-04-07','项目管理','手工添加项目信息','手工添加项目信息',NULL,'admin','a538004f-b6b2-48e3-8fcb-8ba000a3019a','81e97469-2fd1-4b3c-b3ac-593e5bd1ec6c','\n<table>\n	<tr>\n        <td class=\"text-right\">项目审批号：</td>\n        <td>项目C</td>\n	</tr>\n	<tr>\n        <td class=\"text-right\">项目名称：</td>\n        <td>项目C</td>\n	</tr>\n	<tr>\n        <td class=\"text-right\">项目分类：</td>\n        <td>省市重点项目</td>\n	</tr>\n	<tr>\n        <td class=\"text-right\">项目地址：</td>\n        <td>项目地址</td>\n	</tr>\n	<tr>\n        <td class=\"text-right\">项目类型：</td>\n        <td>其他</td>\n	</tr>\n	<tr>\n        <td class=\"text-right\">征地面积（亩）：</td>\n        <td>100</td>\n	</tr>\n	<tr>\n        <td class=\"text-right\">应拆栋数：</td>\n        <td>100</td>\n	</tr>\n	<tr>\n        <td class=\"text-right\">应拆户数：</td>\n        <td>100</td>\n	</tr>\n	<tr>\n        <td class=\"text-right\">应动迁人口：</td>\n        <td>100</td>\n	</tr>\n	<tr>\n        <td class=\"text-right\">应拆总面积（合法）（平方米）：</td>\n        <td>100</td>\n	</tr>\n	<tr>\n        <td class=\"text-right\">应拆总面积（违章）（平方米）：</td>\n        <td>100</td>\n	</tr>\n	<tr>\n        <td class=\"text-right\">项目应付补偿款（万元）：</td>\n        <td>100</td>\n	</tr>\n	<tr>\n        <td class=\"text-right\">六前项目：</td>\n        <td>是</td>\n	</tr>\n</table>\n'),('4ec7daf2-2151-44fc-91ae-d4766b2e432d','125.70.79.71','2016-04-06','项目管理','修改项目公告','修改项目公告',NULL,'admin','a538004f-b6b2-48e3-8fcb-8ba000a3019a','81e97469-2fd1-4b3c-b3ac-593e5bd1ec6c','\n<table>\n	<tr>\n		<td class=\"text-right\">所属项目名称：</td>\n		<td>测试项目</td>\n	</tr>\n	<tr>\n		<td class=\"text-right\">公告进度：</td>\n		<td>三公告</td>\n	</tr>\n	<tr>\n		<td class=\"text-right\">公告文号：</td>\n		<td>3332v</td>\n	</tr>\n	<tr>\n		<td class=\"text-right\">公告时间：</td>\n		<td>2016/03/29</td>\n	</tr>\n	<tr>\n		<td class=\"text-right\">公告批文：</td>\n		<td></td>\n	</tr>\n</table>\n'),('4ec91386-72f6-4dd7-b602-c0ded490280d','175.8.6.104','2016-04-06','项目管理','增加项目公告','增加项目公告',NULL,'12345','a538004f-b6b2-48e3-8fcb-8ba000a3019a','91b075a7-f6c3-4992-bb87-87a03464e93e','\n<table>\n	<tr>\n		<td class=\"text-right\">所属项目名称：</td>\n		<td>长沙国际会展中心（测试）</td>\n	</tr>\n	<tr>\n		<td class=\"text-right\">公告进度：</td>\n		<td>三公告</td>\n	</tr>\n	<tr>\n		<td class=\"text-right\">公告文号：</td>\n		<td>长县国土资迁〔2013〕233/234号</td>\n	</tr>\n	<tr>\n		<td class=\"text-right\">公告时间：</td>\n		<td>2013/11/29</td>\n	</tr>\n	<tr>\n		<td class=\"text-right\">公告批文：</td>\n		<td></td>\n	</tr>\n</table>\n'),('4f475c64-de43-4348-9e7a-48561c67b2af','182.148.57.207','2016-04-07','拆迁户管理','修改拆迁户户信息','修改拆迁户户信息',NULL,'admin','be769d24-1b19-472a-9f68-fc82c800ad29','81e97469-2fd1-4b3c-b3ac-593e5bd1ec6c','\n<table>\n	<tr>\n		<td class=\"text-right\">户主姓名：</td>\n		<td>李寿双</td>\n	</tr>\n	<tr>\n		<td class=\"text-right\">选择所属项目：</td>\n		<td>星沙联络线</td>\n	</tr>\n	<tr>\n		<td class=\"text-right\">房屋合法面积（平方米）：</td>\n		<td>0</td>\n	</tr>\n	<tr>\n		<td class=\"text-right\">房屋违章面积（平方米）：</td>\n		<td>0</td>\n	</tr>\n	<tr>\n		<td class=\"text-right\">所属地址：</td>\n		<td></td>\n	</tr>\n	<tr>\n		<td class=\"text-right\">批证及其他情况说明：</td>\n		<td></td>\n	</tr>\n	<tr>\n		<td class=\"text-right\">拟定处理方案：</td>\n		<td></td>\n	</tr>\n	<tr>\n		<td class=\"text-right\">联合会审意见：</td>\n		<td></td>\n	</tr>\n	<tr>\n		<td class=\"text-right\">备注：</td>\n		<td></td>\n	</tr>\n	<tr>\n		<td class=\"text-right\">联合会审附件：</td>\n		<td></td>\n	</tr>\n	<tr>\n		<td class=\"text-right\">高拍仪拍照：</td>\n		<td></td>\n	</tr>\n	<tr>\n		<td class=\"text-right\">房屋照片管理：</td>\n		<td></td>\n	</tr>\n	<tr>\n		<td class=\"text-right\">家庭成员数：</td>\n		<td>8</td>\n	</tr>\n</table>\n'),('4f8c4614-5441-4908-85c5-218e95a7f14c','125.70.79.71','2016-04-06','项目管理','修改项目公告','修改项目公告',NULL,'admin','a538004f-b6b2-48e3-8fcb-8ba000a3019a','81e97469-2fd1-4b3c-b3ac-593e5bd1ec6c','\n<table>\n	<tr>\n		<td class=\"text-right\">所属项目名称：</td>\n		<td>测试项目</td>\n	</tr>\n	<tr>\n		<td class=\"text-right\">公告进度：</td>\n		<td>三公告</td>\n	</tr>\n	<tr>\n		<td class=\"text-right\">公告文号：</td>\n		<td>3332v2号</td>\n	</tr>\n	<tr>\n		<td class=\"text-right\">公告时间：</td>\n		<td>2016/03/29</td>\n	</tr>\n	<tr>\n		<td class=\"text-right\">公告批文：</td>\n		<td></td>\n	</tr>\n</table>\n'),('5053eb2d-2f87-4ccd-a6da-d7c7df17d9aa','125.70.79.71','2016-04-06','拆迁户管理','手工添加人员信息','手工添加人员信息',NULL,'admin','be769d24-1b19-472a-9f68-fc82c800ad29','81e97469-2fd1-4b3c-b3ac-593e5bd1ec6c','\n<table>\n	<tr>\n		<td class=\"text-right\">户主姓名：</td>\n		<td></td>\n	</tr>\n	<tr>\n		<td class=\"text-right\">户主身份证件：</td>\n		<td></td>\n	</tr>\n	<tr>\n		<td class=\"text-right\">人员姓名：</td>\n		<td>123213</td>\n	</tr>\n	<tr>\n		<td class=\"text-right\">与户主关系：</td>\n		<td>女儿</td>\n	</tr>\n	<tr>\n		<td class=\"text-right\">身份证件：</td>\n		<td>12312333232</td>\n	</tr>\n	<tr>\n		<td class=\"text-right\">性别：</td>\n		<td>女</td>\n	</tr>\n	<tr>\n		<td class=\"text-right\">户口性质：</td>\n		<td>城镇居民</td>\n	</tr>\n	<tr>\n		<td class=\"text-right\">出生日期：</td>\n		<td>2016/04/21</td>\n	</tr>\n	<tr>\n		<td class=\"text-right\">文化程度：</td>\n		<td>123</td>\n	</tr>\n	<tr>\n		<td class=\"text-right\">在读情况：</td>\n		<td>123</td>\n	</tr>\n	<tr>\n		<td class=\"text-right\">从事农业劳动时间：</td>\n		<td>2131</td>\n	</tr>\n	<tr>\n		<td class=\"text-right\">服兵役/劳改/劳教情况及时间起止段：</td>\n		<td>3231</td>\n	</tr>\n	<tr>\n		<td class=\"text-right\">联系电话：</td>\n		<td>23123</td>\n	</tr>\n	<tr>\n		<td class=\"text-right\">独生子女证件号：</td>\n		<td>123123</td>\n	</tr>\n	<tr>\n		<td class=\"text-right\">是否半边户：</td>\n		<td>是</td>\n	</tr>\n	<tr>\n		<td class=\"text-right\">是否参加过社会保险：</td>\n		<td>是</td>\n	</tr>\n	<tr>\n		<td class=\"text-right\">备注：</td>\n		<td>123123</td>\n	</tr>\n</table>\n'),('507bfc9a-8a5e-4b93-8d68-49b2686771d5','125.70.79.216','2016-04-22','项目管理','修改项目公告','修改项目公告',NULL,'admin','a538004f-b6b2-48e3-8fcb-8ba000a3019a','81e97469-2fd1-4b3c-b3ac-593e5bd1ec6c','\n<table>\n	<tr>\n		<td class=\"text-right\">所属项目名称：</td>\n		<td>湖南长沙农产品物流中心二期建设项目用地</td>\n	</tr>\n	<tr>\n		<td class=\"text-right\">公告进度：</td>\n		<td>\n							一公告</td>\n	</tr>\n	<tr>\n		<td class=\"text-right\">公告文号：</td>\n		<td>1212323</td>\n	</tr>\n	<tr>\n		<td class=\"text-right\">公告时间：</td>\n		<td>2016/04/22</td>\n	</tr>\n	<tr>\n		<td class=\"text-right\">公告批文：</td>\n		<td></td>\n	</tr>\n</table>\n'),('50b1c437-c4d6-41cf-83d8-0f58022a26ec','118.112.58.28','2016-04-08','档案文件管理','编辑档案文件','编辑档案文件',NULL,'admin','9349a42d-2b03-4370-8b77-04a39f2caa5d','81e97469-2fd1-4b3c-b3ac-593e5bd1ec6c','\n<table>\n	<tr>\n		<td class=\"text-right\">档案文件标题：</td>\n		<td>多吃点</td>\n	</tr>\n	<tr>\n		<td class=\"text-right\">档案文件类型：</td>\n		<td>征地补偿办法</td>\n	</tr>\n	<tr>\n		<td class=\"text-right\">高拍仪拍照：</td>\n		<td>uploadFile/evidence_files/f67b5917-c2f3-423b-bca8-0eb30d1869aa.jpg</td>\n	</tr>\n	<tr>\n		<td class=\"text-right\">附件：</td>\n		<td>QQ截图20160323152502.png/uploadFile/evidence_files/ef30ddea-52c7-4dd5-8779-4c6b6c0f1eb2.png</td>\n	</tr>\n	<tr>\n		<td class=\"text-right\">内容：</td>\n		<td><p></p><ol><li><span style=\"line-height: 1.42857;\">的</span><span style=\"font-size: 36px;\">擦擦擦擦<span style=\"background-color: rgb(214, 239, 214); color: rgb(66, 66, 66);\">擦擦 出错</span></span><br></li><li style=\"text-align: left;\"><span style=\"font-size: 36px;\"><span style=\"background-color: rgb(214, 239, 214); color: rgb(66, 66, 66);\">2c2c0</span></span></li></ol><p></p></td>\n	</tr>\n</table>\n'),('50eb49bc-5499-43e8-b753-1a23fdc2a828','110.184.69.21','2016-04-09','信访管理','修改信访信息','修改信访信息',NULL,'12345','e746da4a-c40f-409b-9130-270e372efb04','91b075a7-f6c3-4992-bb87-87a03464e93e','\n<table>\n	<tr>\n		<td class=\"text-right\">上访者姓名：</td>\n		<td>搜素</td>\n	</tr>\n	<tr>\n		<td class=\"text-right\">上访者电话：</td>\n		<td>123132131</td>\n	</tr>\n	<tr>\n		<td class=\"text-right\">上访者的住址：</td>\n		<td>address</td>\n	</tr>\n	<tr>\n		<td class=\"text-right\">选择上访项目：</td>\n		<td>会展酒店</td>\n	</tr>\n	<tr>\n		<td class=\"text-right\">上访时间：</td>\n		<td>2016/03/31</td>\n	</tr>\n	<tr>\n		<td class=\"text-right\">信访途径：</td>\n		<td>tel</td>\n	</tr>\n	<tr>\n		<td class=\"text-right\">上访者的其他信息：</td>\n		<td>上访者的其他信息2</td>\n	</tr>\n	<tr>\n		<td class=\"text-right\">上访凭证：</td>\n		<td></td>\n	</tr>\n	<tr>\n		<td class=\"text-right\">相关资料：</td>\n		<td></td>\n	</tr>\n	<tr>\n		<td class=\"text-right\">处理意见：</td>\n		<td>上访者的其他信息</td>\n	</tr>\n</table>\n'),('51c79d82-de89-49a5-ad11-1f68eafa4738','216.158.82.135','2016-03-23','项目管理','修改项目信息','修改项目信息',NULL,'admin','a538004f-b6b2-48e3-8fcb-8ba000a3019a','81e97469-2fd1-4b3c-b3ac-593e5bd1ec6c','\n<table>\n	<tr>\n		<td class=\"text-right\">项目审批号：</td>\n		<td>测试项目审批号</td>\n	</tr>\n	<tr>\n		<td class=\"text-right\">项目名称：</td>\n		<td>测试项目</td>\n	</tr>\n	<tr>\n		<td class=\"text-right\">项目分类：</td>\n		<td></td>\n	</tr>\n	<tr>\n		<td class=\"text-right\">项目地址：</td>\n		<td>高唐街道天河区,大阪街道雨花区,项目地址其他信息</td>\n	</tr>\n	<tr>\n		<td class=\"text-right\">项目类型：</td>\n		<td>其他</td>\n	</tr>\n	<tr>\n		<td class=\"text-right\">征地面积（亩）：</td>\n		<td>100</td>\n	</tr>\n	<tr>\n		<td class=\"text-right\">应拆栋数：</td>\n		<td>100</td>\n	</tr>\n	<tr>\n		<td class=\"text-right\">应拆户数：</td>\n		<td>100</td>\n	</tr>\n	<tr>\n		<td class=\"text-right\">应动迁人口：</td>\n		<td>100</td>\n	</tr>\n	<tr>\n		<td class=\"text-right\">应拆总面积（合法）（平方米）：</td>\n		<td>100</td>\n	</tr>\n	<tr>\n		<td class=\"text-right\">应拆总面积（违章）（平方米）：</td>\n		<td>100</td>\n	</tr>\n	<tr>\n		<td class=\"text-right\">项目应付补偿款（万元）：</td>\n		<td>100</td>\n	</tr>\n	<tr>\n		<td class=\"text-right\">六前项目：</td>\n		<td>是</td>\n	</tr>\n</table>\n'),('51cd5c5e-2cdd-46ba-8c57-90f9fd61fe71','118.112.58.104','2016-04-21','项目管理','修改项目公告','修改项目公告',NULL,'12345','a538004f-b6b2-48e3-8fcb-8ba000a3019a','91b075a7-f6c3-4992-bb87-87a03464e93e','\n<table>\n	<tr>\n		<td class=\"text-right\">所属项目名称：</td>\n		<td>长沙县长沙师范学校第二校区建设项目（测试专用）</td>\n	</tr>\n	<tr>\n		<td class=\"text-right\">公告进度：</td>\n		<td>三公告</td>\n	</tr>\n	<tr>\n		<td class=\"text-right\">公告文号：</td>\n		<td>〔2013〕征字第45号</td>\n	</tr>\n	<tr>\n		<td class=\"text-right\">公告时间：</td>\n		<td>2013/03/20</td>\n	</tr>\n	<tr>\n		<td class=\"text-right\">公告批文：</td>\n		<td></td>\n	</tr>\n</table>\n'),('51ff02e6-1103-432d-b149-739c2805c5eb','125.70.79.216','2016-04-22','项目管理','增加项目公告','增加项目公告',NULL,'admin','a538004f-b6b2-48e3-8fcb-8ba000a3019a','81e97469-2fd1-4b3c-b3ac-593e5bd1ec6c','\n<table>\n	<tr>\n		<td class=\"text-right\">所属项目名称：</td>\n		<td>湖南长沙农产品物流中心二期建设项目用地</td>\n	</tr>\n	<tr>\n		<td class=\"text-right\">公告进度：</td>\n		<td>\n							一公告</td>\n	</tr>\n	<tr>\n		<td class=\"text-right\">公告文号：</td>\n		<td>3</td>\n	</tr>\n	<tr>\n		<td class=\"text-right\">公告时间：</td>\n		<td>2016/04/22</td>\n	</tr>\n	<tr>\n		<td class=\"text-right\">公告批文：</td>\n		<td></td>\n	</tr>\n</table>\n'),('52f1b6d7-46d1-4601-bd24-220bad072468','175.9.111.33','2016-04-20','购房券制发','购房券户发放','购房券户发放',NULL,'12345','6b3dac14-8116-4aad-8643-c54821ebf93c','91b075a7-f6c3-4992-bb87-87a03464e93e','\n<style type=\"text/css\">\n.autoTbale td,.autoTbale th {\n	white-space: nowrap;\n}\n</style>\n<div style=\"overflow-x:auto;width: 100%;\">\n	<table class=\"table table-hover table-bordered autoTbale\">\n		<thead>\n			<tr>\n				<td>购房券所属人姓名</td>\n				<td>购房券所属人身份证件</td>\n				<td>购房券券号</td>\n				<td>补贴金额（万元）</td>\n				<td>制券时间</td>\n				<td>领用人姓名</td>\n				<td>领用人身份证件</td>\n				<td>领用时间</td>\n				<td>领用凭证</td>\n				<td>领取备注</td>\n			</tr>\n		</thead>\n		<tbody>\n			<tr>\n				<td>孙海涛</td>\n				<td>430121194608089716</td>\n				<td>14001965</td>\n				<td>40000</td>\n				<td>2016/04/20</td>\n				<td>马秀云</td>\n				<td>430121194910147921</td>\n				<td>2016/04/20</td>\n				<td></td>\n				<td></td>\n			</tr>\n			<tr>\n				<td>马建红</td>\n				<td>430121197505010044</td>\n				<td>14001962</td>\n				<td>152800</td>\n				<td>2016/04/20</td>\n				<td>马秀云</td>\n				<td>430121194910147921</td>\n				<td>2016/04/20</td>\n				<td></td>\n				<td></td>\n			</tr>\n			<tr>\n				<td>孙思浩</td>\n				<td>430121200902280237</td>\n				<td>14001964</td>\n				<td>40000</td>\n				<td>2016/04/20</td>\n				<td>马秀云</td>\n				<td>430121194910147921</td>\n				<td>2016/04/20</td>\n				<td></td>\n				<td></td>\n			</tr>\n			<tr>\n				<td>孙利红</td>\n				<td>430121197205227911</td>\n				<td>14001961</td>\n				<td>152800</td>\n				<td>2016/04/20</td>\n				<td>马秀云</td>\n				<td>430121194910147921</td>\n				<td>2016/04/20</td>\n				<td></td>\n				<td></td>\n			</tr>\n			<tr>\n				<td>孙思浩</td>\n				<td>430121200902280237</td>\n				<td>14001963</td>\n				<td>152800</td>\n				<td>2016/04/20</td>\n				<td>马秀云</td>\n				<td>430121194910147921</td>\n				<td>2016/04/20</td>\n				<td></td>\n				<td></td>\n			</tr>\n			<tr>\n				<td>马秀云</td>\n				<td>430121194910147921</td>\n				<td>14001960</td>\n				<td>152800</td>\n				<td>2016/04/20</td>\n				<td>马秀云</td>\n				<td>430121194910147921</td>\n				<td>2016/04/20</td>\n				<td></td>\n				<td></td>\n			</tr>\n		</tbody>\n	</table>\n</div>\n'),('530a009d-4ea8-46c7-b28c-1700950fde18','175.9.111.33','2016-04-20','拆迁户管理','修改拆迁户户信息','修改拆迁户户信息',NULL,'12345','be769d24-1b19-472a-9f68-fc82c800ad29','91b075a7-f6c3-4992-bb87-87a03464e93e','\n<table>\n	<tr>\n		<td class=\"text-right\">户主姓名：</td>\n		<td>周友能</td>\n	</tr>\n	<tr>\n		<td class=\"text-right\">选择所属项目：</td>\n		<td>长沙国际会展中心（测试）</td>\n	</tr>\n	<tr>\n		<td class=\"text-right\">房屋合法面积（平方米）：</td>\n		<td>420</td>\n	</tr>\n	<tr>\n		<td class=\"text-right\">房屋违章面积（平方米）：</td>\n		<td>0</td>\n	</tr>\n	<tr>\n		<td class=\"text-right\">所属地址：</td>\n		<td>黄兴镇光达村柞树塘组</td>\n	</tr>\n	<tr>\n		<td class=\"text-right\">批证及其他情况说明：</td>\n		<td></td>\n	</tr>\n	<tr>\n		<td class=\"text-right\">拟定处理方案：</td>\n		<td></td>\n	</tr>\n	<tr>\n		<td class=\"text-right\">联合会审意见：</td>\n		<td></td>\n	</tr>\n	<tr>\n		<td class=\"text-right\">备注：</td>\n		<td></td>\n	</tr>\n	<tr>\n		<td class=\"text-right\">联合会审附件：</td>\n		<td></td>\n	</tr>\n	<tr>\n		<td class=\"text-right\">高拍仪拍照：</td>\n		<td></td>\n	</tr>\n	<tr>\n		<td class=\"text-right\">房屋照片管理：</td>\n		<td></td>\n	</tr>\n	<tr>\n		<td class=\"text-right\">家庭成员数：</td>\n		<td>6</td>\n	</tr>\n</table>\n'),('54ad2ff6-62bb-4f94-b592-e96265b8c8bb','125.70.79.216','2016-04-22','项目管理','修改项目公告','修改项目公告',NULL,'admin','a538004f-b6b2-48e3-8fcb-8ba000a3019a','81e97469-2fd1-4b3c-b3ac-593e5bd1ec6c','\n<table>\n	<tr>\n		<td class=\"text-right\">所属项目名称：</td>\n		<td>湖南长沙农产品物流中心二期建设项目用地</td>\n	</tr>\n	<tr>\n		<td class=\"text-right\">公告进度：</td>\n		<td>\n							一公告</td>\n	</tr>\n	<tr>\n		<td class=\"text-right\">公告文号：</td>\n		<td>1公告</td>\n	</tr>\n	<tr>\n		<td class=\"text-right\">公告时间：</td>\n		<td>2016/04/22</td>\n	</tr>\n	<tr>\n		<td class=\"text-right\">公告批文：</td>\n		<td></td>\n	</tr>\n</table>\n'),('5517b093-1523-426b-8b9c-de525c527ace','175.11.116.59','2016-03-30','拆迁户管理','导入拆迁户','导入拆迁户信息',NULL,'admin','be769d24-1b19-472a-9f68-fc82c800ad29','81e97469-2fd1-4b3c-b3ac-593e5bd1ec6c','\n<style type=\"text/css\">\n.autoTbale td,.autoTbale th {\n	white-space: nowrap;\n}\n</style>\n<table>\n	<tr>\n		<td class=\"text-right\">户主姓名：</td>\n		<td>柳佰冬</td>\n	</tr>\n	<tr>\n		<td class=\"text-right\">选择所属项目：</td>\n		<td>长沙黄花机场飞行区东扩工程</td>\n	</tr>\n	<tr>\n		<td class=\"text-right\">房屋合法面积（平方米）：</td>\n		<td>0</td>\n	</tr>\n	<tr>\n		<td class=\"text-right\">房屋违章面积（平方米）：</td>\n		<td>0</td>\n	</tr>\n	<tr>\n		<td class=\"text-right\">所属地址：</td>\n		<td>null-null-null</td>\n	</tr>\n	<tr>\n		<td class=\"text-right\">批证及其他情况说明：</td>\n		<td></td>\n	</tr>\n	<tr>\n		<td class=\"text-right\">拟定处理方案：</td>\n		<td></td>\n	</tr>\n	<tr>\n		<td class=\"text-right\">联合会审意见：</td>\n		<td></td>\n	</tr>\n	<tr>\n		<td class=\"text-right\">备注：</td>\n		<td></td>\n	</tr>\n	<tr>\n		<td class=\"text-right\">联合会审附件：</td>\n		<td></td>\n	</tr>\n	<tr>\n		<td class=\"text-right\">高拍仪拍照：</td>\n		<td></td>\n	</tr>\n	<tr>\n		<td class=\"text-right\">房屋照片管理：</td>\n		<td></td>\n	</tr>\n	<tr>\n		<td class=\"text-right\">家庭成员数：</td>\n		<td>3</td>\n	</tr>\n</table>\n<div style=\"overflow-x:auto;width: 100%;\">\n	<table class=\"table table-hover table-bordered autoTbale\">\n		<thead>\n			<tr>\n				<td>姓名</td>\n				<td>与户主关系</td>\n				<td>身份证件</td>\n				<td>性别</td>\n				<td>户口性质</td>\n				<td>出生日期</td>\n				<td>文化程度</td>\n				<td>在读情况</td>\n				<td>从事农业劳动时间</td>\n				<td>服兵役/劳改/劳教情况及时间起止段</td>\n				<td>联系电话</td>\n				<td>独生子女证件号</td>\n				<td>是否半边户</td>\n				<td>是否参加过社会保险</td>\n				<td>备注</td>\n			</tr>\n		</thead>\n		<tbody>\n			<tr>\n				<td>柳佰冬</td>\n				<td>户主</td>\n				<td>430121195409038136</td>\n				<td></td>\n				<td>农村居民</td>\n				<td>1954/09/03</td>\n				<td></td>\n				<td></td>\n				<td></td>\n				<td></td>\n				<td></td>\n				<td></td>\n				<td>否</td>\n				<td>否</td>\n				<td></td>\n			</tr>\n			<tr>\n				<td>宋倩婷</td>\n				<td>外孙女</td>\n				<td>430121200511077987</td>\n				<td></td>\n				<td>农村居民</td>\n				<td>2005/11/07</td>\n				<td></td>\n				<td></td>\n				<td></td>\n				<td></td>\n				<td></td>\n				<td></td>\n				<td>否</td>\n				<td>否</td>\n				<td></td>\n			</tr>\n			<tr>\n				<td>柳芳</td>\n				<td>女</td>\n				<td>430121198112077947</td>\n				<td></td>\n				<td>农村居民</td>\n				<td>1981/12/07</td>\n				<td></td>\n				<td></td>\n				<td></td>\n				<td></td>\n				<td></td>\n				<td></td>\n				<td>否</td>\n				<td>否</td>\n				<td></td>\n			</tr>\n		</tbody>\n	</table>\n</div>\n'),('5529958d-51c5-4030-b57e-f085e937af99','125.70.79.71','2016-04-06','项目管理','修改项目公告','修改项目公告',NULL,'admin','a538004f-b6b2-48e3-8fcb-8ba000a3019a','81e97469-2fd1-4b3c-b3ac-593e5bd1ec6c','\n<table>\n	<tr>\n		<td class=\"text-right\">所属项目名称：</td>\n		<td>测试项目</td>\n	</tr>\n	<tr>\n		<td class=\"text-right\">公告进度：</td>\n		<td>三公告</td>\n	</tr>\n	<tr>\n		<td class=\"text-right\">公告文号：</td>\n		<td>3332v的</td>\n	</tr>\n	<tr>\n		<td class=\"text-right\">公告时间：</td>\n		<td>2016/03/29</td>\n	</tr>\n	<tr>\n		<td class=\"text-right\">公告批文：</td>\n		<td></td>\n	</tr>\n</table>\n'),('571fc2d5-bcf2-475d-b678-1b329af2b2c7','182.148.57.207','2016-04-07','已迁户信息管理','手工添加已拆迁户','手工添加已拆迁户',NULL,'admin','bac2388a-3e8c-494f-8525-62c2a3370229','81e97469-2fd1-4b3c-b3ac-593e5bd1ec6c','\n<table>\n	<tr>\n		<td class=\"text-right\">迁户人姓名：</td>\n		<td>111111</td>\n	</tr>\n	<tr>\n		<td class=\"text-right\">迁户人身份证：</td>\n		<td>22222222222</td>\n	</tr>\n	<tr>\n		<td class=\"text-right\">出生日期：</td>\n		<td>2016/03/02</td>\n	</tr>\n	<tr>\n		<td class=\"text-right\">拆迁日期：</td>\n		<td>2016/04/07</td>\n	</tr>\n	<tr>\n		<td class=\"text-right\">迁户人地址：</td>\n		<td>123</td>\n	</tr>\n	<tr>\n		<td class=\"text-right\">适用政策：</td>\n		<td>123123</td>\n	</tr>\n</table>\n'),('5981de28-759a-4539-aeb7-b202454bc0df','175.11.0.72','2016-03-30','拆迁户管理','导入拆迁户','导入拆迁户信息',NULL,'admin','be769d24-1b19-472a-9f68-fc82c800ad29','81e97469-2fd1-4b3c-b3ac-593e5bd1ec6c','\n<style type=\"text/css\">\n.autoTbale td,.autoTbale th {\n	white-space: nowrap;\n}\n</style>\n<table>\n	<tr>\n		<td class=\"text-right\">户主姓名：</td>\n		<td>李迪均</td>\n	</tr>\n	<tr>\n		<td class=\"text-right\">选择所属项目：</td>\n		<td>会展酒店</td>\n	</tr>\n	<tr>\n		<td class=\"text-right\">房屋合法面积（平方米）：</td>\n		<td>0</td>\n	</tr>\n	<tr>\n		<td class=\"text-right\">房屋违章面积（平方米）：</td>\n		<td>0</td>\n	</tr>\n	<tr>\n		<td class=\"text-right\">所属地址：</td>\n		<td>null-null-null</td>\n	</tr>\n	<tr>\n		<td class=\"text-right\">批证及其他情况说明：</td>\n		<td></td>\n	</tr>\n	<tr>\n		<td class=\"text-right\">拟定处理方案：</td>\n		<td></td>\n	</tr>\n	<tr>\n		<td class=\"text-right\">联合会审意见：</td>\n		<td></td>\n	</tr>\n	<tr>\n		<td class=\"text-right\">备注：</td>\n		<td></td>\n	</tr>\n	<tr>\n		<td class=\"text-right\">联合会审附件：</td>\n		<td></td>\n	</tr>\n	<tr>\n		<td class=\"text-right\">高拍仪拍照：</td>\n		<td></td>\n	</tr>\n	<tr>\n		<td class=\"text-right\">房屋照片管理：</td>\n		<td></td>\n	</tr>\n	<tr>\n		<td class=\"text-right\">家庭成员数：</td>\n		<td>3</td>\n	</tr>\n</table>\n<div style=\"overflow-x:auto;width: 100%;\">\n	<table class=\"table table-hover table-bordered autoTbale\">\n		<thead>\n			<tr>\n				<td>姓名</td>\n				<td>与户主关系</td>\n				<td>身份证件</td>\n				<td>性别</td>\n				<td>户口性质</td>\n				<td>出生日期</td>\n				<td>文化程度</td>\n				<td>在读情况</td>\n				<td>从事农业劳动时间</td>\n				<td>服兵役/劳改/劳教情况及时间起止段</td>\n				<td>联系电话</td>\n				<td>独生子女证件号</td>\n				<td>是否半边户</td>\n				<td>是否参加过社会保险</td>\n				<td>备注</td>\n			</tr>\n		</thead>\n		<tbody>\n			<tr>\n				<td>李迪均</td>\n				<td>户主</td>\n				<td>430121194505288114</td>\n				<td></td>\n				<td>农村居民</td>\n				<td>1945/05/28</td>\n				<td></td>\n				<td></td>\n				<td></td>\n				<td></td>\n				<td></td>\n				<td></td>\n				<td>否</td>\n				<td>否</td>\n				<td></td>\n			</tr>\n			<tr>\n				<td>李建平</td>\n				<td>女</td>\n				<td>430121197410028145</td>\n				<td></td>\n				<td>农村居民</td>\n				<td>1974/10/02</td>\n				<td></td>\n				<td></td>\n				<td></td>\n				<td></td>\n				<td></td>\n				<td></td>\n				<td>否</td>\n				<td>否</td>\n				<td></td>\n			</tr>\n			<tr>\n				<td>易运莲</td>\n				<td>妻</td>\n				<td>430121105204188122</td>\n				<td></td>\n				<td>农村居民</td>\n				<td>1984/06/07</td>\n				<td></td>\n				<td></td>\n				<td></td>\n				<td></td>\n				<td></td>\n				<td></td>\n				<td>否</td>\n				<td>否</td>\n				<td></td>\n			</tr>\n		</tbody>\n	</table>\n</div>\n'),('59f792f2-c3a9-4236-8f18-d9fcca05807a','182.148.57.207','2016-04-07','社保管理','导入社保信息','导入社保信息',NULL,'admin','8502199d-390e-49e1-a37a-43b5677bc705','81e97469-2fd1-4b3c-b3ac-593e5bd1ec6c','\n<style type=\"text/css\">\n.autoTbale td,.autoTbale th {\n	white-space: nowrap;\n}\n</style>\n<div style=\"overflow-x:auto;width: 100%;\">\n	<table class=\"table table-hover table-bordered autoTbale\">\n		<thead>\n			<tr>\n				<td>姓名</td>\n				<td>身份证件号</td>\n				<td>性别</td>\n				<td>出生日期</td>\n				<td>年龄段</td>\n				<td>从事农业生产时间</td>\n				<td>服刑或劳动教养时间(月)</td>\n				<td>军队服役时间(月)</td>\n				<td>养老保险补缴年限</td>\n				<td>医疗保险视同缴费月数</td>\n				<td>参加何种医疗保险</td>\n				<td>是否参加过社会保险</td>\n				<td>所属社区</td>\n				<td>联系电话</td>\n				<td>待遇标准</td>\n				<td>征地名称</td>\n			</tr>\n		</thead>\n		<tbody>\n			<tr>\n				<td></td>\n				<td>111111155</td>\n				<td>男</td>\n				<td>33970</td>\n				<td>第一年龄段</td>\n				<td>20年</td>\n				<td>20</td>\n				<td>20</td>\n				<td>20</td>\n				<td>20</td>\n				<td>20</td>\n				<td>是</td>\n				<td>社区1</td>\n				<td>51515</td>\n				<td>一次性生活补助</td>\n				<td>名称</td>\n			</tr>\n		</tbody>\n	</table>\n</div>\n'),('5b615e49-d115-423d-8222-b00b5da151d0','118.112.58.61','2016-04-20','已迁户信息管理','手工添加已拆迁户','手工添加已拆迁户',NULL,'admin','bac2388a-3e8c-494f-8525-62c2a3370229','81e97469-2fd1-4b3c-b3ac-593e5bd1ec6c','\n<table>\n	<tr>\n		<td class=\"text-right\">迁户人姓名：</td>\n		<td>AAAA</td>\n	</tr>\n	<tr>\n		<td class=\"text-right\">迁户人身份证：</td>\n		<td>123231</td>\n	</tr>\n	<tr>\n		<td class=\"text-right\">出生日期：</td>\n		<td>2016/04/04</td>\n	</tr>\n	<tr>\n		<td class=\"text-right\">拆迁日期：</td>\n		<td>2016/04/14</td>\n	</tr>\n	<tr>\n		<td class=\"text-right\">迁户人地址：</td>\n		<td>3123123</td>\n	</tr>\n	<tr>\n		<td class=\"text-right\">适用政策：</td>\n		<td>ED1E23</td>\n	</tr>\n</table>\n'),('5c4c3438-f27f-4a01-b976-9aa7db1a23ac','175.11.116.59','2016-03-30','拆迁户管理','导入拆迁户','导入拆迁户信息',NULL,'admin','be769d24-1b19-472a-9f68-fc82c800ad29','81e97469-2fd1-4b3c-b3ac-593e5bd1ec6c','\n<style type=\"text/css\">\n.autoTbale td,.autoTbale th {\n	white-space: nowrap;\n}\n</style>\n<table>\n	<tr>\n		<td class=\"text-right\">户主姓名：</td>\n		<td>马强罗</td>\n	</tr>\n	<tr>\n		<td class=\"text-right\">选择所属项目：</td>\n		<td>会展酒店</td>\n	</tr>\n	<tr>\n		<td class=\"text-right\">房屋合法面积（平方米）：</td>\n		<td>0</td>\n	</tr>\n	<tr>\n		<td class=\"text-right\">房屋违章面积（平方米）：</td>\n		<td>0</td>\n	</tr>\n	<tr>\n		<td class=\"text-right\">所属地址：</td>\n		<td>null-null-null</td>\n	</tr>\n	<tr>\n		<td class=\"text-right\">批证及其他情况说明：</td>\n		<td></td>\n	</tr>\n	<tr>\n		<td class=\"text-right\">拟定处理方案：</td>\n		<td></td>\n	</tr>\n	<tr>\n		<td class=\"text-right\">联合会审意见：</td>\n		<td></td>\n	</tr>\n	<tr>\n		<td class=\"text-right\">备注：</td>\n		<td></td>\n	</tr>\n	<tr>\n		<td class=\"text-right\">联合会审附件：</td>\n		<td></td>\n	</tr>\n	<tr>\n		<td class=\"text-right\">高拍仪拍照：</td>\n		<td></td>\n	</tr>\n	<tr>\n		<td class=\"text-right\">房屋照片管理：</td>\n		<td></td>\n	</tr>\n	<tr>\n		<td class=\"text-right\">家庭成员数：</td>\n		<td>2</td>\n	</tr>\n</table>\n<div style=\"overflow-x:auto;width: 100%;\">\n	<table class=\"table table-hover table-bordered autoTbale\">\n		<thead>\n			<tr>\n				<td>姓名</td>\n				<td>与户主关系</td>\n				<td>身份证件</td>\n				<td>性别</td>\n				<td>户口性质</td>\n				<td>出生日期</td>\n				<td>文化程度</td>\n				<td>在读情况</td>\n				<td>从事农业劳动时间</td>\n				<td>服兵役/劳改/劳教情况及时间起止段</td>\n				<td>联系电话</td>\n				<td>独生子女证件号</td>\n				<td>是否半边户</td>\n				<td>是否参加过社会保险</td>\n				<td>备注</td>\n			</tr>\n		</thead>\n		<tbody>\n			<tr>\n				<td>马强罗</td>\n				<td>户主</td>\n				<td>430121193910147919</td>\n				<td></td>\n				<td>农村居民</td>\n				<td>1939/10/14</td>\n				<td></td>\n				<td></td>\n				<td></td>\n				<td></td>\n				<td></td>\n				<td></td>\n				<td>否</td>\n				<td>否</td>\n				<td></td>\n			</tr>\n			<tr>\n				<td>金玉珍</td>\n				<td>妻</td>\n				<td>430121194610087920</td>\n				<td></td>\n				<td>农村居民</td>\n				<td>1946/10/08</td>\n				<td></td>\n				<td></td>\n				<td></td>\n				<td></td>\n				<td></td>\n				<td></td>\n				<td>否</td>\n				<td>否</td>\n				<td></td>\n			</tr>\n		</tbody>\n	</table>\n</div>\n'),('5cbf8156-f4cf-4370-bfe0-b4024751c565','182.148.57.207','2016-04-07','项目管理','手工添加项目信息','手工添加项目信息',NULL,'admin','a538004f-b6b2-48e3-8fcb-8ba000a3019a','81e97469-2fd1-4b3c-b3ac-593e5bd1ec6c','\n<table>\n	<tr>\n        <td class=\"text-right\">项目审批号：</td>\n        <td>项目CC</td>\n	</tr>\n	<tr>\n        <td class=\"text-right\">项目名称：</td>\n        <td>项目系</td>\n	</tr>\n	<tr>\n        <td class=\"text-right\">项目分类：</td>\n        <td>省市重点项目</td>\n	</tr>\n	<tr>\n        <td class=\"text-right\">项目地址：</td>\n        <td>限度</td>\n	</tr>\n	<tr>\n        <td class=\"text-right\">项目类型：</td>\n        <td>基础设施</td>\n	</tr>\n	<tr>\n        <td class=\"text-right\">征地面积（亩）：</td>\n        <td>100</td>\n	</tr>\n	<tr>\n        <td class=\"text-right\">应拆栋数：</td>\n        <td>100</td>\n	</tr>\n	<tr>\n        <td class=\"text-right\">应拆户数：</td>\n        <td>100</td>\n	</tr>\n	<tr>\n        <td class=\"text-right\">应动迁人口：</td>\n        <td>100</td>\n	</tr>\n	<tr>\n        <td class=\"text-right\">应拆总面积（合法）（平方米）：</td>\n        <td>100</td>\n	</tr>\n	<tr>\n        <td class=\"text-right\">应拆总面积（违章）（平方米）：</td>\n        <td>100</td>\n	</tr>\n	<tr>\n        <td class=\"text-right\">项目应付补偿款（万元）：</td>\n        <td>100</td>\n	</tr>\n	<tr>\n        <td class=\"text-right\">六前项目：</td>\n        <td>是</td>\n	</tr>\n</table>\n'),('5cff8c4a-7dfb-42fc-81bd-a3b458b3c87f','125.70.179.235','2016-04-26','社保管理','导入社保信息','导入社保信息',NULL,'admin','8502199d-390e-49e1-a37a-43b5677bc705','81e97469-2fd1-4b3c-b3ac-593e5bd1ec6c','\n<style type=\"text/css\">\n.autoTbale td,.autoTbale th {\n	white-space: nowrap;\n}\n</style>\n<div style=\"overflow-x:auto;width: 100%;\">\n	<table class=\"table table-hover table-bordered autoTbale\">\n		<thead>\n			<tr>\n				<td>姓名</td>\n				<td>身份证件号</td>\n				<td>性别</td>\n				<td>出生日期</td>\n				<td>年龄段</td>\n				<td>从事农业生产时间</td>\n				<td>服刑或劳动教养时间(月)</td>\n				<td>军队服役时间(月)</td>\n				<td>养老保险补缴年限</td>\n				<td>医疗保险视同缴费月数</td>\n				<td>参加何种医疗保险</td>\n				<td>是否参加过社会保险</td>\n				<td>所属社区</td>\n				<td>联系电话</td>\n				<td>征地名称</td>\n			</tr>\n		</thead>\n		<tbody>\n		</tbody>\n	</table>\n</div>\n'),('5df3f6e9-0dd2-47ea-9c18-5478565e567d','175.11.0.72','2016-03-28','信访管理','修改信访信息','修改信访信息',NULL,'admin','e746da4a-c40f-409b-9130-270e372efb04','81e97469-2fd1-4b3c-b3ac-593e5bd1ec6c','\n<table>\n	<tr>\n		<td class=\"text-right\">上访者姓名：</td>\n		<td>李仨</td>\n	</tr>\n	<tr>\n		<td class=\"text-right\">上访者电话：</td>\n		<td>12345678909</td>\n	</tr>\n	<tr>\n		<td class=\"text-right\">上访者的住址：</td>\n		<td>承租方人防若</td>\n	</tr>\n	<tr>\n		<td class=\"text-right\">选择上访项目：</td>\n		<td>测试项目</td>\n	</tr>\n	<tr>\n		<td class=\"text-right\">上访时间：</td>\n		<td>2016/03/28</td>\n	</tr>\n	<tr>\n		<td class=\"text-right\">信访途径：</td>\n		<td>书面</td>\n	</tr>\n	<tr>\n		<td class=\"text-right\">上访者的其他信息：</td>\n		<td>荣文天5565</td>\n	</tr>\n	<tr>\n		<td class=\"text-right\">上访凭证：</td>\n		<td>uploadFile/evidence_files/ff60dda1-8b62-4f0f-9d20-33d10abdf437.jpg</td>\n	</tr>\n	<tr>\n		<td class=\"text-right\">相关资料：</td>\n		<td>松雅湖监控招标文件.doc/uploadFile/policy_files/c7fc0773-6436-4334-9900-a9cdc5f9e01a.doc</td>\n	</tr>\n	<tr>\n		<td class=\"text-right\">处理意见：</td>\n		<td>等待</td>\n	</tr>\n</table>\n'),('5e3180fb-d627-44e1-9118-c59bd8d5b501','175.8.6.104','2016-04-06','项目管理','手工添加项目信息','手工添加项目信息',NULL,'12345','a538004f-b6b2-48e3-8fcb-8ba000a3019a','91b075a7-f6c3-4992-bb87-87a03464e93e','\n<table>\n	<tr>\n        <td class=\"text-right\">项目审批号：</td>\n        <td>省人民政府【2012】政国土字第577号</td>\n	</tr>\n	<tr>\n        <td class=\"text-right\">项目名称：</td>\n        <td>长沙县长沙师范学校第二校区建设项目（测试</td>\n	</tr>\n	<tr>\n        <td class=\"text-right\">项目分类：</td>\n        <td>非重点项目</td>\n	</tr>\n	<tr>\n        <td class=\"text-right\">项目地址：</td>\n        <td>安沙镇三合村、水塘垸村</td>\n	</tr>\n	<tr>\n        <td class=\"text-right\">项目类型：</td>\n        <td>其他</td>\n	</tr>\n	<tr>\n        <td class=\"text-right\">征地面积（亩）：</td>\n        <td>499.9695</td>\n	</tr>\n	<tr>\n        <td class=\"text-right\">应拆栋数：</td>\n        <td>55</td>\n	</tr>\n	<tr>\n        <td class=\"text-right\">应拆户数：</td>\n        <td>55</td>\n	</tr>\n	<tr>\n        <td class=\"text-right\">应动迁人口：</td>\n        <td>200</td>\n	</tr>\n	<tr>\n        <td class=\"text-right\">应拆总面积（合法）（平方米）：</td>\n        <td>60000</td>\n	</tr>\n	<tr>\n        <td class=\"text-right\">应拆总面积（违章）（平方米）：</td>\n        <td>0</td>\n	</tr>\n	<tr>\n        <td class=\"text-right\">项目应付补偿款（万元）：</td>\n        <td>20000</td>\n	</tr>\n	<tr>\n        <td class=\"text-right\">六前项目：</td>\n        <td>是</td>\n	</tr>\n</table>\n'),('5ef54013-07dd-494d-ac4f-514cab0cfedc','175.9.111.33','2016-04-20','购房券使用与兑现','批量兑付购房券信息','批量兑付购房券信息',NULL,'12345','91dcf05a-a394-43f3-b789-2461b6956d4a','91b075a7-f6c3-4992-bb87-87a03464e93e','\n<style type=\"text/css\">\n.autoTbale td,.autoTbale th {\n	white-space: nowrap;\n}\n</style>\n<div style=\"overflow-x:auto;width: 100%;\">\n	<table class=\"table table-hover table-bordered autoTbale\">\n		<thead>\n			<tr>\n				<td>姓名</td>\n				<td>身份证件</td>\n				<td>券号</td>\n				<td>补贴金额（万元）</td>\n				<td>制券时间</td>\n				<td>使用时间</td>\n				<td>使用类型</td>\n				<td>使用去向</td>\n				<td>情况说明</td>\n				<td>相关凭证</td>\n				<td>图片凭证</td>\n			</tr>\n		</thead>\n		<tbody>\n			<tr>\n				<td>黄建兵</td>\n				<td>43012119730426091x</td>\n				<td>14000137</td>\n				<td>152800</td>\n				<td>2016/04/20</td>\n				<td>2016/04/20</td>\n				<td>使用</td>\n				<td></td>\n				<td></td>\n				<td></td>\n				<td></td>\n			</tr>\n			<tr>\n				<td>易应华</td>\n				<td>430121195109190910</td>\n				<td>14003550</td>\n				<td>152800</td>\n				<td>2016/04/20</td>\n				<td>2016/04/20</td>\n				<td>使用</td>\n				<td></td>\n				<td></td>\n				<td></td>\n				<td></td>\n			</tr>\n			<tr>\n				<td>易茁然</td>\n				<td>430121200909180263</td>\n				<td>14003553</td>\n				<td>152800</td>\n				<td>2016/04/20</td>\n				<td>2016/04/20</td>\n				<td>使用</td>\n				<td></td>\n				<td></td>\n				<td></td>\n				<td></td>\n			</tr>\n			<tr>\n				<td>易茁然</td>\n				<td>430121200909180263</td>\n				<td>14003554</td>\n				<td>40000</td>\n				<td>2016/04/20</td>\n				<td>2016/04/20</td>\n				<td>使用</td>\n				<td></td>\n				<td></td>\n				<td></td>\n				<td></td>\n			</tr>\n			<tr>\n				<td>王秀球</td>\n				<td>430121194511140925</td>\n				<td>14000136</td>\n				<td>152800</td>\n				<td>2016/04/20</td>\n				<td>2016/04/20</td>\n				<td>使用</td>\n				<td></td>\n				<td></td>\n				<td></td>\n				<td></td>\n			</tr>\n			<tr>\n				<td>黄权</td>\n				<td>430121199703291018</td>\n				<td>14000139</td>\n				<td>152800</td>\n				<td>2016/04/20</td>\n				<td>2016/04/20</td>\n				<td>使用</td>\n				<td></td>\n				<td></td>\n				<td></td>\n				<td></td>\n			</tr>\n			<tr>\n				<td>苏艳辉</td>\n				<td>43012119540618092x</td>\n				<td>14003551</td>\n				<td>152800</td>\n				<td>2016/04/20</td>\n				<td>2016/04/20</td>\n				<td>使用</td>\n				<td></td>\n				<td></td>\n				<td></td>\n				<td></td>\n			</tr>\n			<tr>\n				<td>方桂君</td>\n				<td>430121197308100921</td>\n				<td>14000138</td>\n				<td>152800</td>\n				<td>2016/04/20</td>\n				<td>2016/04/20</td>\n				<td>使用</td>\n				<td></td>\n				<td></td>\n				<td></td>\n				<td></td>\n			</tr>\n			<tr>\n				<td>易红胜</td>\n				<td>430121198104231051</td>\n				<td>14003552</td>\n				<td>152800</td>\n				<td>2016/04/20</td>\n				<td>2016/04/20</td>\n				<td>使用</td>\n				<td></td>\n				<td></td>\n				<td></td>\n				<td></td>\n			</tr>\n			<tr>\n				<td>张语林</td>\n				<td>430181198201020041</td>\n				<td>14003555</td>\n				<td>40000</td>\n				<td>2016/04/20</td>\n				<td>2016/04/20</td>\n				<td>使用</td>\n				<td></td>\n				<td></td>\n				<td></td>\n				<td></td>\n			</tr>\n			<tr>\n				<td>黄权</td>\n				<td>430121199703291018</td>\n				<td>14000140</td>\n				<td>40000</td>\n				<td>2016/04/20</td>\n				<td>2016/04/20</td>\n				<td>使用</td>\n				<td></td>\n				<td></td>\n				<td></td>\n				<td></td>\n			</tr>\n			<tr>\n				<td>黄大明</td>\n				<td>430121193902150915</td>\n				<td>14000135</td>\n				<td>152800</td>\n				<td>2016/04/20</td>\n				<td>2016/04/20</td>\n				<td>使用</td>\n				<td></td>\n				<td></td>\n				<td></td>\n				<td></td>\n			</tr>\n		</tbody>\n	</table>\n</div>\n'),('5f8ab7bb-617e-4651-9e89-50416d709b6e','118.112.58.104','2016-04-21','社保管理','导入社保信息','导入社保信息',NULL,'admin','8502199d-390e-49e1-a37a-43b5677bc705','81e97469-2fd1-4b3c-b3ac-593e5bd1ec6c','\n<style type=\"text/css\">\n.autoTbale td,.autoTbale th {\n	white-space: nowrap;\n}\n</style>\n<div style=\"overflow-x:auto;width: 100%;\">\n	<table class=\"table table-hover table-bordered autoTbale\">\n		<thead>\n			<tr>\n				<td>姓名</td>\n				<td>身份证件号</td>\n				<td>性别</td>\n				<td>出生日期</td>\n				<td>年龄段</td>\n				<td>从事农业生产时间</td>\n				<td>服刑或劳动教养时间(月)</td>\n				<td>军队服役时间(月)</td>\n				<td>养老保险补缴年限</td>\n				<td>医疗保险视同缴费月数</td>\n				<td>参加何种医疗保险</td>\n				<td>是否参加过社会保险</td>\n				<td>所属社区</td>\n				<td>联系电话</td>\n				<td>征地名称</td>\n			</tr>\n		</thead>\n		<tbody>\n			<tr>\n				<td></td>\n				<td>430121194706140917</td>\n				<td>罗国华</td>\n				<td>15151</td>\n				<td>第一年龄段</td>\n				<td>1</td>\n				<td>1</td>\n				<td>1</td>\n				<td>1</td>\n				<td>1</td>\n				<td>1</td>\n				<td>是</td>\n				<td>1</td>\n				<td>1</td>\n				<td>1</td>\n			</tr>\n		</tbody>\n	</table>\n</div>\n'),('5f995312-164a-4c6c-a8ff-02df665ff55d','125.70.79.71','2016-04-06','项目管理','修改项目公告','修改项目公告',NULL,'admin','a538004f-b6b2-48e3-8fcb-8ba000a3019a','81e97469-2fd1-4b3c-b3ac-593e5bd1ec6c','\n<table>\n	<tr>\n		<td class=\"text-right\">所属项目名称：</td>\n		<td>测试项目</td>\n	</tr>\n	<tr>\n		<td class=\"text-right\">公告进度：</td>\n		<td>三公告</td>\n	</tr>\n	<tr>\n		<td class=\"text-right\">公告文号：</td>\n		<td>3332v好</td>\n	</tr>\n	<tr>\n		<td class=\"text-right\">公告时间：</td>\n		<td>2016/03/29</td>\n	</tr>\n	<tr>\n		<td class=\"text-right\">公告批文：</td>\n		<td></td>\n	</tr>\n</table>\n'),('606c4915-dfd0-407c-a23f-587dd42081ba','125.70.79.216','2016-04-22','项目管理','增加项目公告','增加项目公告',NULL,'admin','a538004f-b6b2-48e3-8fcb-8ba000a3019a','81e97469-2fd1-4b3c-b3ac-593e5bd1ec6c','\n<table>\n	<tr>\n		<td class=\"text-right\">所属项目名称：</td>\n		<td>测试项目</td>\n	</tr>\n	<tr>\n		<td class=\"text-right\">公告进度：</td>\n		<td>三公告</td>\n	</tr>\n	<tr>\n		<td class=\"text-right\">公告文号：</td>\n		<td>三公告</td>\n	</tr>\n	<tr>\n		<td class=\"text-right\">公告时间：</td>\n		<td>2016/04/22</td>\n	</tr>\n	<tr>\n		<td class=\"text-right\">公告批文：</td>\n		<td></td>\n	</tr>\n</table>\n'),('6090f057-3551-4a78-9719-60ebf5d5d9a6','125.70.79.216','2016-04-22','项目管理','修改项目公告','修改项目公告',NULL,'admin','a538004f-b6b2-48e3-8fcb-8ba000a3019a','81e97469-2fd1-4b3c-b3ac-593e5bd1ec6c','\n<table>\n	<tr>\n		<td class=\"text-right\">所属项目名称：</td>\n		<td>湖南长沙农产品物流中心二期建设项目用地</td>\n	</tr>\n	<tr>\n		<td class=\"text-right\">公告进度：</td>\n		<td>三公告</td>\n	</tr>\n	<tr>\n		<td class=\"text-right\">公告文号：</td>\n		<td>12312333</td>\n	</tr>\n	<tr>\n		<td class=\"text-right\">公告时间：</td>\n		<td>2016/04/22</td>\n	</tr>\n	<tr>\n		<td class=\"text-right\">公告批文：</td>\n		<td></td>\n	</tr>\n</table>\n'),('618b4f02-8c15-4cba-89fb-2550a7ed771f','182.148.57.207','2016-04-07','项目管理','手工添加项目信息','手工添加项目信息',NULL,'admin','a538004f-b6b2-48e3-8fcb-8ba000a3019a','81e97469-2fd1-4b3c-b3ac-593e5bd1ec6c','\n<table>\n	<tr>\n        <td class=\"text-right\">项目审批号：</td>\n        <td>项目审批号A</td>\n	</tr>\n	<tr>\n        <td class=\"text-right\">项目名称：</td>\n        <td>项目名称A</td>\n	</tr>\n	<tr>\n        <td class=\"text-right\">项目分类：</td>\n        <td>省市重点项目</td>\n	</tr>\n	<tr>\n        <td class=\"text-right\">项目地址：</td>\n        <td>项目地址A</td>\n	</tr>\n	<tr>\n        <td class=\"text-right\">项目类型：</td>\n        <td>基础设施</td>\n	</tr>\n	<tr>\n        <td class=\"text-right\">征地面积（亩）：</td>\n        <td>100</td>\n	</tr>\n	<tr>\n        <td class=\"text-right\">应拆栋数：</td>\n        <td>100</td>\n	</tr>\n	<tr>\n        <td class=\"text-right\">应拆户数：</td>\n        <td>100</td>\n	</tr>\n	<tr>\n        <td class=\"text-right\">应动迁人口：</td>\n        <td>100</td>\n	</tr>\n	<tr>\n        <td class=\"text-right\">应拆总面积（合法）（平方米）：</td>\n        <td>100</td>\n	</tr>\n	<tr>\n        <td class=\"text-right\">应拆总面积（违章）（平方米）：</td>\n        <td>100</td>\n	</tr>\n	<tr>\n        <td class=\"text-right\">项目应付补偿款（万元）：</td>\n        <td>100</td>\n	</tr>\n	<tr>\n        <td class=\"text-right\">六前项目：</td>\n        <td>是</td>\n	</tr>\n</table>\n'),('61a4e872-3e51-4f0c-8a93-d598a5dcf03e','125.70.79.216','2016-04-22','购房券制发','购房券户发放','购房券户发放',NULL,'admin','6b3dac14-8116-4aad-8643-c54821ebf93c','81e97469-2fd1-4b3c-b3ac-593e5bd1ec6c','\n<style type=\"text/css\">\n.autoTbale td,.autoTbale th {\n	white-space: nowrap;\n}\n</style>\n<div style=\"overflow-x:auto;width: 100%;\">\n	<table class=\"table table-hover table-bordered autoTbale\">\n		<thead>\n			<tr>\n				<td>购房券所属人姓名</td>\n				<td>购房券所属人身份证件</td>\n				<td>购房券券号</td>\n				<td>补贴金额（万元）</td>\n				<td>制券时间</td>\n				<td>领用人姓名</td>\n				<td>领用人身份证件</td>\n				<td>领用时间</td>\n				<td>领用凭证</td>\n				<td>领取备注</td>\n			</tr>\n		</thead>\n		<tbody>\n			<tr>\n				<td>测试余</td>\n				<td>110108197505220038</td>\n				<td>18888</td>\n				<td>15</td>\n				<td>2016/03/29</td>\n				<td>123</td>\n				<td>333</td>\n				<td>2016/04/22</td>\n				<td>uploadFile/evidence_files/5a4534ea-1747-473a-8f27-48ba3a9f3816.jpg</td>\n				<td>123213</td>\n			</tr>\n			<tr>\n				<td>小东</td>\n				<td>55112</td>\n				<td>123</td>\n				<td>123</td>\n				<td>2016/03/18</td>\n				<td>123</td>\n				<td>333</td>\n				<td>2016/04/22</td>\n				<td>uploadFile/evidence_files/5a4534ea-1747-473a-8f27-48ba3a9f3816.jpg</td>\n				<td>123213</td>\n			</tr>\n		</tbody>\n	</table>\n</div>\n'),('61e81d58-d6d7-48b0-be24-0581b0ce6cde','125.70.78.192','2016-03-23','项目管理','修改项目信息','修改项目信息',NULL,'admin','a538004f-b6b2-48e3-8fcb-8ba000a3019a','81e97469-2fd1-4b3c-b3ac-593e5bd1ec6c','\n<table>\n	<tr>\n		<td class=\"text-right\">项目审批号：</td>\n		<td>测试项目审批号</td>\n	</tr>\n	<tr>\n		<td class=\"text-right\">项目名称：</td>\n		<td>测试项目</td>\n	</tr>\n	<tr>\n		<td class=\"text-right\">项目分类：</td>\n		<td></td>\n	</tr>\n	<tr>\n		<td class=\"text-right\">项目地址：</td>\n		<td>高唐街道天河区,大阪街道雨花区,项目地址其他信息</td>\n	</tr>\n	<tr>\n		<td class=\"text-right\">项目类型：</td>\n		<td>其他</td>\n	</tr>\n	<tr>\n		<td class=\"text-right\">征地面积（亩）：</td>\n		<td>100</td>\n	</tr>\n	<tr>\n		<td class=\"text-right\">应拆栋数：</td>\n		<td>100</td>\n	</tr>\n	<tr>\n		<td class=\"text-right\">应拆户数：</td>\n		<td>100</td>\n	</tr>\n	<tr>\n		<td class=\"text-right\">应动迁人口：</td>\n		<td>100</td>\n	</tr>\n	<tr>\n		<td class=\"text-right\">应拆总面积（合法）（平方米）：</td>\n		<td>100</td>\n	</tr>\n	<tr>\n		<td class=\"text-right\">应拆总面积（违章）（平方米）：</td>\n		<td>100</td>\n	</tr>\n	<tr>\n		<td class=\"text-right\">项目应付补偿款（万元）：</td>\n		<td>100</td>\n	</tr>\n	<tr>\n		<td class=\"text-right\">六前项目：</td>\n		<td>是</td>\n	</tr>\n</table>\n'),('659c74ec-4daa-4a2e-b4d3-2e58633a5081','118.112.56.76','2016-03-29','项目管理','手工添加项目信息','手工添加项目信息',NULL,'admin','a538004f-b6b2-48e3-8fcb-8ba000a3019a','81e97469-2fd1-4b3c-b3ac-593e5bd1ec6c','\n<table>\n	<tr>\n        <td class=\"text-right\">项目审批号：</td>\n        <td>23</td>\n	</tr>\n	<tr>\n        <td class=\"text-right\">项目名称：</td>\n        <td>32321111111111111</td>\n	</tr>\n	<tr>\n        <td class=\"text-right\">项目分类：</td>\n        <td>省市重点项目</td>\n	</tr>\n	<tr>\n        <td class=\"text-right\">项目地址：</td>\n        <td>高唐街道天河区,233</td>\n	</tr>\n	<tr>\n        <td class=\"text-right\">项目类型：</td>\n        <td>其他</td>\n	</tr>\n	<tr>\n        <td class=\"text-right\">征地面积（亩）：</td>\n        <td>2313</td>\n	</tr>\n	<tr>\n        <td class=\"text-right\">应拆栋数：</td>\n        <td>2312</td>\n	</tr>\n	<tr>\n        <td class=\"text-right\">应拆户数：</td>\n        <td>23213</td>\n	</tr>\n	<tr>\n        <td class=\"text-right\">应动迁人口：</td>\n        <td>132</td>\n	</tr>\n	<tr>\n        <td class=\"text-right\">应拆总面积（合法）（平方米）：</td>\n        <td>213</td>\n	</tr>\n	<tr>\n        <td class=\"text-right\">应拆总面积（违章）（平方米）：</td>\n        <td>13221</td>\n	</tr>\n	<tr>\n        <td class=\"text-right\">项目应付补偿款（万元）：</td>\n        <td>313213</td>\n	</tr>\n	<tr>\n        <td class=\"text-right\">六前项目：</td>\n        <td>是</td>\n	</tr>\n</table>\n'),('65da686a-fa4e-4739-bd10-97fe759e106d','175.8.6.104','2016-04-06','项目管理','修改项目信息','修改项目信息',NULL,'12345','a538004f-b6b2-48e3-8fcb-8ba000a3019a','91b075a7-f6c3-4992-bb87-87a03464e93e','\n<table>\n	<tr>\n		<td class=\"text-right\">项目审批号：</td>\n		<td>省人民政府【2012】政国土字第577号</td>\n	</tr>\n	<tr>\n		<td class=\"text-right\">项目名称：</td>\n		<td>长沙县长沙师范学校第二校区建设项目（测试</td>\n	</tr>\n	<tr>\n		<td class=\"text-right\">项目分类：</td>\n		<td></td>\n	</tr>\n	<tr>\n		<td class=\"text-right\">项目地址：</td>\n		<td>安沙镇三合村、水塘垸村</td>\n	</tr>\n	<tr>\n		<td class=\"text-right\">项目类型：</td>\n		<td>其他</td>\n	</tr>\n	<tr>\n		<td class=\"text-right\">征地面积（亩）：</td>\n		<td>499.97</td>\n	</tr>\n	<tr>\n		<td class=\"text-right\">应拆栋数：</td>\n		<td>55</td>\n	</tr>\n	<tr>\n		<td class=\"text-right\">应拆户数：</td>\n		<td>55</td>\n	</tr>\n	<tr>\n		<td class=\"text-right\">应动迁人口：</td>\n		<td>200</td>\n	</tr>\n	<tr>\n		<td class=\"text-right\">应拆总面积（合法）（平方米）：</td>\n		<td>60000</td>\n	</tr>\n	<tr>\n		<td class=\"text-right\">应拆总面积（违章）（平方米）：</td>\n		<td>0</td>\n	</tr>\n	<tr>\n		<td class=\"text-right\">项目应付补偿款（万元）：</td>\n		<td>20000</td>\n	</tr>\n	<tr>\n		<td class=\"text-right\">六前项目：</td>\n		<td>是</td>\n	</tr>\n</table>\n'),('68289da4-393a-4208-8d04-061415ae05ff','182.148.57.207','2016-04-07','拆迁户管理','删除人员信息','删除人员信息',NULL,'admin','be769d24-1b19-472a-9f68-fc82c800ad29','81e97469-2fd1-4b3c-b3ac-593e5bd1ec6c','\n<table>\n	<tr>\n		<td class=\"text-right\">人员姓名：</td>\n		<td>后增人员A</td>\n	</tr>\n	<tr>\n		<td class=\"text-right\">人员身份证：</td>\n		<td>515151</td>\n	</tr>\n	<tr>\n		<td class=\"text-right\">地址：</td>\n		<td>地址A</td>\n	</tr>\n	<tr>\n		<td class=\"text-right\">出生时间：</td>\n		<td>2016/04/05</td>\n	</tr>\n	<tr>\n		<td class=\"text-right\">户口类型：</td>\n		<td>农村居民</td>\n	</tr>\n	<tr>\n		<td class=\"text-right\">与户主关系：</td>\n		<td>其他-其他A</td>\n	</tr>\n	<tr>\n		<td class=\"text-right\">性别：</td>\n		<td>女</td>\n	</tr>\n	<tr>\n		<td class=\"text-right\">文化程度：</td>\n		<td>文化程度</td>\n	</tr>\n	<tr>\n		<td class=\"text-right\">在读情况：</td>\n		<td>在读情况</td>\n	</tr>\n	<tr>\n		<td class=\"text-right\">从事农业劳动时间：</td>\n		<td>从事农业劳动时间</td>\n	</tr>\n</table>\n'),('689ef2ee-ae7c-49c4-8a96-11824c108316','175.11.116.59','2016-03-30','拆迁户管理','导入拆迁户','导入拆迁户信息',NULL,'admin','be769d24-1b19-472a-9f68-fc82c800ad29','81e97469-2fd1-4b3c-b3ac-593e5bd1ec6c','\n<style type=\"text/css\">\n.autoTbale td,.autoTbale th {\n	white-space: nowrap;\n}\n</style>\n<table>\n	<tr>\n		<td class=\"text-right\">户主姓名：</td>\n		<td>王金高</td>\n	</tr>\n	<tr>\n		<td class=\"text-right\">选择所属项目：</td>\n		<td>地铁轨道交通3号线龙角站</td>\n	</tr>\n	<tr>\n		<td class=\"text-right\">房屋合法面积（平方米）：</td>\n		<td>0</td>\n	</tr>\n	<tr>\n		<td class=\"text-right\">房屋违章面积（平方米）：</td>\n		<td>0</td>\n	</tr>\n	<tr>\n		<td class=\"text-right\">所属地址：</td>\n		<td>null-null-null</td>\n	</tr>\n	<tr>\n		<td class=\"text-right\">批证及其他情况说明：</td>\n		<td></td>\n	</tr>\n	<tr>\n		<td class=\"text-right\">拟定处理方案：</td>\n		<td></td>\n	</tr>\n	<tr>\n		<td class=\"text-right\">联合会审意见：</td>\n		<td></td>\n	</tr>\n	<tr>\n		<td class=\"text-right\">备注：</td>\n		<td></td>\n	</tr>\n	<tr>\n		<td class=\"text-right\">联合会审附件：</td>\n		<td></td>\n	</tr>\n	<tr>\n		<td class=\"text-right\">高拍仪拍照：</td>\n		<td></td>\n	</tr>\n	<tr>\n		<td class=\"text-right\">房屋照片管理：</td>\n		<td></td>\n	</tr>\n	<tr>\n		<td class=\"text-right\">家庭成员数：</td>\n		<td>3</td>\n	</tr>\n</table>\n<div style=\"overflow-x:auto;width: 100%;\">\n	<table class=\"table table-hover table-bordered autoTbale\">\n		<thead>\n			<tr>\n				<td>姓名</td>\n				<td>与户主关系</td>\n				<td>身份证件</td>\n				<td>性别</td>\n				<td>户口性质</td>\n				<td>出生日期</td>\n				<td>文化程度</td>\n				<td>在读情况</td>\n				<td>从事农业劳动时间</td>\n				<td>服兵役/劳改/劳教情况及时间起止段</td>\n				<td>联系电话</td>\n				<td>独生子女证件号</td>\n				<td>是否半边户</td>\n				<td>是否参加过社会保险</td>\n				<td>备注</td>\n			</tr>\n		</thead>\n		<tbody>\n			<tr>\n				<td>王金高</td>\n				<td>户主</td>\n				<td>430121195701287914</td>\n				<td></td>\n				<td>农村居民</td>\n				<td>1957/01/28</td>\n				<td></td>\n				<td></td>\n				<td></td>\n				<td></td>\n				<td></td>\n				<td></td>\n				<td>否</td>\n				<td>否</td>\n				<td></td>\n			</tr>\n			<tr>\n				<td>苏秋英</td>\n				<td>妻</td>\n				<td>430121196208247921</td>\n				<td></td>\n				<td>农村居民</td>\n				<td>1962/08/24</td>\n				<td></td>\n				<td></td>\n				<td></td>\n				<td></td>\n				<td></td>\n				<td></td>\n				<td>否</td>\n				<td>否</td>\n				<td></td>\n			</tr>\n			<tr>\n				<td>王展</td>\n				<td>女</td>\n				<td>430121199104207320</td>\n				<td></td>\n				<td>农村居民</td>\n				<td>1991/04/20</td>\n				<td></td>\n				<td></td>\n				<td></td>\n				<td></td>\n				<td></td>\n				<td></td>\n				<td>否</td>\n				<td>否</td>\n				<td></td>\n			</tr>\n		</tbody>\n	</table>\n</div>\n'),('698f4ed6-6712-4273-b363-b0feea591a69','175.11.0.72','2016-03-28','信访管理','添加信访信息','添加信访信息',NULL,'admin','e746da4a-c40f-409b-9130-270e372efb04','81e97469-2fd1-4b3c-b3ac-593e5bd1ec6c','\n<table>\n	<tr>\n		<td class=\"text-right\">上访者姓名：</td>\n		<td>李仨</td>\n	</tr>\n	<tr>\n		<td class=\"text-right\">上访者电话：</td>\n		<td>12345678909</td>\n	</tr>\n	<tr>\n		<td class=\"text-right\">上访者的住址：</td>\n		<td>承租方人防若</td>\n	</tr>\n	<tr>\n		<td class=\"text-right\">选择上访项目：</td>\n		<td>测试项目</td>\n	</tr>\n	<tr>\n		<td class=\"text-right\">上访时间：</td>\n		<td>2016/03/28</td>\n	</tr>\n	<tr>\n		<td class=\"text-right\">信访途径：</td>\n		<td>书面</td>\n	</tr>\n	<tr>\n		<td class=\"text-right\">上访者的其他信息：</td>\n		<td>荣文天5565</td>\n	</tr>\n	<tr>\n		<td class=\"text-right\">上访凭证：</td>\n		<td>uploadFile/evidence_files/ff60dda1-8b62-4f0f-9d20-33d10abdf437.jpg</td>\n	</tr>\n	<tr>\n		<td class=\"text-right\">相关资料：</td>\n		<td>松雅湖监控招标文件.doc/uploadFile/policy_files/c7fc0773-6436-4334-9900-a9cdc5f9e01a.doc</td>\n	</tr>\n	<tr>\n		<td class=\"text-right\">处理意见：</td>\n		<td></td>\n	</tr>\n</table>\n'),('69f25933-301f-4b35-a8e3-bab9936853ed','125.70.79.216','2016-04-22','项目管理','增加项目公告','增加项目公告',NULL,'admin','a538004f-b6b2-48e3-8fcb-8ba000a3019a','81e97469-2fd1-4b3c-b3ac-593e5bd1ec6c','\n<table>\n	<tr>\n		<td class=\"text-right\">所属项目名称：</td>\n		<td>会展酒店</td>\n	</tr>\n	<tr>\n		<td class=\"text-right\">公告进度：</td>\n		<td>二公告</td>\n	</tr>\n	<tr>\n		<td class=\"text-right\">公告文号：</td>\n		<td>2</td>\n	</tr>\n	<tr>\n		<td class=\"text-right\">公告时间：</td>\n		<td>2016/04/22</td>\n	</tr>\n	<tr>\n		<td class=\"text-right\">公告批文：</td>\n		<td></td>\n	</tr>\n</table>\n'),('6a1286b3-8f80-4cef-b35a-46b58ff2ca64','175.8.6.104','2016-04-06','项目管理','增加项目公告','增加项目公告',NULL,'12345','a538004f-b6b2-48e3-8fcb-8ba000a3019a','91b075a7-f6c3-4992-bb87-87a03464e93e','\n<table>\n	<tr>\n		<td class=\"text-right\">所属项目名称：</td>\n		<td>长沙县长沙师范学校第二校区建设项目（测试</td>\n	</tr>\n	<tr>\n		<td class=\"text-right\">公告进度：</td>\n		<td>三公告</td>\n	</tr>\n	<tr>\n		<td class=\"text-right\">公告文号：</td>\n		<td>〔2013〕实字第70号</td>\n	</tr>\n	<tr>\n		<td class=\"text-right\">公告时间：</td>\n		<td>2013/03/29</td>\n	</tr>\n	<tr>\n		<td class=\"text-right\">公告批文：</td>\n		<td></td>\n	</tr>\n</table>\n'),('6b8aaaec-53d9-4d87-9731-0406bc71df98','125.70.78.192','2016-03-23','项目管理','修改项目信息','修改项目信息',NULL,'admin','a538004f-b6b2-48e3-8fcb-8ba000a3019a','81e97469-2fd1-4b3c-b3ac-593e5bd1ec6c','\n<table>\n	<tr>\n		<td class=\"text-right\">项目审批号：</td>\n		<td>测试项目审批号</td>\n	</tr>\n	<tr>\n		<td class=\"text-right\">项目名称：</td>\n		<td>测试项目</td>\n	</tr>\n	<tr>\n		<td class=\"text-right\">项目分类：</td>\n		<td></td>\n	</tr>\n	<tr>\n		<td class=\"text-right\">项目地址：</td>\n		<td>高唐街道天河区,大阪街道雨花区,项目地址其他信息</td>\n	</tr>\n	<tr>\n		<td class=\"text-right\">项目类型：</td>\n		<td>其他</td>\n	</tr>\n	<tr>\n		<td class=\"text-right\">征地面积（亩）：</td>\n		<td>100</td>\n	</tr>\n	<tr>\n		<td class=\"text-right\">应拆栋数：</td>\n		<td>100</td>\n	</tr>\n	<tr>\n		<td class=\"text-right\">应拆户数：</td>\n		<td>100</td>\n	</tr>\n	<tr>\n		<td class=\"text-right\">应动迁人口：</td>\n		<td>100</td>\n	</tr>\n	<tr>\n		<td class=\"text-right\">应拆总面积（合法）（平方米）：</td>\n		<td>100</td>\n	</tr>\n	<tr>\n		<td class=\"text-right\">应拆总面积（违章）（平方米）：</td>\n		<td>100</td>\n	</tr>\n	<tr>\n		<td class=\"text-right\">项目应付补偿款（万元）：</td>\n		<td>100</td>\n	</tr>\n	<tr>\n		<td class=\"text-right\">六前项目：</td>\n		<td>是</td>\n	</tr>\n</table>\n'),('6bb6afb3-df47-4935-b7e5-3bffaaf75727','118.112.58.104','2016-04-21','项目管理','增加项目公告','增加项目公告',NULL,'admin','a538004f-b6b2-48e3-8fcb-8ba000a3019a','81e97469-2fd1-4b3c-b3ac-593e5bd1ec6c','\n<table>\n	<tr>\n		<td class=\"text-right\">所属项目名称：</td>\n		<td>项目名称1</td>\n	</tr>\n	<tr>\n		<td class=\"text-right\">公告进度：</td>\n		<td>\n							一公告</td>\n	</tr>\n	<tr>\n		<td class=\"text-right\">公告文号：</td>\n		<td>1235</td>\n	</tr>\n	<tr>\n		<td class=\"text-right\">公告时间：</td>\n		<td>2016/04/21</td>\n	</tr>\n	<tr>\n		<td class=\"text-right\">公告批文：</td>\n		<td></td>\n	</tr>\n</table>\n'),('6bbf9df1-6e31-4101-8d08-7e3ca2aebc2c','125.70.79.216','2016-04-22','项目管理','增加项目公告','增加项目公告',NULL,'admin','a538004f-b6b2-48e3-8fcb-8ba000a3019a','81e97469-2fd1-4b3c-b3ac-593e5bd1ec6c','\n<table>\n	<tr>\n		<td class=\"text-right\">所属项目名称：</td>\n		<td>测试项目</td>\n	</tr>\n	<tr>\n		<td class=\"text-right\">公告进度：</td>\n		<td>\n							一公告</td>\n	</tr>\n	<tr>\n		<td class=\"text-right\">公告文号：</td>\n		<td>1</td>\n	</tr>\n	<tr>\n		<td class=\"text-right\">公告时间：</td>\n		<td>2016/04/22</td>\n	</tr>\n	<tr>\n		<td class=\"text-right\">公告批文：</td>\n		<td></td>\n	</tr>\n</table>\n'),('71a09acb-2688-483f-84b3-3c95a8bca105','175.11.116.59','2016-03-30','购房券制发','手工添加人员信息以及购房券信息','手工添加人员信息以及购房券信息',NULL,'admin','6b3dac14-8116-4aad-8643-c54821ebf93c','81e97469-2fd1-4b3c-b3ac-593e5bd1ec6c','\n<table>\n	<tr>\n		<td class=\"text-right\">户主姓名：</td>\n		<td>柳佰冬</td>\n	</tr>\n	<tr>\n		<td class=\"text-right\">户主身份证件：</td>\n		<td>430121195409038136</td>\n	</tr>\n	<tr>\n		<td class=\"text-right\">人员姓名：</td>\n		<td>王小阳</td>\n	</tr>\n	<tr>\n		<td class=\"text-right\">与户主关系：</td>\n		<td>其他-妻</td>\n	</tr>\n	<tr>\n		<td class=\"text-right\">身份证件：</td>\n		<td>43012119581001814X</td>\n	</tr>\n	<tr>\n		<td class=\"text-right\">性别：</td>\n		<td>女</td>\n	</tr>\n	<tr>\n		<td class=\"text-right\">户口性质：</td>\n		<td>农村居民</td>\n	</tr>\n	<tr>\n		<td class=\"text-right\">出生日期：</td>\n		<td>1958/10/01</td>\n	</tr>\n	<tr>\n		<td class=\"text-right\">文化程度：</td>\n		<td></td>\n	</tr>\n	<tr>\n		<td class=\"text-right\">在读情况：</td>\n		<td></td>\n	</tr>\n	<tr>\n		<td class=\"text-right\">从事农业劳动时间：</td>\n		<td></td>\n	</tr>\n	<tr>\n		<td class=\"text-right\">服兵役/劳改/劳教情况及时间起止段：</td>\n		<td></td>\n	</tr>\n	<tr>\n		<td class=\"text-right\">联系电话：</td>\n		<td></td>\n	</tr>\n	<tr>\n		<td class=\"text-right\">独生子女证件号：</td>\n		<td></td>\n	</tr>\n	<tr>\n		<td class=\"text-right\">是否半边户：</td>\n		<td>否</td>\n	</tr>\n	<tr>\n		<td class=\"text-right\">是否参加过社会保险：</td>\n		<td>否</td>\n	</tr>\n	<tr>\n		<td class=\"text-right\">备注：</td>\n		<td></td>\n	</tr>\n</table>\n'),('71b537d9-892d-46eb-8b30-eb28e52ed43a','125.70.79.216','2016-04-22','项目管理','修改项目月报','修改项目月报',NULL,'admin','a538004f-b6b2-48e3-8fcb-8ba000a3019a','81e97469-2fd1-4b3c-b3ac-593e5bd1ec6c','\n<table>\n	<tr>\n		<td class=\"text-right\">所属项目名称：</td>\n		<td>测试项目</td>\n	</tr>\n	<tr>\n		<td class=\"text-right\">选择录入的所属年/月：</td>\n		<td>2016/04/01</td>\n	</tr>\n	<tr>\n		<td class=\"text-right\">本月拆除栋数(合法)：</td>\n		<td>11</td>\n	</tr>\n	<tr>\n		<td class=\"text-right\">本月腾地数（亩）：</td>\n		<td>1</td>\n	</tr>\n	<tr>\n		<td class=\"text-right\">本月拆除面积（合法）（平方米）：</td>\n		<td>11</td>\n	</tr>\n	<tr>\n		<td class=\"text-right\">本月动迁的人口：</td>\n		<td>2</td>\n	</tr>\n	<tr>\n		<td class=\"text-right\">本月下达期限腾地决定书：</td>\n		<td>11</td>\n	</tr>\n	<tr>\n		<td class=\"text-right\">本月申请法院执行数：</td>\n		<td>1</td>\n	</tr>\n	<tr>\n		<td class=\"text-right\">本月实施强制户数：</td>\n		<td>1</td>\n	</tr>\n	<tr>\n		<td class=\"text-right\">启动时间：</td>\n		<td></td>\n	</tr>\n	<tr>\n		<td class=\"text-right\">是否为本月完成结算项目：</td>\n		<td>是</td>\n	</tr>\n	<tr>\n		<td class=\"text-right\">备注：</td>\n		<td>12323</td>\n	</tr>\n</table>\n'),('72ac66d8-474b-4e08-a016-014014ddd94f','182.138.201.91','2016-03-29','购房券制发','手工添加购房券信息','手工添加购房券信息',NULL,'admin','6b3dac14-8116-4aad-8643-c54821ebf93c','81e97469-2fd1-4b3c-b3ac-593e5bd1ec6c','\n<table>\n	<tr>\n		<td class=\"text-right\">姓名：</td>\n		<td>测试余</td>\n	</tr>\n	<tr>\n		<td class=\"text-right\">身份证件：</td>\n		<td>110108197505220038</td>\n	</tr>\n	<tr>\n		<td class=\"text-right\">购房券金额（万元）：</td>\n		<td>15</td>\n	</tr>\n	<tr>\n		<td class=\"text-right\">购房券券号：</td>\n		<td>18888</td>\n	</tr>\n	<tr>\n		<td class=\"text-right\">制券时间：</td>\n		<td>2016/03/29</td>\n	</tr>\n</table>\n'),('731aa5ec-9106-416f-8309-1c3c19c7184e','118.112.58.104','2016-04-21','社保管理','导入社保信息','导入社保信息',NULL,'admin','8502199d-390e-49e1-a37a-43b5677bc705','81e97469-2fd1-4b3c-b3ac-593e5bd1ec6c','\n<style type=\"text/css\">\n.autoTbale td,.autoTbale th {\n	white-space: nowrap;\n}\n</style>\n<div style=\"overflow-x:auto;width: 100%;\">\n	<table class=\"table table-hover table-bordered autoTbale\">\n		<thead>\n			<tr>\n				<td>姓名</td>\n				<td>身份证件号</td>\n				<td>性别</td>\n				<td>出生日期</td>\n				<td>年龄段</td>\n				<td>从事农业生产时间</td>\n				<td>服刑或劳动教养时间(月)</td>\n				<td>军队服役时间(月)</td>\n				<td>养老保险补缴年限</td>\n				<td>医疗保险视同缴费月数</td>\n				<td>参加何种医疗保险</td>\n				<td>是否参加过社会保险</td>\n				<td>所属社区</td>\n				<td>联系电话</td>\n				<td>征地名称</td>\n			</tr>\n		</thead>\n		<tbody>\n			<tr>\n				<td></td>\n				<td>430121194706140917</td>\n				<td>罗国华</td>\n				<td>15151</td>\n				<td>第一年龄段</td>\n				<td>1</td>\n				<td>1</td>\n				<td>1</td>\n				<td>1</td>\n				<td>1</td>\n				<td>1</td>\n				<td>是</td>\n				<td>1</td>\n				<td>1</td>\n				<td>1</td>\n			</tr>\n		</tbody>\n	</table>\n</div>\n'),('7323940a-381d-4b9e-9404-3d136c582d5f','125.70.79.216','2016-04-22','项目管理','修改项目公告','修改项目公告',NULL,'admin','a538004f-b6b2-48e3-8fcb-8ba000a3019a','81e97469-2fd1-4b3c-b3ac-593e5bd1ec6c','\n<table>\n	<tr>\n		<td class=\"text-right\">所属项目名称：</td>\n		<td>测试项目</td>\n	</tr>\n	<tr>\n		<td class=\"text-right\">公告进度：</td>\n		<td>\n							一公告</td>\n	</tr>\n	<tr>\n		<td class=\"text-right\">公告文号：</td>\n		<td>123</td>\n	</tr>\n	<tr>\n		<td class=\"text-right\">公告时间：</td>\n		<td>2016/04/22</td>\n	</tr>\n	<tr>\n		<td class=\"text-right\">公告批文：</td>\n		<td></td>\n	</tr>\n</table>\n'),('737d0998-9e75-4e61-93f0-1098ca3264a8','175.11.116.59','2016-03-30','拆迁户管理','导入拆迁户','导入拆迁户信息',NULL,'admin','be769d24-1b19-472a-9f68-fc82c800ad29','81e97469-2fd1-4b3c-b3ac-593e5bd1ec6c','\n<style type=\"text/css\">\n.autoTbale td,.autoTbale th {\n	white-space: nowrap;\n}\n</style>\n<table>\n	<tr>\n		<td class=\"text-right\">户主姓名：</td>\n		<td>周末</td>\n	</tr>\n	<tr>\n		<td class=\"text-right\">选择所属项目：</td>\n		<td>长沙黄花机场飞行区东扩工程</td>\n	</tr>\n	<tr>\n		<td class=\"text-right\">房屋合法面积（平方米）：</td>\n		<td>0</td>\n	</tr>\n	<tr>\n		<td class=\"text-right\">房屋违章面积（平方米）：</td>\n		<td>0</td>\n	</tr>\n	<tr>\n		<td class=\"text-right\">所属地址：</td>\n		<td>null-null-null</td>\n	</tr>\n	<tr>\n		<td class=\"text-right\">批证及其他情况说明：</td>\n		<td></td>\n	</tr>\n	<tr>\n		<td class=\"text-right\">拟定处理方案：</td>\n		<td></td>\n	</tr>\n	<tr>\n		<td class=\"text-right\">联合会审意见：</td>\n		<td></td>\n	</tr>\n	<tr>\n		<td class=\"text-right\">备注：</td>\n		<td></td>\n	</tr>\n	<tr>\n		<td class=\"text-right\">联合会审附件：</td>\n		<td></td>\n	</tr>\n	<tr>\n		<td class=\"text-right\">高拍仪拍照：</td>\n		<td></td>\n	</tr>\n	<tr>\n		<td class=\"text-right\">房屋照片管理：</td>\n		<td></td>\n	</tr>\n	<tr>\n		<td class=\"text-right\">家庭成员数：</td>\n		<td>2</td>\n	</tr>\n</table>\n<div style=\"overflow-x:auto;width: 100%;\">\n	<table class=\"table table-hover table-bordered autoTbale\">\n		<thead>\n			<tr>\n				<td>姓名</td>\n				<td>与户主关系</td>\n				<td>身份证件</td>\n				<td>性别</td>\n				<td>户口性质</td>\n				<td>出生日期</td>\n				<td>文化程度</td>\n				<td>在读情况</td>\n				<td>从事农业劳动时间</td>\n				<td>服兵役/劳改/劳教情况及时间起止段</td>\n				<td>联系电话</td>\n				<td>独生子女证件号</td>\n				<td>是否半边户</td>\n				<td>是否参加过社会保险</td>\n				<td>备注</td>\n			</tr>\n		</thead>\n		<tbody>\n			<tr>\n				<td>周末</td>\n				<td>户主</td>\n				<td>430121201206180078</td>\n				<td></td>\n				<td>农村居民</td>\n				<td>1966/08/11</td>\n				<td></td>\n				<td></td>\n				<td></td>\n				<td></td>\n				<td></td>\n				<td></td>\n				<td>否</td>\n				<td>否</td>\n				<td></td>\n			</tr>\n			<tr>\n				<td>周泽栋</td>\n				<td>孙子</td>\n				<td>430121201206180077</td>\n				<td></td>\n				<td>农村居民</td>\n				<td>2012/06/18</td>\n				<td></td>\n				<td></td>\n				<td></td>\n				<td></td>\n				<td></td>\n				<td></td>\n				<td>否</td>\n				<td>否</td>\n				<td></td>\n			</tr>\n		</tbody>\n	</table>\n</div>\n'),('73a8929d-c4fe-4f93-bd1e-fc0743b117b9','175.8.60.56','2016-04-25','项目管理','录入项目月进度','录入项目月进度',NULL,'12345','a538004f-b6b2-48e3-8fcb-8ba000a3019a','91b075a7-f6c3-4992-bb87-87a03464e93e','\n<table>\n	<tr>\n		<td class=\"text-right\">所属项目名称：</td>\n		<td>地铁三号线张公塘停车场</td>\n	</tr>\n	<tr>\n		<td class=\"text-right\">选择录入的所属年/月：</td>\n		<td>2016/04/01</td>\n	</tr>\n	<tr>\n		<td class=\"text-right\">本月拆除栋数(合法)：</td>\n		<td>11</td>\n	</tr>\n	<tr>\n		<td class=\"text-right\">本月腾地数（亩）：</td>\n		<td>45.28</td>\n	</tr>\n	<tr>\n		<td class=\"text-right\">本月拆除面积（合法）（平方米）：</td>\n		<td>4241</td>\n	</tr>\n	<tr>\n		<td class=\"text-right\">本月动迁的人口：</td>\n		<td>50</td>\n	</tr>\n	<tr>\n		<td class=\"text-right\">本月下达期限腾地决定书：</td>\n		<td>0</td>\n	</tr>\n	<tr>\n		<td class=\"text-right\">本月申请法院执行数：</td>\n		<td>0</td>\n	</tr>\n	<tr>\n		<td class=\"text-right\">本月实施强制户数：</td>\n		<td>0</td>\n	</tr>\n	<tr>\n		<td class=\"text-right\">启动时间：</td>\n		<td></td>\n	</tr>\n	<tr>\n		<td class=\"text-right\">是否为本月完成结算项目：</td>\n		<td>否</td>\n	</tr>\n	<tr>\n		<td class=\"text-right\">备注：</td>\n		<td></td>\n	</tr>\n</table>\n'),('743c64fd-92b1-4159-8905-c2da57e52619','182.148.59.67','2016-04-27','社保管理','导入社保信息','导入社保信息',NULL,'admin','8502199d-390e-49e1-a37a-43b5677bc705','81e97469-2fd1-4b3c-b3ac-593e5bd1ec6c','\n<style type=\"text/css\">\n.autoTbale td,.autoTbale th {\n	white-space: nowrap;\n}\n</style>\n<div style=\"overflow-x:auto;width: 100%;\">\n	<table class=\"table table-hover table-bordered autoTbale\">\n		<thead>\n			<tr>\n				<td>姓名</td>\n				<td>身份证件号</td>\n				<td>性别</td>\n				<td>出生日期</td>\n				<td>年龄段</td>\n				<td>从事农业生产时间</td>\n				<td>服刑或劳动教养时间(月)</td>\n				<td>军队服役时间(月)</td>\n				<td>养老保险补缴年限</td>\n				<td>医疗保险视同缴费月数</td>\n				<td>参加何种医疗保险</td>\n				<td>是否参加过社会保险</td>\n				<td>所属社区</td>\n				<td>联系电话</td>\n				<td>征地名称</td>\n			</tr>\n		</thead>\n		<tbody>\n		</tbody>\n	</table>\n</div>\n'),('758cb1e0-6315-4eda-bd09-3f56dbda82dd','125.70.79.216','2016-04-22','项目管理','修改项目信息','修改项目信息',NULL,'admin','a538004f-b6b2-48e3-8fcb-8ba000a3019a','81e97469-2fd1-4b3c-b3ac-593e5bd1ec6c','\n<table>\n	<tr>\n		<td class=\"text-right\">项目审批号：</td>\n		<td>测试项目审批号</td>\n	</tr>\n	<tr>\n		<td class=\"text-right\">项目名称：</td>\n		<td>测试项目</td>\n	</tr>\n	<tr>\n		<td class=\"text-right\">项目分类：</td>\n		<td></td>\n	</tr>\n	<tr>\n		<td class=\"text-right\">项目地址：</td>\n		<td>高唐街道天河区,大阪街道雨花区,项目地址其他信息</td>\n	</tr>\n	<tr>\n		<td class=\"text-right\">项目类型：</td>\n		<td>其他</td>\n	</tr>\n	<tr>\n		<td class=\"text-right\">征地面积（亩）：</td>\n		<td>100</td>\n	</tr>\n	<tr>\n		<td class=\"text-right\">应拆栋数：</td>\n		<td>100</td>\n	</tr>\n	<tr>\n		<td class=\"text-right\">应拆户数：</td>\n		<td>100</td>\n	</tr>\n	<tr>\n		<td class=\"text-right\">应动迁人口：</td>\n		<td>100</td>\n	</tr>\n	<tr>\n		<td class=\"text-right\">应拆总面积（合法）（平方米）：</td>\n		<td>100</td>\n	</tr>\n	<tr>\n		<td class=\"text-right\">应拆总面积（违章）（平方米）：</td>\n		<td>100</td>\n	</tr>\n	<tr>\n		<td class=\"text-right\">项目应付补偿款（万元）：</td>\n		<td>100</td>\n	</tr>\n	<tr>\n		<td class=\"text-right\">六前项目：</td>\n		<td>是</td>\n	</tr>\n</table>\n'),('75f3b42a-fbe4-4283-9fef-20c4010369b4','125.70.79.71','2016-04-06','项目管理','修改项目信息','修改项目信息',NULL,'admin','a538004f-b6b2-48e3-8fcb-8ba000a3019a','81e97469-2fd1-4b3c-b3ac-593e5bd1ec6c','\n<table>\n	<tr>\n		<td class=\"text-right\">项目审批号：</td>\n		<td>测试好好</td>\n	</tr>\n	<tr>\n		<td class=\"text-right\">项目名称：</td>\n		<td>测试项目等等</td>\n	</tr>\n	<tr>\n		<td class=\"text-right\">项目分类：</td>\n		<td></td>\n	</tr>\n	<tr>\n		<td class=\"text-right\">项目地址：</td>\n		<td>地址地址</td>\n	</tr>\n	<tr>\n		<td class=\"text-right\">项目类型：</td>\n		<td>其他</td>\n	</tr>\n	<tr>\n		<td class=\"text-right\">征地面积（亩）：</td>\n		<td>100</td>\n	</tr>\n	<tr>\n		<td class=\"text-right\">应拆栋数：</td>\n		<td>100</td>\n	</tr>\n	<tr>\n		<td class=\"text-right\">应拆户数：</td>\n		<td>100</td>\n	</tr>\n	<tr>\n		<td class=\"text-right\">应动迁人口：</td>\n		<td>100</td>\n	</tr>\n	<tr>\n		<td class=\"text-right\">应拆总面积（合法）（平方米）：</td>\n		<td>100</td>\n	</tr>\n	<tr>\n		<td class=\"text-right\">应拆总面积（违章）（平方米）：</td>\n		<td>100</td>\n	</tr>\n	<tr>\n		<td class=\"text-right\">项目应付补偿款（万元）：</td>\n		<td>100</td>\n	</tr>\n	<tr>\n		<td class=\"text-right\">六前项目：</td>\n		<td>是</td>\n	</tr>\n</table>\n'),('77b9f7cc-d54a-429d-8381-cd0da84aebae','182.148.57.207','2016-04-07','购房券制发','购房券户发放','购房券户发放',NULL,'admin','6b3dac14-8116-4aad-8643-c54821ebf93c','81e97469-2fd1-4b3c-b3ac-593e5bd1ec6c','\n<style type=\"text/css\">\n.autoTbale td,.autoTbale th {\n	white-space: nowrap;\n}\n</style>\n<div style=\"overflow-x:auto;width: 100%;\">\n	<table class=\"table table-hover table-bordered autoTbale\">\n		<thead>\n			<tr>\n				<td>购房券所属人姓名</td>\n				<td>购房券所属人身份证件</td>\n				<td>购房券券号</td>\n				<td>补贴金额（万元）</td>\n				<td>制券时间</td>\n				<td>领用人姓名</td>\n				<td>领用人身份证件</td>\n				<td>领用时间</td>\n				<td>领用凭证</td>\n				<td>领取备注</td>\n			</tr>\n		</thead>\n		<tbody>\n			<tr>\n				<td>导入人员B</td>\n				<td>111111155</td>\n				<td>10</td>\n				<td>20</td>\n				<td>2016/04/07</td>\n				<td>姓名</td>\n				<td>100</td>\n				<td>2016/04/07</td>\n				<td>uploadFile/evidence_files/5376021f-d108-4c57-9d67-f61a79ff9bbd.jpg</td>\n				<td>123213</td>\n			</tr>\n		</tbody>\n	</table>\n</div>\n'),('7814762a-464b-4020-b6c8-6a9f187a6520','125.70.179.252','2016-03-24','购房券制发','录入项目出资单位','录入项目出资单位',NULL,'admin','6b3dac14-8116-4aad-8643-c54821ebf93c','81e97469-2fd1-4b3c-b3ac-593e5bd1ec6c','\n<table>\n	<tr>\n		<td class=\"text-right\">项目审批号：</td>\n		<td>审批号</td>\n	</tr>\n	<tr>\n		<td class=\"text-right\">项目名称：</td>\n		<td>项目名称1</td>\n	</tr>\n	<tr>\n		<td class=\"text-right\">项目分类：</td>\n		<td></td>\n	</tr>\n	<tr>\n		<td class=\"text-right\">项目地址：</td>\n		<td>地址</td>\n	</tr>\n	<tr>\n		<td class=\"text-right\">项目类型：</td>\n		<td>其他</td>\n	</tr>\n	<tr>\n		<td class=\"text-right\">国土局出资单位名称：</td>\n		<td>国土局</td>\n	</tr>\n	<tr>\n		<td class=\"text-right\">其他出资单位名称：</td>\n		<td>其他出资单位</td>\n	</tr>\n</table>\n'),('784f941e-79e2-4ac7-85a9-73f00c5cbeca','118.112.58.104','2016-04-21','社保管理','录入社保信息','录入社保信息',NULL,'admin','8502199d-390e-49e1-a37a-43b5677bc705','81e97469-2fd1-4b3c-b3ac-593e5bd1ec6c','\n<table>\n	<tr>\n		<td class=\"text-right\">姓名：</td>\n		<td>李四</td>\n	</tr>\n	<tr>\n		<td class=\"text-right\">身份证件号：</td>\n		<td>430121197205227012</td>\n	</tr>\n	<tr>\n		<td class=\"text-right\">性别：</td>\n		<td>男</td>\n	</tr>\n	<tr>\n		<td class=\"text-right\">出生日期：</td>\n		<td>2016/03/31</td>\n	</tr>\n	<tr>\n		<td class=\"text-right\">年龄段：</td>\n		<td>第一年龄段</td>\n	</tr>\n	<tr>\n		<td class=\"text-right\">纳入社保时间：</td>\n		<td>2016/04/06</td>\n	</tr>\n	<tr>\n		<td class=\"text-right\">所属社区：</td>\n		<td>1</td>\n	</tr>\n	<tr>\n		<td class=\"text-right\">参加何种医疗保险：</td>\n		<td>2</td>\n	</tr>\n	<tr>\n		<td class=\"text-right\">养老保险补缴年限：</td>\n		<td>3</td>\n	</tr>\n	<tr>\n		<td class=\"text-right\">医疗保险视同缴费月数：</td>\n		<td>3</td>\n	</tr>\n	<tr>\n		<td class=\"text-right\">服刑或劳动教养时间(月)：</td>\n		<td>5</td>\n	</tr>\n	<tr>\n		<td class=\"text-right\">军队服役时间(月)：</td>\n		<td>6</td>\n	</tr>\n</table>\n'),('78920580-8010-4601-bb0a-493be08f649f','182.148.57.207','2016-04-07','拆迁户管理','修改拆迁户人员','修改拆迁户人员信息',NULL,'admin','be769d24-1b19-472a-9f68-fc82c800ad29','81e97469-2fd1-4b3c-b3ac-593e5bd1ec6c','\n<table>\n	<tr>\n		<td class=\"text-right\">姓名：</td>\n		<td>小春</td>\n	</tr>\n	<tr>\n		<td class=\"text-right\">与户主关系：</td>\n		<td>女儿</td>\n	</tr>\n	<tr>\n		<td class=\"text-right\">身份证件：</td>\n		<td>5511155511</td>\n	</tr>\n	<tr>\n		<td class=\"text-right\">性别：</td>\n		<td>女</td>\n	</tr>\n	<tr>\n		<td class=\"text-right\">户口性质：</td>\n		<td>农村居民</td>\n	</tr>\n	<tr>\n		<td class=\"text-right\">出生日期：</td>\n		<td>2016/04/07</td>\n	</tr>\n	<tr>\n		<td class=\"text-right\">文化程度：</td>\n		<td></td>\n	</tr>\n	<tr>\n		<td class=\"text-right\">在读情况：</td>\n		<td></td>\n	</tr>\n	<tr>\n		<td class=\"text-right\">从事农业劳动时间：</td>\n		<td></td>\n	</tr>\n	<tr>\n		<td class=\"text-right\">服兵役/劳改/劳教情况及时间起止段：</td>\n		<td></td>\n	</tr>\n	<tr>\n		<td class=\"text-right\">联系电话：</td>\n		<td></td>\n	</tr>\n	<tr>\n		<td class=\"text-right\">独生子女证件号：</td>\n		<td>55845568444555</td>\n	</tr>\n	<tr>\n		<td class=\"text-right\">是否半边户：</td>\n		<td>否</td>\n	</tr>\n	<tr>\n		<td class=\"text-right\">是否参加过社会保险：</td>\n		<td>否</td>\n	</tr>\n	<tr>\n		<td class=\"text-right\">备注：</td>\n		<td></td>\n	</tr>\n</table>\n'),('7896ae85-4fc2-43e9-bf0d-c575a438a191','182.148.57.207','2016-04-07','购房券制发','购房券补券','购房券补券',NULL,'admin','6b3dac14-8116-4aad-8643-c54821ebf93c','81e97469-2fd1-4b3c-b3ac-593e5bd1ec6c','\n<table>\n	<tr>\n		<td class=\"text-right\">姓名：</td>\n		<td>导入人员B</td>\n	</tr>\n	<tr>\n		<td class=\"text-right\">身份证件号：</td>\n		<td>111111155</td>\n	</tr>\n	<tr>\n		<td class=\"text-right\">券号：</td>\n		<td>1002</td>\n	</tr>\n	<tr>\n		<td class=\"text-right\">补贴金额（万元）：</td>\n		<td>10</td>\n	</tr>\n	<tr>\n		<td class=\"text-right\">制券时间：</td>\n		<td>2016/04/07</td>\n	</tr>\n	<tr>\n		<td class=\"text-right\">新的购房券券号：</td>\n		<td>10</td>\n	</tr>\n	<tr>\n		<td class=\"text-right\">新的购房券金额（万元）：</td>\n		<td>20</td>\n	</tr>\n	<tr>\n		<td class=\"text-right\">新的购房券制券时间：</td>\n		<td>2016/04/07</td>\n	</tr>\n	<tr>\n		<td class=\"text-right\">购房券补失时间：</td>\n		<td>2016/04/07</td>\n	</tr>\n</table>\n'),('789d2838-2d22-4721-bfd7-ca2b389cf08d','182.148.57.207','2016-04-07','购房券制发','手工添加人员信息','手工添加人员信息',NULL,'admin','6b3dac14-8116-4aad-8643-c54821ebf93c','81e97469-2fd1-4b3c-b3ac-593e5bd1ec6c','\n<table>\n	<tr>\n		<td class=\"text-right\">户主姓名：</td>\n		<td>小明</td>\n	</tr>\n	<tr>\n		<td class=\"text-right\">户主身份证件：</td>\n		<td>15152152105</td>\n	</tr>\n	<tr>\n		<td class=\"text-right\">人员姓名：</td>\n		<td>购房添加A</td>\n	</tr>\n	<tr>\n		<td class=\"text-right\">与户主关系：</td>\n		<td>女儿</td>\n	</tr>\n	<tr>\n		<td class=\"text-right\">身份证件：</td>\n		<td>51515</td>\n	</tr>\n	<tr>\n		<td class=\"text-right\">性别：</td>\n		<td>女</td>\n	</tr>\n	<tr>\n		<td class=\"text-right\">户口性质：</td>\n		<td>城镇居民</td>\n	</tr>\n	<tr>\n		<td class=\"text-right\">出生日期：</td>\n		<td>2016/04/06</td>\n	</tr>\n	<tr>\n		<td class=\"text-right\">文化程度：</td>\n		<td>文化程度</td>\n	</tr>\n	<tr>\n		<td class=\"text-right\">在读情况：</td>\n		<td>在读情况</td>\n	</tr>\n	<tr>\n		<td class=\"text-right\">从事农业劳动时间：</td>\n		<td>从事农业劳动时间</td>\n	</tr>\n	<tr>\n		<td class=\"text-right\">服兵役/劳改/劳教情况及时间起止段：</td>\n		<td>兵役/劳改/劳教情况及时间起止段</td>\n	</tr>\n	<tr>\n		<td class=\"text-right\">联系电话：</td>\n		<td>联系电话</td>\n	</tr>\n	<tr>\n		<td class=\"text-right\">独生子女证件号：</td>\n		<td></td>\n	</tr>\n	<tr>\n		<td class=\"text-right\">是否半边户：</td>\n		<td>否</td>\n	</tr>\n	<tr>\n		<td class=\"text-right\">是否参加过社会保险：</td>\n		<td>是</td>\n	</tr>\n	<tr>\n		<td class=\"text-right\">备注：</td>\n		<td>备注1</td>\n	</tr>\n</table>\n'),('7a5e93b7-4470-450c-94f9-9f252c46fe3d','182.148.57.207','2016-04-07','社保管理','修改社保信息','修改社保信息',NULL,'admin','8502199d-390e-49e1-a37a-43b5677bc705','81e97469-2fd1-4b3c-b3ac-593e5bd1ec6c','\n<table>\n	<tr>\n		<td class=\"text-right\">姓名：</td>\n		<td>小明</td>\n	</tr>\n	<tr>\n		<td class=\"text-right\">身份证件：</td>\n		<td>15152152105</td>\n	</tr>\n	<tr>\n		<td class=\"text-right\">纳入社保时间：</td>\n		<td>2016/04/01</td>\n	</tr>\n	<tr>\n		<td class=\"text-right\">待遇标准：</td>\n		<td>基本养老金</td>\n	</tr>\n	<tr>\n		<td class=\"text-right\">所属社区：</td>\n		<td>所属社区</td>\n	</tr>\n	<tr>\n		<td class=\"text-right\">参加何种医疗保险：</td>\n		<td>参加何种医疗保险</td>\n	</tr>\n	<tr>\n		<td class=\"text-right\">养老保险补缴年限：</td>\n		<td>1</td>\n	</tr>\n	<tr>\n		<td class=\"text-right\">医疗保险视同缴费月数：</td>\n		<td>1</td>\n	</tr>\n	<tr>\n		<td class=\"text-right\">服刑或劳动教养时间(月)：</td>\n		<td>1</td>\n	</tr>\n	<tr>\n		<td class=\"text-right\">军队服役时间(月)：</td>\n		<td>1</td>\n	</tr>\n</table>\n'),('7b06f9f7-f1e3-4319-b9d6-9498107e1366','175.9.110.132','2016-04-26','项目管理','增加项目公告','增加项目公告',NULL,'12345','a538004f-b6b2-48e3-8fcb-8ba000a3019a','91b075a7-f6c3-4992-bb87-87a03464e93e','\n<table>\n	<tr>\n		<td class=\"text-right\">所属项目名称：</td>\n		<td>万家丽北路安沙联络线建设项目 （安沙物流大道）</td>\n	</tr>\n	<tr>\n		<td class=\"text-right\">公告进度：</td>\n		<td>二公告</td>\n	</tr>\n	<tr>\n		<td class=\"text-right\">公告文号：</td>\n		<td>长县国土资征（2013）180、181号</td>\n	</tr>\n	<tr>\n		<td class=\"text-right\">公告时间：</td>\n		<td>2013/10/29</td>\n	</tr>\n	<tr>\n		<td class=\"text-right\">公告批文：</td>\n		<td></td>\n	</tr>\n</table>\n'),('7b612a1c-d9a1-4682-9ecb-5a6366b42929','175.8.6.104','2016-04-06','项目管理','增加项目公告','增加项目公告',NULL,'12345','a538004f-b6b2-48e3-8fcb-8ba000a3019a','91b075a7-f6c3-4992-bb87-87a03464e93e','\n<table>\n	<tr>\n		<td class=\"text-right\">所属项目名称：</td>\n		<td>长沙县长沙师范学校第二校区建设项目（测试</td>\n	</tr>\n	<tr>\n		<td class=\"text-right\">公告进度：</td>\n		<td>\n							一公告</td>\n	</tr>\n	<tr>\n		<td class=\"text-right\">公告文号：</td>\n		<td>长县政发【2012】20号</td>\n	</tr>\n	<tr>\n		<td class=\"text-right\">公告时间：</td>\n		<td>2012/05/07</td>\n	</tr>\n	<tr>\n		<td class=\"text-right\">公告批文：</td>\n		<td></td>\n	</tr>\n</table>\n'),('7bf29a45-d6e9-4070-af76-777aa0904a47','125.70.79.216','2016-04-22','项目管理','录入项目月进度','录入项目月进度',NULL,'admin','a538004f-b6b2-48e3-8fcb-8ba000a3019a','81e97469-2fd1-4b3c-b3ac-593e5bd1ec6c','\n<table>\n	<tr>\n		<td class=\"text-right\">所属项目名称：</td>\n		<td>测试项目</td>\n	</tr>\n	<tr>\n		<td class=\"text-right\">选择录入的所属年/月：</td>\n		<td>2016/05/01</td>\n	</tr>\n	<tr>\n		<td class=\"text-right\">本月拆除栋数(合法)：</td>\n		<td>1</td>\n	</tr>\n	<tr>\n		<td class=\"text-right\">本月腾地数（亩）：</td>\n		<td>1.001</td>\n	</tr>\n	<tr>\n		<td class=\"text-right\">本月拆除面积（合法）（平方米）：</td>\n		<td>1</td>\n	</tr>\n	<tr>\n		<td class=\"text-right\">本月动迁的人口：</td>\n		<td>1</td>\n	</tr>\n	<tr>\n		<td class=\"text-right\">本月下达期限腾地决定书：</td>\n		<td>3</td>\n	</tr>\n	<tr>\n		<td class=\"text-right\">本月申请法院执行数：</td>\n		<td>1</td>\n	</tr>\n	<tr>\n		<td class=\"text-right\">本月实施强制户数：</td>\n		<td>3</td>\n	</tr>\n	<tr>\n		<td class=\"text-right\">启动时间：</td>\n		<td></td>\n	</tr>\n	<tr>\n		<td class=\"text-right\">是否为本月完成结算项目：</td>\n		<td>是</td>\n	</tr>\n	<tr>\n		<td class=\"text-right\">备注：</td>\n		<td>23</td>\n	</tr>\n</table>\n'),('7cb294e2-d5ba-415f-b399-1cc4ba956a85','175.8.60.56','2016-04-25','社保管理','批量录入社保信息','批量录入社保信息',NULL,'12345','8502199d-390e-49e1-a37a-43b5677bc705','91b075a7-f6c3-4992-bb87-87a03464e93e','\n<style type=\"text/css\">\n.autoTbale td,.autoTbale th {\n	white-space: nowrap;\n}\n</style>\n<div style=\"overflow-x:auto;width: 100%;\">\n<table class=\"table table-hover table-bordered autoTbale\">\n	<thead>\n		<tr>\n		    <td>姓名</td>\n		    <td>身份证件</td>\n		    <td>社保时间</td>\n		    <td>年龄段</td>\n		    <td>所属社区</td>\n		    <td>参加何种医疗保险</td>\n		    <td>养老保险补缴年限</td>\n		    <td>医疗保险视同缴费月数</td>\n		    <td>服刑或劳动教养时间(月)</td>\n		    <td>军队服役时间(月)</td>\n		</tr>\n	</thead>\n	<tbody>\n		<tr>\n		    <td>马登科</td>\n		    <td>430121199211177315</td>\n		    <td></td>\n		    <td>2016/04/01</td>\n		    <td>第一年龄段</td>\n		    <td></td>\n		    <td></td>\n		    <td>0</td>\n		    <td>0</td>\n		    <td>0</td>\n		    <td>0</td>\n		</tr>\n		<tr>\n		    <td>杜发其</td>\n		    <td>430121195007090927</td>\n		    <td></td>\n		    <td>2016/04/01</td>\n		    <td>第三年龄段</td>\n		    <td></td>\n		    <td></td>\n		    <td>0</td>\n		    <td>0</td>\n		    <td>0</td>\n		    <td>0</td>\n		</tr>\n		<tr>\n		    <td>周子怡</td>\n		    <td>430111200309265041</td>\n		    <td></td>\n		    <td>2016/04/01</td>\n		    <td>第一年龄段</td>\n		    <td></td>\n		    <td></td>\n		    <td>0</td>\n		    <td>0</td>\n		    <td>0</td>\n		    <td>0</td>\n		</tr>\n		<tr>\n		    <td>罗子宜</td>\n		    <td>430121201002270062</td>\n		    <td></td>\n		    <td>2016/04/01</td>\n		    <td>第一年龄段</td>\n		    <td></td>\n		    <td></td>\n		    <td>0</td>\n		    <td>0</td>\n		    <td>0</td>\n		    <td>0</td>\n		</tr>\n		<tr>\n		    <td>梁欣玲</td>\n		    <td>432503197205060825</td>\n		    <td></td>\n		    <td>2016/04/01</td>\n		    <td>第二年龄段</td>\n		    <td></td>\n		    <td></td>\n		    <td>0</td>\n		    <td>0</td>\n		    <td>0</td>\n		    <td>0</td>\n		</tr>\n	</tbody>\n</table>\n</div>\n'),('7d875c41-204e-4a2e-ba46-0a2225d98d63','175.8.6.104','2016-04-06','项目管理','增加项目公告','增加项目公告',NULL,'12345','a538004f-b6b2-48e3-8fcb-8ba000a3019a','91b075a7-f6c3-4992-bb87-87a03464e93e','\n<table>\n	<tr>\n		<td class=\"text-right\">所属项目名称：</td>\n		<td>长沙国际会展中心（测试）</td>\n	</tr>\n	<tr>\n		<td class=\"text-right\">公告进度：</td>\n		<td>二公告</td>\n	</tr>\n	<tr>\n		<td class=\"text-right\">公告文号：</td>\n		<td>长县国土资征〔2014〕33号</td>\n	</tr>\n	<tr>\n		<td class=\"text-right\">公告时间：</td>\n		<td>2014/05/22</td>\n	</tr>\n	<tr>\n		<td class=\"text-right\">公告批文：</td>\n		<td></td>\n	</tr>\n</table>\n'),('7f7c794e-b876-4334-9319-7d636722dd2e','175.8.6.104','2016-04-06','项目管理','录入项目月进度','录入项目月进度',NULL,'12345','a538004f-b6b2-48e3-8fcb-8ba000a3019a','91b075a7-f6c3-4992-bb87-87a03464e93e','\n<table>\n	<tr>\n		<td class=\"text-right\">所属项目名称：</td>\n		<td>长沙磁浮工程建设项目（测试）</td>\n	</tr>\n	<tr>\n		<td class=\"text-right\">选择录入的所属年/月：</td>\n		<td>2016/01/01</td>\n	</tr>\n	<tr>\n		<td class=\"text-right\">本月拆除栋数(合法)：</td>\n		<td>20</td>\n	</tr>\n	<tr>\n		<td class=\"text-right\">本月腾地数（亩）：</td>\n		<td>142.93</td>\n	</tr>\n	<tr>\n		<td class=\"text-right\">本月拆除面积（合法）（平方米）：</td>\n		<td>8762</td>\n	</tr>\n	<tr>\n		<td class=\"text-right\">本月动迁的人口：</td>\n		<td>106</td>\n	</tr>\n	<tr>\n		<td class=\"text-right\">本月下达期限腾地决定书：</td>\n		<td>0</td>\n	</tr>\n	<tr>\n		<td class=\"text-right\">本月申请法院执行数：</td>\n		<td>0</td>\n	</tr>\n	<tr>\n		<td class=\"text-right\">本月实施强制户数：</td>\n		<td>0</td>\n	</tr>\n	<tr>\n		<td class=\"text-right\">启动时间：</td>\n		<td>2014/07/01</td>\n	</tr>\n	<tr>\n		<td class=\"text-right\">是否为本月完成结算项目：</td>\n		<td>否</td>\n	</tr>\n	<tr>\n		<td class=\"text-right\">备注：</td>\n		<td></td>\n	</tr>\n</table>\n'),('804bdfe6-49a3-4261-9d2b-d53458b3881c','125.70.177.160','2016-04-05','项目管理','修改项目公告','修改项目公告',NULL,'admin','a538004f-b6b2-48e3-8fcb-8ba000a3019a','81e97469-2fd1-4b3c-b3ac-593e5bd1ec6c','\n<table>\n	<tr>\n		<td class=\"text-right\">所属项目名称：</td>\n		<td>测试项目</td>\n	</tr>\n	<tr>\n		<td class=\"text-right\">公告进度：</td>\n		<td>三公告</td>\n	</tr>\n	<tr>\n		<td class=\"text-right\">公告文号：</td>\n		<td>3332d斗</td>\n	</tr>\n	<tr>\n		<td class=\"text-right\">公告时间：</td>\n		<td>2016/03/29</td>\n	</tr>\n	<tr>\n		<td class=\"text-right\">公告批文：</td>\n		<td></td>\n	</tr>\n</table>\n'),('80bc80f7-9d07-4320-8b02-d514891aec55','125.70.177.160','2016-04-05','项目管理','修改项目公告','修改项目公告',NULL,'admin','a538004f-b6b2-48e3-8fcb-8ba000a3019a','81e97469-2fd1-4b3c-b3ac-593e5bd1ec6c','\n<table>\n	<tr>\n		<td class=\"text-right\">所属项目名称：</td>\n		<td>测试项目</td>\n	</tr>\n	<tr>\n		<td class=\"text-right\">公告进度：</td>\n		<td>三公告</td>\n	</tr>\n	<tr>\n		<td class=\"text-right\">公告文号：</td>\n		<td>3332斗</td>\n	</tr>\n	<tr>\n		<td class=\"text-right\">公告时间：</td>\n		<td>2016/03/29</td>\n	</tr>\n	<tr>\n		<td class=\"text-right\">公告批文：</td>\n		<td></td>\n	</tr>\n</table>\n'),('819fbf3b-4a53-484a-b0ef-16a7c9f9073e','182.148.57.142','2016-03-22','项目管理','手工添加项目信息','手工添加项目信息',NULL,'admin','a538004f-b6b2-48e3-8fcb-8ba000a3019a','81e97469-2fd1-4b3c-b3ac-593e5bd1ec6c','\n<table>\n	<tr>\n        <td class=\"text-right\">项目审批号：</td>\n        <td>测试项目2审批号</td>\n	</tr>\n	<tr>\n        <td class=\"text-right\">项目名称：</td>\n        <td>测试项目2</td>\n	</tr>\n	<tr>\n        <td class=\"text-right\">项目分类：</td>\n        <td>省市重点项目</td>\n	</tr>\n	<tr>\n        <td class=\"text-right\">项目地址：</td>\n        <td>高唐街道天河区,大阪街道雨花区,其他信息</td>\n	</tr>\n	<tr>\n        <td class=\"text-right\">项目类型：</td>\n        <td>其他</td>\n	</tr>\n	<tr>\n        <td class=\"text-right\">征地面积（亩）：</td>\n        <td>100</td>\n	</tr>\n	<tr>\n        <td class=\"text-right\">应拆栋数：</td>\n        <td>100</td>\n	</tr>\n	<tr>\n        <td class=\"text-right\">应拆户数：</td>\n        <td>100</td>\n	</tr>\n	<tr>\n        <td class=\"text-right\">应动迁人口：</td>\n        <td>100</td>\n	</tr>\n	<tr>\n        <td class=\"text-right\">应拆总面积（合法）（平方米）：</td>\n        <td>100</td>\n	</tr>\n	<tr>\n        <td class=\"text-right\">应拆总面积（违章）（平方米）：</td>\n        <td>100</td>\n	</tr>\n	<tr>\n        <td class=\"text-right\">项目应付补偿款（万元）：</td>\n        <td>100</td>\n	</tr>\n	<tr>\n        <td class=\"text-right\">六前项目：</td>\n        <td>是</td>\n	</tr>\n</table>\n'),('823f96df-8949-4ed0-90cc-8efa07a9713f','175.9.110.132','2016-04-26','购房券制发','手工添加人员信息以及购房券信息','手工添加人员信息以及购房券信息',NULL,'12345','6b3dac14-8116-4aad-8643-c54821ebf93c','91b075a7-f6c3-4992-bb87-87a03464e93e','\n<table>\n	<tr>\n		<td class=\"text-right\">户主姓名：</td>\n		<td>马国强</td>\n	</tr>\n	<tr>\n		<td class=\"text-right\">户主身份证件：</td>\n		<td>43012119400808791x</td>\n	</tr>\n	<tr>\n		<td class=\"text-right\">人员姓名：</td>\n		<td>冯嘉昕</td>\n	</tr>\n	<tr>\n		<td class=\"text-right\">与户主关系：</td>\n		<td>其他-外孙子</td>\n	</tr>\n	<tr>\n		<td class=\"text-right\">身份证件：</td>\n		<td>430121199606217318</td>\n	</tr>\n	<tr>\n		<td class=\"text-right\">性别：</td>\n		<td>男</td>\n	</tr>\n	<tr>\n		<td class=\"text-right\">户口性质：</td>\n		<td>农村居民</td>\n	</tr>\n	<tr>\n		<td class=\"text-right\">出生日期：</td>\n		<td>1996/06/21</td>\n	</tr>\n	<tr>\n		<td class=\"text-right\">文化程度：</td>\n		<td></td>\n	</tr>\n	<tr>\n		<td class=\"text-right\">在读情况：</td>\n		<td></td>\n	</tr>\n	<tr>\n		<td class=\"text-right\">从事农业劳动时间：</td>\n		<td></td>\n	</tr>\n	<tr>\n		<td class=\"text-right\">服兵役/劳改/劳教情况及时间起止段：</td>\n		<td></td>\n	</tr>\n	<tr>\n		<td class=\"text-right\">联系电话：</td>\n		<td></td>\n	</tr>\n	<tr>\n		<td class=\"text-right\">独生子女证件号：</td>\n		<td></td>\n	</tr>\n	<tr>\n		<td class=\"text-right\">是否半边户：</td>\n		<td>否</td>\n	</tr>\n	<tr>\n		<td class=\"text-right\">是否参加过社会保险：</td>\n		<td>否</td>\n	</tr>\n	<tr>\n		<td class=\"text-right\">备注：</td>\n		<td></td>\n	</tr>\n</table>\n'),('8282e383-4332-4f12-bf74-5f7b6f7362e9','175.11.116.59','2016-03-30','购房券制发','购房券个人发放','购房券个人发放',NULL,'admin','6b3dac14-8116-4aad-8643-c54821ebf93c','81e97469-2fd1-4b3c-b3ac-593e5bd1ec6c','\n<table>\n	<tr>\n		<td class=\"text-right\">购房券所属人姓名：</td>\n		<td>刘某某</td>\n	</tr>\n	<tr>\n		<td class=\"text-right\">购房券所属人身份证件：</td>\n		<td>430121199102249898</td>\n	</tr>\n	<tr>\n		<td class=\"text-right\">购房券券号：</td>\n		<td>00240</td>\n	</tr>\n	<tr>\n		<td class=\"text-right\">补贴金额（万元）：</td>\n		<td>100</td>\n	</tr>\n	<tr>\n		<td class=\"text-right\">制券时间：</td>\n		<td>2016/03/22</td>\n	</tr>\n	<tr>\n		<td class=\"text-right\">领用人姓名：</td>\n		<td>曾山</td>\n	</tr>\n	<tr>\n		<td class=\"text-right\">领用人身份证件：</td>\n		<td>7890876557890098</td>\n	</tr>\n	<tr>\n		<td class=\"text-right\">领用时间：</td>\n		<td>2016/03/30</td>\n	</tr>\n	<tr>\n		<td class=\"text-right\">领用凭证：</td>\n		<td></td>\n	</tr>\n	<tr>\n		<td class=\"text-right\">领取备注：</td>\n		<td></td>\n	</tr>\n</table>\n<table>\n	<tr>\n		<td class=\"text-right\">购房券所属人姓名：</td>\n		<td>刘某某</td>\n	</tr>\n	<tr>\n		<td class=\"text-right\">购房券所属人身份证件：</td>\n		<td>430121199102249898</td>\n	</tr>\n	<tr>\n		<td class=\"text-right\">购房券券号：</td>\n		<td>001145</td>\n	</tr>\n	<tr>\n		<td class=\"text-right\">补贴金额（万元）：</td>\n		<td>15.8</td>\n	</tr>\n	<tr>\n		<td class=\"text-right\">制券时间：</td>\n		<td>2016/03/22</td>\n	</tr>\n	<tr>\n		<td class=\"text-right\">领用人姓名：</td>\n		<td>曾山</td>\n	</tr>\n	<tr>\n		<td class=\"text-right\">领用人身份证件：</td>\n		<td>7890876557890098</td>\n	</tr>\n	<tr>\n		<td class=\"text-right\">领用时间：</td>\n		<td>2016/03/30</td>\n	</tr>\n	<tr>\n		<td class=\"text-right\">领用凭证：</td>\n		<td></td>\n	</tr>\n	<tr>\n		<td class=\"text-right\">领取备注：</td>\n		<td></td>\n	</tr>\n</table>\n'),('82b3413a-c703-46b6-a4ff-de2bc10ea339','175.11.116.59','2016-03-30','拆迁户管理','导入拆迁户','导入拆迁户信息',NULL,'admin','be769d24-1b19-472a-9f68-fc82c800ad29','81e97469-2fd1-4b3c-b3ac-593e5bd1ec6c','\n<style type=\"text/css\">\n.autoTbale td,.autoTbale th {\n	white-space: nowrap;\n}\n</style>\n<table>\n	<tr>\n		<td class=\"text-right\">户主姓名：</td>\n		<td>李桂恒</td>\n	</tr>\n	<tr>\n		<td class=\"text-right\">选择所属项目：</td>\n		<td>会展酒店</td>\n	</tr>\n	<tr>\n		<td class=\"text-right\">房屋合法面积（平方米）：</td>\n		<td>0</td>\n	</tr>\n	<tr>\n		<td class=\"text-right\">房屋违章面积（平方米）：</td>\n		<td>0</td>\n	</tr>\n	<tr>\n		<td class=\"text-right\">所属地址：</td>\n		<td>null-null-null</td>\n	</tr>\n	<tr>\n		<td class=\"text-right\">批证及其他情况说明：</td>\n		<td></td>\n	</tr>\n	<tr>\n		<td class=\"text-right\">拟定处理方案：</td>\n		<td></td>\n	</tr>\n	<tr>\n		<td class=\"text-right\">联合会审意见：</td>\n		<td></td>\n	</tr>\n	<tr>\n		<td class=\"text-right\">备注：</td>\n		<td></td>\n	</tr>\n	<tr>\n		<td class=\"text-right\">联合会审附件：</td>\n		<td></td>\n	</tr>\n	<tr>\n		<td class=\"text-right\">高拍仪拍照：</td>\n		<td></td>\n	</tr>\n	<tr>\n		<td class=\"text-right\">房屋照片管理：</td>\n		<td></td>\n	</tr>\n	<tr>\n		<td class=\"text-right\">家庭成员数：</td>\n		<td>2</td>\n	</tr>\n</table>\n<div style=\"overflow-x:auto;width: 100%;\">\n	<table class=\"table table-hover table-bordered autoTbale\">\n		<thead>\n			<tr>\n				<td>姓名</td>\n				<td>与户主关系</td>\n				<td>身份证件</td>\n				<td>性别</td>\n				<td>户口性质</td>\n				<td>出生日期</td>\n				<td>文化程度</td>\n				<td>在读情况</td>\n				<td>从事农业劳动时间</td>\n				<td>服兵役/劳改/劳教情况及时间起止段</td>\n				<td>联系电话</td>\n				<td>独生子女证件号</td>\n				<td>是否半边户</td>\n				<td>是否参加过社会保险</td>\n				<td>备注</td>\n			</tr>\n		</thead>\n		<tbody>\n			<tr>\n				<td>李桂恒</td>\n				<td>户主</td>\n				<td>430121194908188118</td>\n				<td></td>\n				<td>农村居民</td>\n				<td>1949/08/18</td>\n				<td></td>\n				<td></td>\n				<td></td>\n				<td></td>\n				<td></td>\n				<td></td>\n				<td>否</td>\n				<td>否</td>\n				<td></td>\n			</tr>\n			<tr>\n				<td>郭兰英</td>\n				<td>妻</td>\n				<td>430121194301027924</td>\n				<td></td>\n				<td>农村居民</td>\n				<td>1943/01/02</td>\n				<td></td>\n				<td></td>\n				<td></td>\n				<td></td>\n				<td></td>\n				<td></td>\n				<td>否</td>\n				<td>否</td>\n				<td></td>\n			</tr>\n		</tbody>\n	</table>\n</div>\n'),('82c8f9ab-004d-4645-b01a-794bd88ba11c','175.9.110.132','2016-04-26','社保管理','录入社保信息','录入社保信息',NULL,'12345','8502199d-390e-49e1-a37a-43b5677bc705','91b075a7-f6c3-4992-bb87-87a03464e93e','\n<table>\n	<tr>\n		<td class=\"text-right\">姓名：</td>\n		<td>马三友</td>\n	</tr>\n	<tr>\n		<td class=\"text-right\">身份证件号：</td>\n		<td>430121197111237924</td>\n	</tr>\n	<tr>\n		<td class=\"text-right\">性别：</td>\n		<td>女</td>\n	</tr>\n	<tr>\n		<td class=\"text-right\">出生日期：</td>\n		<td>1971/11/23</td>\n	</tr>\n	<tr>\n		<td class=\"text-right\">年龄段：</td>\n		<td>第二年龄段</td>\n	</tr>\n	<tr>\n		<td class=\"text-right\">纳入社保时间：</td>\n		<td>2013/12/31</td>\n	</tr>\n	<tr>\n		<td class=\"text-right\">所属社区：</td>\n		<td>安沙镇水塘垸社区</td>\n	</tr>\n	<tr>\n		<td class=\"text-right\">参加何种医疗保险：</td>\n		<td>城镇职工医疗保险</td>\n	</tr>\n	<tr>\n		<td class=\"text-right\">养老保险补缴年限：</td>\n		<td>0</td>\n	</tr>\n	<tr>\n		<td class=\"text-right\">医疗保险视同缴费月数：</td>\n		<td>0</td>\n	</tr>\n	<tr>\n		<td class=\"text-right\">服刑或劳动教养时间(月)：</td>\n		<td>0</td>\n	</tr>\n	<tr>\n		<td class=\"text-right\">军队服役时间(月)：</td>\n		<td>0</td>\n	</tr>\n</table>\n'),('8311afe3-a345-4c77-96f4-416d5bb18b01','125.70.79.71','2016-04-06','购房券制发','手工添加人员信息以及购房券信息','手工添加人员信息以及购房券信息',NULL,'admin','6b3dac14-8116-4aad-8643-c54821ebf93c','81e97469-2fd1-4b3c-b3ac-593e5bd1ec6c','\n<table>\n	<tr>\n		<td class=\"text-right\">户主姓名：</td>\n		<td>李寿双</td>\n	</tr>\n	<tr>\n		<td class=\"text-right\">户主身份证件：</td>\n		<td>430121193909118117</td>\n	</tr>\n	<tr>\n		<td class=\"text-right\">人员姓名：</td>\n		<td>12313</td>\n	</tr>\n	<tr>\n		<td class=\"text-right\">与户主关系：</td>\n		<td>其他-13123</td>\n	</tr>\n	<tr>\n		<td class=\"text-right\">身份证件：</td>\n		<td>12312321</td>\n	</tr>\n	<tr>\n		<td class=\"text-right\">性别：</td>\n		<td>女</td>\n	</tr>\n	<tr>\n		<td class=\"text-right\">户口性质：</td>\n		<td>农村居民</td>\n	</tr>\n	<tr>\n		<td class=\"text-right\">出生日期：</td>\n		<td>2016/04/05</td>\n	</tr>\n	<tr>\n		<td class=\"text-right\">文化程度：</td>\n		<td>12321</td>\n	</tr>\n	<tr>\n		<td class=\"text-right\">在读情况：</td>\n		<td>313123</td>\n	</tr>\n	<tr>\n		<td class=\"text-right\">从事农业劳动时间：</td>\n		<td>312312</td>\n	</tr>\n	<tr>\n		<td class=\"text-right\">服兵役/劳改/劳教情况及时间起止段：</td>\n		<td>3123123</td>\n	</tr>\n	<tr>\n		<td class=\"text-right\">联系电话：</td>\n		<td>13123</td>\n	</tr>\n	<tr>\n		<td class=\"text-right\">独生子女证件号：</td>\n		<td>123123</td>\n	</tr>\n	<tr>\n		<td class=\"text-right\">是否半边户：</td>\n		<td>是</td>\n	</tr>\n	<tr>\n		<td class=\"text-right\">是否参加过社会保险：</td>\n		<td>是</td>\n	</tr>\n	<tr>\n		<td class=\"text-right\">备注：</td>\n		<td>123123</td>\n	</tr>\n</table>\n'),('83bebe74-8b44-4814-8bcf-960deffe4151','182.148.57.207','2016-04-07','购房券制发','录入项目出资单位','录入项目出资单位',NULL,'admin','6b3dac14-8116-4aad-8643-c54821ebf93c','81e97469-2fd1-4b3c-b3ac-593e5bd1ec6c','\n<table>\n	<tr>\n		<td class=\"text-right\">项目审批号：</td>\n		<td>导入项目审批号A</td>\n	</tr>\n	<tr>\n		<td class=\"text-right\">项目名称：</td>\n		<td>导入项目名称A</td>\n	</tr>\n	<tr>\n		<td class=\"text-right\">项目分类：</td>\n		<td></td>\n	</tr>\n	<tr>\n		<td class=\"text-right\">项目地址：</td>\n		<td>导入项目地址A</td>\n	</tr>\n	<tr>\n		<td class=\"text-right\">项目类型：</td>\n		<td>其他</td>\n	</tr>\n	<tr>\n		<td class=\"text-right\">国土局出资单位名称：</td>\n		<td>国土局</td>\n	</tr>\n	<tr>\n		<td class=\"text-right\">其他出资单位名称：</td>\n		<td>非国土局</td>\n	</tr>\n</table>\n'),('844cd6da-b446-49b9-b332-a770336548c6','182.148.57.207','2016-04-07','拆迁户管理','手工添加人员信息','手工添加人员信息',NULL,'admin','be769d24-1b19-472a-9f68-fc82c800ad29','81e97469-2fd1-4b3c-b3ac-593e5bd1ec6c','\n<table>\n	<tr>\n		<td class=\"text-right\">户主姓名：</td>\n		<td></td>\n	</tr>\n	<tr>\n		<td class=\"text-right\">户主身份证件：</td>\n		<td></td>\n	</tr>\n	<tr>\n		<td class=\"text-right\">人员姓名：</td>\n		<td>123333333333333</td>\n	</tr>\n	<tr>\n		<td class=\"text-right\">与户主关系：</td>\n		<td>儿子</td>\n	</tr>\n	<tr>\n		<td class=\"text-right\">身份证件：</td>\n		<td>cdvdv</td>\n	</tr>\n	<tr>\n		<td class=\"text-right\">性别：</td>\n		<td>女</td>\n	</tr>\n	<tr>\n		<td class=\"text-right\">户口性质：</td>\n		<td>农村居民</td>\n	</tr>\n	<tr>\n		<td class=\"text-right\">出生日期：</td>\n		<td>2016/04/03</td>\n	</tr>\n	<tr>\n		<td class=\"text-right\">文化程度：</td>\n		<td></td>\n	</tr>\n	<tr>\n		<td class=\"text-right\">在读情况：</td>\n		<td></td>\n	</tr>\n	<tr>\n		<td class=\"text-right\">从事农业劳动时间：</td>\n		<td></td>\n	</tr>\n	<tr>\n		<td class=\"text-right\">服兵役/劳改/劳教情况及时间起止段：</td>\n		<td></td>\n	</tr>\n	<tr>\n		<td class=\"text-right\">联系电话：</td>\n		<td></td>\n	</tr>\n	<tr>\n		<td class=\"text-right\">独生子女证件号：</td>\n		<td></td>\n	</tr>\n	<tr>\n		<td class=\"text-right\">是否半边户：</td>\n		<td>否</td>\n	</tr>\n	<tr>\n		<td class=\"text-right\">是否参加过社会保险：</td>\n		<td>否</td>\n	</tr>\n	<tr>\n		<td class=\"text-right\">备注：</td>\n		<td></td>\n	</tr>\n</table>\n'),('87971e0c-dc76-4303-a051-20e8bb8bf5da','125.70.78.192','2016-03-23','项目管理','修改项目信息','修改项目信息',NULL,'admin','a538004f-b6b2-48e3-8fcb-8ba000a3019a','81e97469-2fd1-4b3c-b3ac-593e5bd1ec6c','\n<table>\n	<tr>\n		<td class=\"text-right\">项目审批号：</td>\n		<td>测试项目审批号</td>\n	</tr>\n	<tr>\n		<td class=\"text-right\">项目名称：</td>\n		<td>测试项目</td>\n	</tr>\n	<tr>\n		<td class=\"text-right\">项目分类：</td>\n		<td></td>\n	</tr>\n	<tr>\n		<td class=\"text-right\">项目地址：</td>\n		<td>高唐街道天河区,大阪街道雨花区,项目地址其他信息</td>\n	</tr>\n	<tr>\n		<td class=\"text-right\">项目类型：</td>\n		<td>其他</td>\n	</tr>\n	<tr>\n		<td class=\"text-right\">征地面积（亩）：</td>\n		<td>100</td>\n	</tr>\n	<tr>\n		<td class=\"text-right\">应拆栋数：</td>\n		<td>100</td>\n	</tr>\n	<tr>\n		<td class=\"text-right\">应拆户数：</td>\n		<td>100</td>\n	</tr>\n	<tr>\n		<td class=\"text-right\">应动迁人口：</td>\n		<td>100</td>\n	</tr>\n	<tr>\n		<td class=\"text-right\">应拆总面积（合法）（平方米）：</td>\n		<td>100</td>\n	</tr>\n	<tr>\n		<td class=\"text-right\">应拆总面积（违章）（平方米）：</td>\n		<td>100</td>\n	</tr>\n	<tr>\n		<td class=\"text-right\">项目应付补偿款（万元）：</td>\n		<td>100</td>\n	</tr>\n	<tr>\n		<td class=\"text-right\">六前项目：</td>\n		<td>是</td>\n	</tr>\n</table>\n'),('880b5239-7818-4ddf-9124-f09575035d43','125.70.79.216','2016-04-22','社保管理','录入社保信息','录入社保信息',NULL,'admin','8502199d-390e-49e1-a37a-43b5677bc705','81e97469-2fd1-4b3c-b3ac-593e5bd1ec6c','\n<table>\n	<tr>\n		<td class=\"text-right\">姓名：</td>\n		<td>刘清</td>\n	</tr>\n	<tr>\n		<td class=\"text-right\">身份证件号：</td>\n		<td>430121196912277913</td>\n	</tr>\n	<tr>\n		<td class=\"text-right\">性别：</td>\n		<td>男</td>\n	</tr>\n	<tr>\n		<td class=\"text-right\">出生日期：</td>\n		<td>1969/12/27</td>\n	</tr>\n	<tr>\n		<td class=\"text-right\">年龄段：</td>\n		<td>第二年龄段</td>\n	</tr>\n	<tr>\n		<td class=\"text-right\">纳入社保时间：</td>\n		<td>2016/04/22</td>\n	</tr>\n	<tr>\n		<td class=\"text-right\">所属社区：</td>\n		<td></td>\n	</tr>\n	<tr>\n		<td class=\"text-right\">参加何种医疗保险：</td>\n		<td></td>\n	</tr>\n	<tr>\n		<td class=\"text-right\">养老保险补缴年限：</td>\n		<td>0</td>\n	</tr>\n	<tr>\n		<td class=\"text-right\">医疗保险视同缴费月数：</td>\n		<td>0</td>\n	</tr>\n	<tr>\n		<td class=\"text-right\">服刑或劳动教养时间(月)：</td>\n		<td>0</td>\n	</tr>\n	<tr>\n		<td class=\"text-right\">军队服役时间(月)：</td>\n		<td>0</td>\n	</tr>\n</table>\n'),('8868f3f4-93b7-4325-9c5d-879f89bc265e','175.11.116.59','2016-03-30','拆迁户管理','导入拆迁户','导入拆迁户信息',NULL,'admin','be769d24-1b19-472a-9f68-fc82c800ad29','81e97469-2fd1-4b3c-b3ac-593e5bd1ec6c','\n<style type=\"text/css\">\n.autoTbale td,.autoTbale th {\n	white-space: nowrap;\n}\n</style>\n<table>\n	<tr>\n		<td class=\"text-right\">户主姓名：</td>\n		<td>杨建武</td>\n	</tr>\n	<tr>\n		<td class=\"text-right\">选择所属项目：</td>\n		<td>长沙黄花机场飞行区东扩工程</td>\n	</tr>\n	<tr>\n		<td class=\"text-right\">房屋合法面积（平方米）：</td>\n		<td>0</td>\n	</tr>\n	<tr>\n		<td class=\"text-right\">房屋违章面积（平方米）：</td>\n		<td>0</td>\n	</tr>\n	<tr>\n		<td class=\"text-right\">所属地址：</td>\n		<td>null-null-null</td>\n	</tr>\n	<tr>\n		<td class=\"text-right\">批证及其他情况说明：</td>\n		<td></td>\n	</tr>\n	<tr>\n		<td class=\"text-right\">拟定处理方案：</td>\n		<td></td>\n	</tr>\n	<tr>\n		<td class=\"text-right\">联合会审意见：</td>\n		<td></td>\n	</tr>\n	<tr>\n		<td class=\"text-right\">备注：</td>\n		<td></td>\n	</tr>\n	<tr>\n		<td class=\"text-right\">联合会审附件：</td>\n		<td></td>\n	</tr>\n	<tr>\n		<td class=\"text-right\">高拍仪拍照：</td>\n		<td></td>\n	</tr>\n	<tr>\n		<td class=\"text-right\">房屋照片管理：</td>\n		<td></td>\n	</tr>\n	<tr>\n		<td class=\"text-right\">家庭成员数：</td>\n		<td>1</td>\n	</tr>\n</table>\n<div style=\"overflow-x:auto;width: 100%;\">\n	<table class=\"table table-hover table-bordered autoTbale\">\n		<thead>\n			<tr>\n				<td>姓名</td>\n				<td>与户主关系</td>\n				<td>身份证件</td>\n				<td>性别</td>\n				<td>户口性质</td>\n				<td>出生日期</td>\n				<td>文化程度</td>\n				<td>在读情况</td>\n				<td>从事农业劳动时间</td>\n				<td>服兵役/劳改/劳教情况及时间起止段</td>\n				<td>联系电话</td>\n				<td>独生子女证件号</td>\n				<td>是否半边户</td>\n				<td>是否参加过社会保险</td>\n				<td>备注</td>\n			</tr>\n		</thead>\n		<tbody>\n			<tr>\n				<td>杨建武</td>\n				<td>户主</td>\n				<td>430121195110288114</td>\n				<td></td>\n				<td>农村居民</td>\n				<td>1951/10/28</td>\n				<td></td>\n				<td></td>\n				<td></td>\n				<td></td>\n				<td></td>\n				<td></td>\n				<td>否</td>\n				<td>否</td>\n				<td></td>\n			</tr>\n		</tbody>\n	</table>\n</div>\n'),('8ace33c7-3984-46f6-9558-b517cc134a7f','125.70.79.216','2016-04-22','项目管理','增加项目公告','增加项目公告',NULL,'admin','a538004f-b6b2-48e3-8fcb-8ba000a3019a','81e97469-2fd1-4b3c-b3ac-593e5bd1ec6c','\n<table>\n	<tr>\n		<td class=\"text-right\">所属项目名称：</td>\n		<td>测试项目</td>\n	</tr>\n	<tr>\n		<td class=\"text-right\">公告进度：</td>\n		<td>二公告</td>\n	</tr>\n	<tr>\n		<td class=\"text-right\">公告文号：</td>\n		<td>2</td>\n	</tr>\n	<tr>\n		<td class=\"text-right\">公告时间：</td>\n		<td>2016/04/22</td>\n	</tr>\n	<tr>\n		<td class=\"text-right\">公告批文：</td>\n		<td></td>\n	</tr>\n</table>\n'),('8acf12c6-dc89-4139-82da-fa41c923ec8f','125.70.79.71','2016-04-06','项目管理','手工添加项目信息','手工添加项目信息',NULL,'admin','a538004f-b6b2-48e3-8fcb-8ba000a3019a','81e97469-2fd1-4b3c-b3ac-593e5bd1ec6c','\n<table>\n	<tr>\n        <td class=\"text-right\">项目审批号：</td>\n        <td>152121</td>\n	</tr>\n	<tr>\n        <td class=\"text-right\">项目名称：</td>\n        <td>4111</td>\n	</tr>\n	<tr>\n        <td class=\"text-right\">项目分类：</td>\n        <td>非重点项目</td>\n	</tr>\n	<tr>\n        <td class=\"text-right\">项目地址：</td>\n        <td>11221</td>\n	</tr>\n	<tr>\n        <td class=\"text-right\">项目类型：</td>\n        <td>其他</td>\n	</tr>\n	<tr>\n        <td class=\"text-right\">征地面积（亩）：</td>\n        <td>12</td>\n	</tr>\n	<tr>\n        <td class=\"text-right\">应拆栋数：</td>\n        <td>12</td>\n	</tr>\n	<tr>\n        <td class=\"text-right\">应拆户数：</td>\n        <td>12</td>\n	</tr>\n	<tr>\n        <td class=\"text-right\">应动迁人口：</td>\n        <td>12</td>\n	</tr>\n	<tr>\n        <td class=\"text-right\">应拆总面积（合法）（平方米）：</td>\n        <td>12</td>\n	</tr>\n	<tr>\n        <td class=\"text-right\">应拆总面积（违章）（平方米）：</td>\n        <td>12</td>\n	</tr>\n	<tr>\n        <td class=\"text-right\">项目应付补偿款（万元）：</td>\n        <td>12</td>\n	</tr>\n	<tr>\n        <td class=\"text-right\">六前项目：</td>\n        <td>是</td>\n	</tr>\n</table>\n'),('8afe9ec8-be44-4a1a-ab70-c462d234d5be','182.148.57.207','2016-04-07','购房券使用与兑现','批量兑付购房券信息','批量兑付购房券信息',NULL,'admin','91dcf05a-a394-43f3-b789-2461b6956d4a','81e97469-2fd1-4b3c-b3ac-593e5bd1ec6c','\n<style type=\"text/css\">\n.autoTbale td,.autoTbale th {\n	white-space: nowrap;\n}\n</style>\n<div style=\"overflow-x:auto;width: 100%;\">\n	<table class=\"table table-hover table-bordered autoTbale\">\n		<thead>\n			<tr>\n				<td>姓名</td>\n				<td>身份证件</td>\n				<td>券号</td>\n				<td>补贴金额（万元）</td>\n				<td>制券时间</td>\n				<td>使用时间</td>\n				<td>使用类型</td>\n				<td>使用去向</td>\n				<td>情况说明</td>\n				<td>相关凭证</td>\n				<td>图片凭证</td>\n			</tr>\n		</thead>\n		<tbody>\n			<tr>\n				<td>导入人员B</td>\n				<td>111111155</td>\n				<td>1001</td>\n				<td>100</td>\n				<td>2016/04/07</td>\n				<td>2016/04/22</td>\n				<td>使用</td>\n				<td>1</td>\n				<td>2</td>\n				<td>1.jpg/uploadFile/evidence_files/1171e716-9879-4a75-ab0e-601434f80ace.jpg</td>\n				<td>uploadFile/evidence_files/22cf9f01-52eb-4cdb-9e2f-271c126afed7.jpg</td>\n			</tr>\n		</tbody>\n	</table>\n</div>\n'),('8b7fdb0d-6759-453f-900d-dfaa33fdf37f','125.70.179.235','2016-04-26','社保管理','导入社保信息','导入社保信息',NULL,'admin','8502199d-390e-49e1-a37a-43b5677bc705','81e97469-2fd1-4b3c-b3ac-593e5bd1ec6c','\n<style type=\"text/css\">\n.autoTbale td,.autoTbale th {\n	white-space: nowrap;\n}\n</style>\n<div style=\"overflow-x:auto;width: 100%;\">\n	<table class=\"table table-hover table-bordered autoTbale\">\n		<thead>\n			<tr>\n				<td>姓名</td>\n				<td>身份证件号</td>\n				<td>性别</td>\n				<td>出生日期</td>\n				<td>年龄段</td>\n				<td>从事农业生产时间</td>\n				<td>服刑或劳动教养时间(月)</td>\n				<td>军队服役时间(月)</td>\n				<td>养老保险补缴年限</td>\n				<td>医疗保险视同缴费月数</td>\n				<td>参加何种医疗保险</td>\n				<td>是否参加过社会保险</td>\n				<td>所属社区</td>\n				<td>联系电话</td>\n				<td>征地名称</td>\n			</tr>\n		</thead>\n		<tbody>\n		</tbody>\n	</table>\n</div>\n'),('8c35e794-e87b-4109-a24c-f1934e07e03a','118.112.58.104','2016-04-21','项目管理','增加项目公告','增加项目公告',NULL,'admin','a538004f-b6b2-48e3-8fcb-8ba000a3019a','81e97469-2fd1-4b3c-b3ac-593e5bd1ec6c','\n<table>\n	<tr>\n		<td class=\"text-right\">所属项目名称：</td>\n		<td>星沙联络线</td>\n	</tr>\n	<tr>\n		<td class=\"text-right\">公告进度：</td>\n		<td>二公告</td>\n	</tr>\n	<tr>\n		<td class=\"text-right\">公告文号：</td>\n		<td>2</td>\n	</tr>\n	<tr>\n		<td class=\"text-right\">公告时间：</td>\n		<td>2016/04/21</td>\n	</tr>\n	<tr>\n		<td class=\"text-right\">公告批文：</td>\n		<td></td>\n	</tr>\n</table>\n'),('8ebf90b9-39e0-45fd-b1e1-7ebb713b9dc4','182.148.57.207','2016-04-07','购房券使用与兑现','购房券的使用与兑现','购房券的使用与兑现',NULL,'admin','91dcf05a-a394-43f3-b789-2461b6956d4a','81e97469-2fd1-4b3c-b3ac-593e5bd1ec6c','\n<table>\n	<tr>\n		<td class=\"text-right\">姓名：</td>\n		<td>导入人员B</td>\n	</tr>\n	<tr>\n		<td class=\"text-right\">身份证件号：</td>\n		<td>111111155</td>\n	</tr>\n	<tr>\n		<td class=\"text-right\">券号：</td>\n		<td>10</td>\n	</tr>\n	<tr>\n		<td class=\"text-right\">补贴金额（万元）：</td>\n		<td>20</td>\n	</tr>\n	<tr>\n		<td class=\"text-right\">制券时间：</td>\n		<td>2016/04/07</td>\n	</tr>\n	<tr>\n		<td class=\"text-right\">使用时间：</td>\n		<td>2016/04/07</td>\n	</tr>\n	<tr>\n		<td class=\"text-right\">使用类型：</td>\n		<td>使用</td>\n	</tr>\n	<tr>\n		<td class=\"text-right\">使用去向：</td>\n		<td>123</td>\n	</tr>\n	<tr>\n		<td class=\"text-right\">情况说明：</td>\n		<td>333123</td>\n	</tr>\n	<tr>\n		<td class=\"text-right\">相关凭证：</td>\n		<td>1.jpg/uploadFile/evidence_files/c6f1a82b-18b5-4f97-ada8-e2a1c497f4be.jpg</td>\n	</tr>\n	<tr>\n		<td class=\"text-right\">图片凭证：</td>\n		<td>uploadFile/evidence_files/9bd1203a-447e-4b09-a50f-69ba4baa6ca2.jpg</td>\n	</tr>\n</table>\n'),('8ee8c00f-a499-409f-894a-7cbbbfd57644','125.70.79.71','2016-04-06','项目管理','修改项目信息','修改项目信息',NULL,'admin','a538004f-b6b2-48e3-8fcb-8ba000a3019a','81e97469-2fd1-4b3c-b3ac-593e5bd1ec6c','\n<table>\n	<tr>\n		<td class=\"text-right\">项目审批号：</td>\n		<td>测试好好</td>\n	</tr>\n	<tr>\n		<td class=\"text-right\">项目名称：</td>\n		<td>测试项目等等</td>\n	</tr>\n	<tr>\n		<td class=\"text-right\">项目分类：</td>\n		<td></td>\n	</tr>\n	<tr>\n		<td class=\"text-right\">项目地址：</td>\n		<td>地址地址</td>\n	</tr>\n	<tr>\n		<td class=\"text-right\">项目类型：</td>\n		<td>其他</td>\n	</tr>\n	<tr>\n		<td class=\"text-right\">征地面积（亩）：</td>\n		<td>100</td>\n	</tr>\n	<tr>\n		<td class=\"text-right\">应拆栋数：</td>\n		<td>100</td>\n	</tr>\n	<tr>\n		<td class=\"text-right\">应拆户数：</td>\n		<td>100</td>\n	</tr>\n	<tr>\n		<td class=\"text-right\">应动迁人口：</td>\n		<td>100</td>\n	</tr>\n	<tr>\n		<td class=\"text-right\">应拆总面积（合法）（平方米）：</td>\n		<td>100</td>\n	</tr>\n	<tr>\n		<td class=\"text-right\">应拆总面积（违章）（平方米）：</td>\n		<td>100</td>\n	</tr>\n	<tr>\n		<td class=\"text-right\">项目应付补偿款（万元）：</td>\n		<td>100</td>\n	</tr>\n	<tr>\n		<td class=\"text-right\">六前项目：</td>\n		<td>是</td>\n	</tr>\n</table>\n'),('903e36a7-08f2-4c8b-bc83-22e5e8b7545a','118.112.58.104','2016-04-21','项目管理','增加项目公告','增加项目公告',NULL,'admin','a538004f-b6b2-48e3-8fcb-8ba000a3019a','81e97469-2fd1-4b3c-b3ac-593e5bd1ec6c','\n<table>\n	<tr>\n		<td class=\"text-right\">所属项目名称：</td>\n		<td>星沙联络线</td>\n	</tr>\n	<tr>\n		<td class=\"text-right\">公告进度：</td>\n		<td>\n							一公告</td>\n	</tr>\n	<tr>\n		<td class=\"text-right\">公告文号：</td>\n		<td>1</td>\n	</tr>\n	<tr>\n		<td class=\"text-right\">公告时间：</td>\n		<td>2016/04/21</td>\n	</tr>\n	<tr>\n		<td class=\"text-right\">公告批文：</td>\n		<td></td>\n	</tr>\n</table>\n'),('9086c6a6-19a6-42be-8994-ae52399d251d','182.148.57.207','2016-04-07','拆迁户管理','手工添加人员信息','手工添加人员信息',NULL,'admin','be769d24-1b19-472a-9f68-fc82c800ad29','81e97469-2fd1-4b3c-b3ac-593e5bd1ec6c','\n<table>\n	<tr>\n		<td class=\"text-right\">户主姓名：</td>\n		<td></td>\n	</tr>\n	<tr>\n		<td class=\"text-right\">户主身份证件：</td>\n		<td></td>\n	</tr>\n	<tr>\n		<td class=\"text-right\">人员姓名：</td>\n		<td>后增人员A</td>\n	</tr>\n	<tr>\n		<td class=\"text-right\">与户主关系：</td>\n		<td>其他-其他A</td>\n	</tr>\n	<tr>\n		<td class=\"text-right\">身份证件：</td>\n		<td>515151</td>\n	</tr>\n	<tr>\n		<td class=\"text-right\">性别：</td>\n		<td>女</td>\n	</tr>\n	<tr>\n		<td class=\"text-right\">户口性质：</td>\n		<td>农村居民</td>\n	</tr>\n	<tr>\n		<td class=\"text-right\">出生日期：</td>\n		<td>2016/04/05</td>\n	</tr>\n	<tr>\n		<td class=\"text-right\">文化程度：</td>\n		<td>文化程度</td>\n	</tr>\n	<tr>\n		<td class=\"text-right\">在读情况：</td>\n		<td>在读情况</td>\n	</tr>\n	<tr>\n		<td class=\"text-right\">从事农业劳动时间：</td>\n		<td>从事农业劳动时间</td>\n	</tr>\n	<tr>\n		<td class=\"text-right\">服兵役/劳改/劳教情况及时间起止段：</td>\n		<td>服兵役/劳改/劳教情况及时间起止段</td>\n	</tr>\n	<tr>\n		<td class=\"text-right\">联系电话：</td>\n		<td>联系电话</td>\n	</tr>\n	<tr>\n		<td class=\"text-right\">独生子女证件号：</td>\n		<td></td>\n	</tr>\n	<tr>\n		<td class=\"text-right\">是否半边户：</td>\n		<td>否</td>\n	</tr>\n	<tr>\n		<td class=\"text-right\">是否参加过社会保险：</td>\n		<td>是</td>\n	</tr>\n	<tr>\n		<td class=\"text-right\">备注：</td>\n		<td>123</td>\n	</tr>\n</table>\n'),('928b9353-de3d-4648-825e-c352125975a6','182.148.57.207','2016-04-07','购房券制发','手工添加购房券信息','手工添加购房券信息',NULL,'admin','6b3dac14-8116-4aad-8643-c54821ebf93c','81e97469-2fd1-4b3c-b3ac-593e5bd1ec6c','\n<table>\n	<tr>\n		<td class=\"text-right\">姓名：</td>\n		<td>导入人员B</td>\n	</tr>\n	<tr>\n		<td class=\"text-right\">身份证件：</td>\n		<td>111111155</td>\n	</tr>\n	<tr>\n		<td class=\"text-right\">购房券金额（万元）：</td>\n		<td>100</td>\n	</tr>\n	<tr>\n		<td class=\"text-right\">购房券券号：</td>\n		<td>1001</td>\n	</tr>\n	<tr>\n		<td class=\"text-right\">制券时间：</td>\n		<td>2016/04/07</td>\n	</tr>\n</table>\n'),('930df30b-b501-4661-b0d2-1d1864267bfa','175.9.38.127','2016-04-21','项目管理','修改项目公告','修改项目公告',NULL,'12345','a538004f-b6b2-48e3-8fcb-8ba000a3019a','91b075a7-f6c3-4992-bb87-87a03464e93e','\n<table>\n	<tr>\n		<td class=\"text-right\">所属项目名称：</td>\n		<td>长沙县长沙师范学校第二校区建设项目（测试专用）</td>\n	</tr>\n	<tr>\n		<td class=\"text-right\">公告进度：</td>\n		<td>三公告</td>\n	</tr>\n	<tr>\n		<td class=\"text-right\">公告文号：</td>\n		<td>〔2013〕征字第45号66</td>\n	</tr>\n	<tr>\n		<td class=\"text-right\">公告时间：</td>\n		<td>2013/03/20</td>\n	</tr>\n	<tr>\n		<td class=\"text-right\">公告批文：</td>\n		<td></td>\n	</tr>\n</table>\n'),('95bf4425-1aba-461b-8e60-f2617d19a1c8','118.112.58.104','2016-04-21','社保管理','批量录入社保信息','批量录入社保信息',NULL,'admin','8502199d-390e-49e1-a37a-43b5677bc705','81e97469-2fd1-4b3c-b3ac-593e5bd1ec6c','\n<style type=\"text/css\">\n.autoTbale td,.autoTbale th {\n	white-space: nowrap;\n}\n</style>\n<div style=\"overflow-x:auto;width: 100%;\">\n<table class=\"table table-hover table-bordered autoTbale\">\n	<thead>\n		<tr>\n		    <td>姓名</td>\n		    <td>身份证件</td>\n		    <td>社保时间</td>\n		    <td>年龄段</td>\n		    <td>所属社区</td>\n		    <td>参加何种医疗保险</td>\n		    <td>养老保险补缴年限</td>\n		    <td>医疗保险视同缴费月数</td>\n		    <td>服刑或劳动教养时间(月)</td>\n		    <td>军队服役时间(月)</td>\n		</tr>\n	</thead>\n	<tbody>\n		<tr>\n		    <td>周子琴</td>\n		    <td>430121201110190123</td>\n		    <td></td>\n		    <td>2016/04/05</td>\n		    <td>第一年龄段</td>\n		    <td>1</td>\n		    <td>2</td>\n		    <td>3</td>\n		    <td>4</td>\n		    <td>5</td>\n		    <td>6</td>\n		</tr>\n	</tbody>\n</table>\n</div>\n'),('96c579f9-d185-41d1-9a6c-2282cd30d28b','118.112.56.76','2016-03-29','项目管理','手工添加项目信息','手工添加项目信息',NULL,'admin','a538004f-b6b2-48e3-8fcb-8ba000a3019a','81e97469-2fd1-4b3c-b3ac-593e5bd1ec6c','\n<table>\n	<tr>\n        <td class=\"text-right\">项目审批号：</td>\n        <td>123456</td>\n	</tr>\n	<tr>\n        <td class=\"text-right\">项目名称：</td>\n        <td>123154</td>\n	</tr>\n	<tr>\n        <td class=\"text-right\">项目分类：</td>\n        <td>非重点项目</td>\n	</tr>\n	<tr>\n        <td class=\"text-right\">项目地址：</td>\n        <td>高唐街道天河区,123</td>\n	</tr>\n	<tr>\n        <td class=\"text-right\">项目类型：</td>\n        <td>基础设施</td>\n	</tr>\n	<tr>\n        <td class=\"text-right\">征地面积（亩）：</td>\n        <td>23</td>\n	</tr>\n	<tr>\n        <td class=\"text-right\">应拆栋数：</td>\n        <td>23</td>\n	</tr>\n	<tr>\n        <td class=\"text-right\">应拆户数：</td>\n        <td>23</td>\n	</tr>\n	<tr>\n        <td class=\"text-right\">应动迁人口：</td>\n        <td>232</td>\n	</tr>\n	<tr>\n        <td class=\"text-right\">应拆总面积（合法）（平方米）：</td>\n        <td>323</td>\n	</tr>\n	<tr>\n        <td class=\"text-right\">应拆总面积（违章）（平方米）：</td>\n        <td>23</td>\n	</tr>\n	<tr>\n        <td class=\"text-right\">项目应付补偿款（万元）：</td>\n        <td>23</td>\n	</tr>\n	<tr>\n        <td class=\"text-right\">六前项目：</td>\n        <td>是</td>\n	</tr>\n</table>\n'),('9739c9b3-3a2f-4ad9-8632-fbc146e23aa9','216.158.82.135','2016-03-23','项目管理','修改项目信息','修改项目信息',NULL,'admin','a538004f-b6b2-48e3-8fcb-8ba000a3019a','81e97469-2fd1-4b3c-b3ac-593e5bd1ec6c','\n<table>\n	<tr>\n		<td class=\"text-right\">项目审批号：</td>\n		<td>审批号</td>\n	</tr>\n	<tr>\n		<td class=\"text-right\">项目名称：</td>\n		<td>项目名称1</td>\n	</tr>\n	<tr>\n		<td class=\"text-right\">项目分类：</td>\n		<td></td>\n	</tr>\n	<tr>\n		<td class=\"text-right\">项目地址：</td>\n		<td>地址</td>\n	</tr>\n	<tr>\n		<td class=\"text-right\">项目类型：</td>\n		<td>其他</td>\n	</tr>\n	<tr>\n		<td class=\"text-right\">征地面积（亩）：</td>\n		<td>100</td>\n	</tr>\n	<tr>\n		<td class=\"text-right\">应拆栋数：</td>\n		<td>100</td>\n	</tr>\n	<tr>\n		<td class=\"text-right\">应拆户数：</td>\n		<td>0</td>\n	</tr>\n	<tr>\n		<td class=\"text-right\">应动迁人口：</td>\n		<td>100</td>\n	</tr>\n	<tr>\n		<td class=\"text-right\">应拆总面积（合法）（平方米）：</td>\n		<td>100</td>\n	</tr>\n	<tr>\n		<td class=\"text-right\">应拆总面积（违章）（平方米）：</td>\n		<td>0</td>\n	</tr>\n	<tr>\n		<td class=\"text-right\">项目应付补偿款（万元）：</td>\n		<td>0</td>\n	</tr>\n	<tr>\n		<td class=\"text-right\">六前项目：</td>\n		<td>是</td>\n	</tr>\n</table>\n'),('97710f80-4b5b-4153-9a16-f0bec4ba2c48','182.148.57.207','2016-04-07','拆迁户管理','修改拆迁户户信息','修改拆迁户户信息',NULL,'admin','be769d24-1b19-472a-9f68-fc82c800ad29','81e97469-2fd1-4b3c-b3ac-593e5bd1ec6c','\n<table>\n	<tr>\n		<td class=\"text-right\">户主姓名：</td>\n		<td>李寿双</td>\n	</tr>\n	<tr>\n		<td class=\"text-right\">选择所属项目：</td>\n		<td>星沙联络线</td>\n	</tr>\n	<tr>\n		<td class=\"text-right\">房屋合法面积（平方米）：</td>\n		<td>0</td>\n	</tr>\n	<tr>\n		<td class=\"text-right\">房屋违章面积（平方米）：</td>\n		<td>0</td>\n	</tr>\n	<tr>\n		<td class=\"text-right\">所属地址：</td>\n		<td></td>\n	</tr>\n	<tr>\n		<td class=\"text-right\">批证及其他情况说明：</td>\n		<td></td>\n	</tr>\n	<tr>\n		<td class=\"text-right\">拟定处理方案：</td>\n		<td></td>\n	</tr>\n	<tr>\n		<td class=\"text-right\">联合会审意见：</td>\n		<td></td>\n	</tr>\n	<tr>\n		<td class=\"text-right\">备注：</td>\n		<td></td>\n	</tr>\n	<tr>\n		<td class=\"text-right\">联合会审附件：</td>\n		<td></td>\n	</tr>\n	<tr>\n		<td class=\"text-right\">高拍仪拍照：</td>\n		<td></td>\n	</tr>\n	<tr>\n		<td class=\"text-right\">房屋照片管理：</td>\n		<td></td>\n	</tr>\n	<tr>\n		<td class=\"text-right\">家庭成员数：</td>\n		<td>8</td>\n	</tr>\n</table>\n'),('99185b6b-56c2-4494-852b-dbdcf1db20f3','125.70.79.216','2016-04-22','项目管理','修改项目公告','修改项目公告',NULL,'admin','a538004f-b6b2-48e3-8fcb-8ba000a3019a','81e97469-2fd1-4b3c-b3ac-593e5bd1ec6c','\n<table>\n	<tr>\n		<td class=\"text-right\">所属项目名称：</td>\n		<td>湖南长沙农产品物流中心二期建设项目用地</td>\n	</tr>\n	<tr>\n		<td class=\"text-right\">公告进度：</td>\n		<td>二公告</td>\n	</tr>\n	<tr>\n		<td class=\"text-right\">公告文号：</td>\n		<td>二公告</td>\n	</tr>\n	<tr>\n		<td class=\"text-right\">公告时间：</td>\n		<td>2016/04/22</td>\n	</tr>\n	<tr>\n		<td class=\"text-right\">公告批文：</td>\n		<td></td>\n	</tr>\n</table>\n'),('99680102-b759-445e-ac08-129eaac48a93','175.8.6.104','2016-04-06','项目管理','录入项目月进度','录入项目月进度',NULL,'12345','a538004f-b6b2-48e3-8fcb-8ba000a3019a','91b075a7-f6c3-4992-bb87-87a03464e93e','\n<table>\n	<tr>\n		<td class=\"text-right\">所属项目名称：</td>\n		<td>长沙磁浮工程建设项目（测试）</td>\n	</tr>\n	<tr>\n		<td class=\"text-right\">选择录入的所属年/月：</td>\n		<td>2016/02/01</td>\n	</tr>\n	<tr>\n		<td class=\"text-right\">本月拆除栋数(合法)：</td>\n		<td>10</td>\n	</tr>\n	<tr>\n		<td class=\"text-right\">本月腾地数（亩）：</td>\n		<td>71</td>\n	</tr>\n	<tr>\n		<td class=\"text-right\">本月拆除面积（合法）（平方米）：</td>\n		<td>4381</td>\n	</tr>\n	<tr>\n		<td class=\"text-right\">本月动迁的人口：</td>\n		<td>53</td>\n	</tr>\n	<tr>\n		<td class=\"text-right\">本月下达期限腾地决定书：</td>\n		<td>0</td>\n	</tr>\n	<tr>\n		<td class=\"text-right\">本月申请法院执行数：</td>\n		<td>0</td>\n	</tr>\n	<tr>\n		<td class=\"text-right\">本月实施强制户数：</td>\n		<td>0</td>\n	</tr>\n	<tr>\n		<td class=\"text-right\">启动时间：</td>\n		<td></td>\n	</tr>\n	<tr>\n		<td class=\"text-right\">是否为本月完成结算项目：</td>\n		<td>否</td>\n	</tr>\n	<tr>\n		<td class=\"text-right\">备注：</td>\n		<td></td>\n	</tr>\n</table>\n'),('99bb2684-2d53-41cf-ada1-9e8e7ae847b5','118.112.58.104','2016-04-21','项目管理','增加项目公告','增加项目公告',NULL,'admin','a538004f-b6b2-48e3-8fcb-8ba000a3019a','81e97469-2fd1-4b3c-b3ac-593e5bd1ec6c','\n<table>\n	<tr>\n		<td class=\"text-right\">所属项目名称：</td>\n		<td>星沙联络线</td>\n	</tr>\n	<tr>\n		<td class=\"text-right\">公告进度：</td>\n		<td>三公告</td>\n	</tr>\n	<tr>\n		<td class=\"text-right\">公告文号：</td>\n		<td>3</td>\n	</tr>\n	<tr>\n		<td class=\"text-right\">公告时间：</td>\n		<td>2016/04/21</td>\n	</tr>\n	<tr>\n		<td class=\"text-right\">公告批文：</td>\n		<td></td>\n	</tr>\n</table>\n'),('9a2c6e1b-a502-4e45-b8cc-99ded36d0d05','125.70.78.192','2016-03-23','项目管理','修改项目信息','修改项目信息',NULL,'admin','a538004f-b6b2-48e3-8fcb-8ba000a3019a','81e97469-2fd1-4b3c-b3ac-593e5bd1ec6c','\n<table>\n	<tr>\n		<td class=\"text-right\">项目审批号：</td>\n		<td>测试项目审批号</td>\n	</tr>\n	<tr>\n		<td class=\"text-right\">项目名称：</td>\n		<td>测试项目</td>\n	</tr>\n	<tr>\n		<td class=\"text-right\">项目分类：</td>\n		<td></td>\n	</tr>\n	<tr>\n		<td class=\"text-right\">项目地址：</td>\n		<td>高唐街道天河区,大阪街道雨花区,项目地址其他信息</td>\n	</tr>\n	<tr>\n		<td class=\"text-right\">项目类型：</td>\n		<td>其他</td>\n	</tr>\n	<tr>\n		<td class=\"text-right\">征地面积（亩）：</td>\n		<td>100</td>\n	</tr>\n	<tr>\n		<td class=\"text-right\">应拆栋数：</td>\n		<td>100</td>\n	</tr>\n	<tr>\n		<td class=\"text-right\">应拆户数：</td>\n		<td>100</td>\n	</tr>\n	<tr>\n		<td class=\"text-right\">应动迁人口：</td>\n		<td>100</td>\n	</tr>\n	<tr>\n		<td class=\"text-right\">应拆总面积（合法）（平方米）：</td>\n		<td>100</td>\n	</tr>\n	<tr>\n		<td class=\"text-right\">应拆总面积（违章）（平方米）：</td>\n		<td>100</td>\n	</tr>\n	<tr>\n		<td class=\"text-right\">项目应付补偿款（万元）：</td>\n		<td>100</td>\n	</tr>\n	<tr>\n		<td class=\"text-right\">六前项目：</td>\n		<td>是</td>\n	</tr>\n</table>\n'),('9a6f6243-3bc6-48e6-adb8-f59dd0d1cbf2','125.70.179.235','2016-04-26','社保管理','导入社保信息','导入社保信息',NULL,'admin','8502199d-390e-49e1-a37a-43b5677bc705','81e97469-2fd1-4b3c-b3ac-593e5bd1ec6c','\n<style type=\"text/css\">\n.autoTbale td,.autoTbale th {\n	white-space: nowrap;\n}\n</style>\n<div style=\"overflow-x:auto;width: 100%;\">\n	<table class=\"table table-hover table-bordered autoTbale\">\n		<thead>\n			<tr>\n				<td>姓名</td>\n				<td>身份证件号</td>\n				<td>性别</td>\n				<td>出生日期</td>\n				<td>年龄段</td>\n				<td>从事农业生产时间</td>\n				<td>服刑或劳动教养时间(月)</td>\n				<td>军队服役时间(月)</td>\n				<td>养老保险补缴年限</td>\n				<td>医疗保险视同缴费月数</td>\n				<td>参加何种医疗保险</td>\n				<td>是否参加过社会保险</td>\n				<td>所属社区</td>\n				<td>联系电话</td>\n				<td>征地名称</td>\n			</tr>\n		</thead>\n		<tbody>\n		</tbody>\n	</table>\n</div>\n'),('9b435114-6014-4f79-ae38-c0981817ba76','175.8.61.167','2016-04-06','拆迁户管理','手工添加拆迁户','手工添加拆迁户',NULL,'12345','be769d24-1b19-472a-9f68-fc82c800ad29','91b075a7-f6c3-4992-bb87-87a03464e93e','\n<style type=\"text/css\">\n.autoTbale td,.autoTbale th {\n	white-space: nowrap;\n}\n</style>\n<table>\n	<tr>\n		<td class=\"text-right\">户主姓名：</td>\n		<td>黄大明</td>\n	</tr>\n	<tr>\n		<td class=\"text-right\">选择所属项目：</td>\n		<td>长沙磁浮工程建设项目（测试）</td>\n	</tr>\n	<tr>\n		<td class=\"text-right\">房屋合法面积（平方米）：</td>\n		<td>370</td>\n	</tr>\n	<tr>\n		<td class=\"text-right\">房屋违章面积（平方米）：</td>\n		<td></td>\n	</tr>\n	<tr>\n		<td class=\"text-right\">所属地址：</td>\n		<td>高唐街道天河区天河1组</td>\n	</tr>\n	<tr>\n		<td class=\"text-right\">批证及其他情况说明：</td>\n		<td></td>\n	</tr>\n	<tr>\n		<td class=\"text-right\">拟定处理方案：</td>\n		<td></td>\n	</tr>\n	<tr>\n		<td class=\"text-right\">联合会审意见：</td>\n		<td></td>\n	</tr>\n	<tr>\n		<td class=\"text-right\">备注：</td>\n		<td></td>\n	</tr>\n	<tr>\n		<td class=\"text-right\">联合会审附件：</td>\n		<td></td>\n	</tr>\n	<tr>\n		<td class=\"text-right\">高拍仪拍照：</td>\n		<td></td>\n	</tr>\n	<tr>\n		<td class=\"text-right\">房屋照片管理：</td>\n		<td></td>\n	</tr>\n	<tr>\n		<td class=\"text-right\">家庭成员数：</td>\n		<td>5</td>\n	</tr>\n</table>\n<div style=\"overflow-x:auto;width: 100%;\">\n	<table class=\"table table-hover table-bordered autoTbale\">\n		<thead>\n			<tr>\n				<td>姓名</td>\n				<td>与户主关系</td>\n				<td>身份证件</td>\n				<td>性别</td>\n				<td>户口性质</td>\n				<td>出生日期</td>\n				<td>文化程度</td>\n				<td>在读情况</td>\n				<td>从事农业劳动时间</td>\n				<td>服兵役/劳改/劳教情况及时间起止段</td>\n				<td>联系电话</td>\n				<td>独生子女证件号</td>\n				<td>是否半边户</td>\n				<td>是否参加过社会保险</td>\n				<td>备注</td>\n			</tr>\n		</thead>\n		<tbody>\n			<tr>\n				<td>黄大明</td>\n				<td>户主</td>\n				<td>430121193902150915</td>\n				<td>男</td>\n				<td>农村居民</td>\n				<td>1939/02/15</td>\n				<td></td>\n				<td></td>\n				<td></td>\n				<td></td>\n				<td></td>\n				<td></td>\n				<td>否</td>\n				<td>否</td>\n				<td>测试</td>\n			</tr>\n			<tr>\n				<td>王秀球</td>\n				<td>妻子</td>\n				<td>430121194511140925</td>\n				<td>女</td>\n				<td>农村居民</td>\n				<td>1945/11/14</td>\n				<td></td>\n				<td></td>\n				<td></td>\n				<td></td>\n				<td></td>\n				<td></td>\n				<td>否</td>\n				<td>否</td>\n				<td>测试</td>\n			</tr>\n			<tr>\n				<td>黄建兵</td>\n				<td>儿子</td>\n				<td>43012119730426091x</td>\n				<td>男</td>\n				<td>农村居民</td>\n				<td>1973/04/26</td>\n				<td></td>\n				<td></td>\n				<td></td>\n				<td></td>\n				<td></td>\n				<td></td>\n				<td>否</td>\n				<td>否</td>\n				<td>测试</td>\n			</tr>\n			<tr>\n				<td>方桂君</td>\n				<td>其他-儿媳</td>\n				<td>430121197308100921</td>\n				<td>女</td>\n				<td>农村居民</td>\n				<td>1973/08/10</td>\n				<td></td>\n				<td></td>\n				<td></td>\n				<td></td>\n				<td></td>\n				<td></td>\n				<td>否</td>\n				<td>否</td>\n				<td>测试</td>\n			</tr>\n			<tr>\n				<td>黄权</td>\n				<td>其他-孙子</td>\n				<td>430121199703291018</td>\n				<td>男</td>\n				<td>农村居民</td>\n				<td>1997/03/29</td>\n				<td></td>\n				<td></td>\n				<td></td>\n				<td></td>\n				<td></td>\n				<td>19970329</td>\n				<td>否</td>\n				<td>否</td>\n				<td>测试</td>\n			</tr>\n		</tbody>\n	</table>\n</div>\n'),('9bc80a53-e2a9-4158-b0d9-33e5815f4d83','125.70.79.216','2016-04-22','项目管理','修改项目公告','修改项目公告',NULL,'admin','a538004f-b6b2-48e3-8fcb-8ba000a3019a','81e97469-2fd1-4b3c-b3ac-593e5bd1ec6c','\n<table>\n	<tr>\n		<td class=\"text-right\">所属项目名称：</td>\n		<td>湖南长沙农产品物流中心二期建设项目用地</td>\n	</tr>\n	<tr>\n		<td class=\"text-right\">公告进度：</td>\n		<td>\n							一公告</td>\n	</tr>\n	<tr>\n		<td class=\"text-right\">公告文号：</td>\n		<td>一公告123</td>\n	</tr>\n	<tr>\n		<td class=\"text-right\">公告时间：</td>\n		<td>2016/04/22</td>\n	</tr>\n	<tr>\n		<td class=\"text-right\">公告批文：</td>\n		<td></td>\n	</tr>\n</table>\n'),('9c5f31f8-f6b4-4fa3-b392-515c2ec6f77c','175.8.61.167','2016-04-06','拆迁户管理','手工添加拆迁户','手工添加拆迁户',NULL,'12345','be769d24-1b19-472a-9f68-fc82c800ad29','91b075a7-f6c3-4992-bb87-87a03464e93e','\n<style type=\"text/css\">\n.autoTbale td,.autoTbale th {\n	white-space: nowrap;\n}\n</style>\n<table>\n	<tr>\n		<td class=\"text-right\">户主姓名：</td>\n		<td>苏建兵</td>\n	</tr>\n	<tr>\n		<td class=\"text-right\">选择所属项目：</td>\n		<td>长沙磁浮工程建设项目（测试）</td>\n	</tr>\n	<tr>\n		<td class=\"text-right\">房屋合法面积（平方米）：</td>\n		<td></td>\n	</tr>\n	<tr>\n		<td class=\"text-right\">房屋违章面积（平方米）：</td>\n		<td></td>\n	</tr>\n	<tr>\n		<td class=\"text-right\">所属地址：</td>\n		<td>高唐街道天河区天河1组</td>\n	</tr>\n	<tr>\n		<td class=\"text-right\">批证及其他情况说明：</td>\n		<td></td>\n	</tr>\n	<tr>\n		<td class=\"text-right\">拟定处理方案：</td>\n		<td></td>\n	</tr>\n	<tr>\n		<td class=\"text-right\">联合会审意见：</td>\n		<td></td>\n	</tr>\n	<tr>\n		<td class=\"text-right\">备注：</td>\n		<td></td>\n	</tr>\n	<tr>\n		<td class=\"text-right\">联合会审附件：</td>\n		<td></td>\n	</tr>\n	<tr>\n		<td class=\"text-right\">高拍仪拍照：</td>\n		<td></td>\n	</tr>\n	<tr>\n		<td class=\"text-right\">房屋照片管理：</td>\n		<td></td>\n	</tr>\n	<tr>\n		<td class=\"text-right\">家庭成员数：</td>\n		<td>4</td>\n	</tr>\n</table>\n<div style=\"overflow-x:auto;width: 100%;\">\n	<table class=\"table table-hover table-bordered autoTbale\">\n		<thead>\n			<tr>\n				<td>姓名</td>\n				<td>与户主关系</td>\n				<td>身份证件</td>\n				<td>性别</td>\n				<td>户口性质</td>\n				<td>出生日期</td>\n				<td>文化程度</td>\n				<td>在读情况</td>\n				<td>从事农业劳动时间</td>\n				<td>服兵役/劳改/劳教情况及时间起止段</td>\n				<td>联系电话</td>\n				<td>独生子女证件号</td>\n				<td>是否半边户</td>\n				<td>是否参加过社会保险</td>\n				<td>备注</td>\n			</tr>\n		</thead>\n		<tbody>\n			<tr>\n				<td>苏建兵</td>\n				<td>户主</td>\n				<td>430121195610110910</td>\n				<td>男</td>\n				<td>农村居民</td>\n				<td>1956/10/11</td>\n				<td></td>\n				<td></td>\n				<td></td>\n				<td></td>\n				<td></td>\n				<td></td>\n				<td>否</td>\n				<td>否</td>\n				<td>测试</td>\n			</tr>\n			<tr>\n				<td>苏照</td>\n				<td>儿子</td>\n				<td>430121198605191019</td>\n				<td>男</td>\n				<td>农村居民</td>\n				<td>1986/05/19</td>\n				<td></td>\n				<td></td>\n				<td></td>\n				<td></td>\n				<td></td>\n				<td></td>\n				<td>否</td>\n				<td>否</td>\n				<td>测试</td>\n			</tr>\n			<tr>\n				<td>黄莎</td>\n				<td>其他-儿媳</td>\n				<td>43012119860522102x</td>\n				<td>女</td>\n				<td>农村居民</td>\n				<td>2016/04/06</td>\n				<td></td>\n				<td></td>\n				<td></td>\n				<td></td>\n				<td></td>\n				<td></td>\n				<td>否</td>\n				<td>否</td>\n				<td>测试</td>\n			</tr>\n			<tr>\n				<td>苏笑笑</td>\n				<td>其他-孙女</td>\n				<td>430121201412140121</td>\n				<td>女</td>\n				<td>农村居民</td>\n				<td>2014/12/14</td>\n				<td></td>\n				<td></td>\n				<td></td>\n				<td></td>\n				<td></td>\n				<td>20141214</td>\n				<td>否</td>\n				<td>否</td>\n				<td>测试</td>\n			</tr>\n		</tbody>\n	</table>\n</div>\n'),('9c65178e-fd43-4a4e-8de9-71cfcf5356c6','125.70.76.222','2016-03-18','购房券制发','手工添加人员信息以及购房券信息','手工添加人员信息以及购房券信息',NULL,'admin','6b3dac14-8116-4aad-8643-c54821ebf93c','81e97469-2fd1-4b3c-b3ac-593e5bd1ec6c','\n<table>\n	<tr>\n		<td class=\"text-right\">户主姓名：</td>\n		<td>小明</td>\n	</tr>\n	<tr>\n		<td class=\"text-right\">户主身份证：</td>\n		<td>123025541</td>\n	</tr>\n	<tr>\n		<td class=\"text-right\">人员姓名：</td>\n		<td>小东</td>\n	</tr>\n	<tr>\n		<td class=\"text-right\">与户主关系：</td>\n		<td>儿子</td>\n	</tr>\n	<tr>\n		<td class=\"text-right\">身份证：</td>\n		<td>55112</td>\n	</tr>\n	<tr>\n		<td class=\"text-right\">性别：</td>\n		<td>女</td>\n	</tr>\n	<tr>\n		<td class=\"text-right\">户口性质：</td>\n		<td>农村居民</td>\n	</tr>\n	<tr>\n		<td class=\"text-right\">出生日期：</td>\n		<td>2016/03/10</td>\n	</tr>\n	<tr>\n		<td class=\"text-right\">文化程度：</td>\n		<td></td>\n	</tr>\n	<tr>\n		<td class=\"text-right\">在读情况：</td>\n		<td></td>\n	</tr>\n	<tr>\n		<td class=\"text-right\">从事农业劳动时间：</td>\n		<td></td>\n	</tr>\n	<tr>\n		<td class=\"text-right\">服兵役/劳改/劳教情况及时间起止段：</td>\n		<td></td>\n	</tr>\n	<tr>\n		<td class=\"text-right\">联系电话：</td>\n		<td></td>\n	</tr>\n	<tr>\n		<td class=\"text-right\">独生子女证件号：</td>\n		<td></td>\n	</tr>\n	<tr>\n		<td class=\"text-right\">是否半边户：</td>\n		<td>否</td>\n	</tr>\n	<tr>\n		<td class=\"text-right\">是否参加过社会保险：</td>\n		<td>否</td>\n	</tr>\n	<tr>\n		<td class=\"text-right\">备注：</td>\n		<td></td>\n	</tr>\n</table>\n'),('9d316a82-f593-4cad-b0ec-e79ad89d12db','125.70.179.235','2016-04-26','社保管理','导入社保信息','导入社保信息',NULL,'admin','8502199d-390e-49e1-a37a-43b5677bc705','81e97469-2fd1-4b3c-b3ac-593e5bd1ec6c','\n<style type=\"text/css\">\n.autoTbale td,.autoTbale th {\n	white-space: nowrap;\n}\n</style>\n<div style=\"overflow-x:auto;width: 100%;\">\n	<table class=\"table table-hover table-bordered autoTbale\">\n		<thead>\n			<tr>\n				<td>姓名</td>\n				<td>身份证件号</td>\n				<td>性别</td>\n				<td>出生日期</td>\n				<td>年龄段</td>\n				<td>从事农业生产时间</td>\n				<td>服刑或劳动教养时间(月)</td>\n				<td>军队服役时间(月)</td>\n				<td>养老保险补缴年限</td>\n				<td>医疗保险视同缴费月数</td>\n				<td>参加何种医疗保险</td>\n				<td>是否参加过社会保险</td>\n				<td>所属社区</td>\n				<td>联系电话</td>\n				<td>征地名称</td>\n			</tr>\n		</thead>\n		<tbody>\n		</tbody>\n	</table>\n</div>\n'),('9e0ff414-121d-4747-a863-0764fea0aa0a','182.148.57.207','2016-04-07','社保管理','导入社保信息','导入社保信息',NULL,'admin','8502199d-390e-49e1-a37a-43b5677bc705','81e97469-2fd1-4b3c-b3ac-593e5bd1ec6c','\n<style type=\"text/css\">\n.autoTbale td,.autoTbale th {\n	white-space: nowrap;\n}\n</style>\n<div style=\"overflow-x:auto;width: 100%;\">\n	<table class=\"table table-hover table-bordered autoTbale\">\n		<thead>\n			<tr>\n				<td>姓名</td>\n				<td>身份证件号</td>\n				<td>性别</td>\n				<td>出生日期</td>\n				<td>年龄段</td>\n				<td>从事农业生产时间</td>\n				<td>服刑或劳动教养时间(月)</td>\n				<td>军队服役时间(月)</td>\n				<td>养老保险补缴年限</td>\n				<td>医疗保险视同缴费月数</td>\n				<td>参加何种医疗保险</td>\n				<td>是否参加过社会保险</td>\n				<td>所属社区</td>\n				<td>联系电话</td>\n				<td>待遇标准</td>\n				<td>征地名称</td>\n			</tr>\n		</thead>\n		<tbody>\n			<tr>\n				<td></td>\n				<td>111111155</td>\n				<td>男</td>\n				<td>33970</td>\n				<td>第一年龄段</td>\n				<td>20年</td>\n				<td>1</td>\n				<td>2</td>\n				<td>3</td>\n				<td>4</td>\n				<td>5</td>\n				<td>是</td>\n				<td>社区1</td>\n				<td>51515</td>\n				<td>一次性生活补助</td>\n				<td>名称</td>\n			</tr>\n		</tbody>\n	</table>\n</div>\n'),('9e67f5ae-7c30-4f62-a064-08f395745fb3','125.70.179.235','2016-04-26','社保管理','导入社保信息','导入社保信息',NULL,'admin','8502199d-390e-49e1-a37a-43b5677bc705','81e97469-2fd1-4b3c-b3ac-593e5bd1ec6c','\n<style type=\"text/css\">\n.autoTbale td,.autoTbale th {\n	white-space: nowrap;\n}\n</style>\n<div style=\"overflow-x:auto;width: 100%;\">\n	<table class=\"table table-hover table-bordered autoTbale\">\n		<thead>\n			<tr>\n				<td>姓名</td>\n				<td>身份证件号</td>\n				<td>性别</td>\n				<td>出生日期</td>\n				<td>年龄段</td>\n				<td>从事农业生产时间</td>\n				<td>服刑或劳动教养时间(月)</td>\n				<td>军队服役时间(月)</td>\n				<td>养老保险补缴年限</td>\n				<td>医疗保险视同缴费月数</td>\n				<td>参加何种医疗保险</td>\n				<td>是否参加过社会保险</td>\n				<td>所属社区</td>\n				<td>联系电话</td>\n				<td>征地名称</td>\n			</tr>\n		</thead>\n		<tbody>\n		</tbody>\n	</table>\n</div>\n'),('9f090d03-4060-4325-85cc-8d296944f6e8','110.184.69.21','2016-04-09','档案文件管理','编辑档案文件','编辑档案文件',NULL,'12345','9349a42d-2b03-4370-8b77-04a39f2caa5d','91b075a7-f6c3-4992-bb87-87a03464e93e','\n<table>\n	<tr>\n		<td class=\"text-right\">档案文件标题：</td>\n		<td>ddd</td>\n	</tr>\n	<tr>\n		<td class=\"text-right\">档案文件类型：</td>\n		<td>征地补偿办法</td>\n	</tr>\n	<tr>\n		<td class=\"text-right\">高拍仪拍照：</td>\n		<td></td>\n	</tr>\n	<tr>\n		<td class=\"text-right\">附件：</td>\n		<td></td>\n	</tr>\n	<tr>\n		<td class=\"text-right\">内容：</td>\n		<td><p><span style=\"font-weight: bold;\">ddd<span style=\"background-color: yellow;\">烦烦烦</span></span></p></td>\n	</tr>\n</table>\n'),('9fcd47b8-ec53-45f6-a4bc-cbb73056188d','175.8.61.167','2016-04-06','拆迁户管理','手工添加拆迁户','手工添加拆迁户',NULL,'12345','be769d24-1b19-472a-9f68-fc82c800ad29','91b075a7-f6c3-4992-bb87-87a03464e93e','\n<style type=\"text/css\">\n.autoTbale td,.autoTbale th {\n	white-space: nowrap;\n}\n</style>\n<table>\n	<tr>\n		<td class=\"text-right\">户主姓名：</td>\n		<td>周友能</td>\n	</tr>\n	<tr>\n		<td class=\"text-right\">选择所属项目：</td>\n		<td>长沙国际会展中心（测试）</td>\n	</tr>\n	<tr>\n		<td class=\"text-right\">房屋合法面积（平方米）：</td>\n		<td>420</td>\n	</tr>\n	<tr>\n		<td class=\"text-right\">房屋违章面积（平方米）：</td>\n		<td></td>\n	</tr>\n	<tr>\n		<td class=\"text-right\">所属地址：</td>\n		<td>高唐街道天河区天河1组</td>\n	</tr>\n	<tr>\n		<td class=\"text-right\">批证及其他情况说明：</td>\n		<td></td>\n	</tr>\n	<tr>\n		<td class=\"text-right\">拟定处理方案：</td>\n		<td></td>\n	</tr>\n	<tr>\n		<td class=\"text-right\">联合会审意见：</td>\n		<td></td>\n	</tr>\n	<tr>\n		<td class=\"text-right\">备注：</td>\n		<td></td>\n	</tr>\n	<tr>\n		<td class=\"text-right\">联合会审附件：</td>\n		<td></td>\n	</tr>\n	<tr>\n		<td class=\"text-right\">高拍仪拍照：</td>\n		<td></td>\n	</tr>\n	<tr>\n		<td class=\"text-right\">房屋照片管理：</td>\n		<td></td>\n	</tr>\n	<tr>\n		<td class=\"text-right\">家庭成员数：</td>\n		<td>6</td>\n	</tr>\n</table>\n<div style=\"overflow-x:auto;width: 100%;\">\n	<table class=\"table table-hover table-bordered autoTbale\">\n		<thead>\n			<tr>\n				<td>姓名</td>\n				<td>与户主关系</td>\n				<td>身份证件</td>\n				<td>性别</td>\n				<td>户口性质</td>\n				<td>出生日期</td>\n				<td>文化程度</td>\n				<td>在读情况</td>\n				<td>从事农业劳动时间</td>\n				<td>服兵役/劳改/劳教情况及时间起止段</td>\n				<td>联系电话</td>\n				<td>独生子女证件号</td>\n				<td>是否半边户</td>\n				<td>是否参加过社会保险</td>\n				<td>备注</td>\n			</tr>\n		</thead>\n		<tbody>\n			<tr>\n				<td>周友能</td>\n				<td>户主</td>\n				<td>430121194905130930</td>\n				<td>男</td>\n				<td>农村居民</td>\n				<td>1949/05/13</td>\n				<td></td>\n				<td></td>\n				<td></td>\n				<td></td>\n				<td></td>\n				<td></td>\n				<td>否</td>\n				<td>否</td>\n				<td>测试</td>\n			</tr>\n			<tr>\n				<td>盛建</td>\n				<td>妻子</td>\n				<td>430111195201085029</td>\n				<td>女</td>\n				<td>农村居民</td>\n				<td>1952/01/08</td>\n				<td></td>\n				<td></td>\n				<td></td>\n				<td></td>\n				<td></td>\n				<td></td>\n				<td>否</td>\n				<td>否</td>\n				<td>测试</td>\n			</tr>\n			<tr>\n				<td>周文虎</td>\n				<td>儿子</td>\n				<td>430121197611030938</td>\n				<td>男</td>\n				<td>农村居民</td>\n				<td>1976/11/03</td>\n				<td></td>\n				<td></td>\n				<td></td>\n				<td></td>\n				<td></td>\n				<td></td>\n				<td>否</td>\n				<td>否</td>\n				<td>测试</td>\n			</tr>\n			<tr>\n				<td>李柳</td>\n				<td>其他-儿媳</td>\n				<td>430111198205185020</td>\n				<td>女</td>\n				<td>农村居民</td>\n				<td>1982/05/18</td>\n				<td></td>\n				<td></td>\n				<td></td>\n				<td></td>\n				<td></td>\n				<td></td>\n				<td>否</td>\n				<td>否</td>\n				<td>测试</td>\n			</tr>\n			<tr>\n				<td>周子怡</td>\n				<td>其他-孙女</td>\n				<td>430111200309265041</td>\n				<td>女</td>\n				<td>农村居民</td>\n				<td>2003/09/26</td>\n				<td></td>\n				<td></td>\n				<td></td>\n				<td></td>\n				<td></td>\n				<td></td>\n				<td>否</td>\n				<td>否</td>\n				<td>测试</td>\n			</tr>\n			<tr>\n				<td>周子琴</td>\n				<td>其他-孙女</td>\n				<td>430121201110190123</td>\n				<td>女</td>\n				<td>农村居民</td>\n				<td>2011/10/19</td>\n				<td></td>\n				<td></td>\n				<td></td>\n				<td></td>\n				<td></td>\n				<td></td>\n				<td>否</td>\n				<td>否</td>\n				<td>测试</td>\n			</tr>\n		</tbody>\n	</table>\n</div>\n'),('a048a771-c229-4021-bd7d-88033d687289','125.70.179.235','2016-04-26','社保管理','导入社保信息','导入社保信息',NULL,'admin','8502199d-390e-49e1-a37a-43b5677bc705','81e97469-2fd1-4b3c-b3ac-593e5bd1ec6c','\n<style type=\"text/css\">\n.autoTbale td,.autoTbale th {\n	white-space: nowrap;\n}\n</style>\n<div style=\"overflow-x:auto;width: 100%;\">\n	<table class=\"table table-hover table-bordered autoTbale\">\n		<thead>\n			<tr>\n				<td>姓名</td>\n				<td>身份证件号</td>\n				<td>性别</td>\n				<td>出生日期</td>\n				<td>年龄段</td>\n				<td>从事农业生产时间</td>\n				<td>服刑或劳动教养时间(月)</td>\n				<td>军队服役时间(月)</td>\n				<td>养老保险补缴年限</td>\n				<td>医疗保险视同缴费月数</td>\n				<td>参加何种医疗保险</td>\n				<td>是否参加过社会保险</td>\n				<td>所属社区</td>\n				<td>联系电话</td>\n				<td>征地名称</td>\n			</tr>\n		</thead>\n		<tbody>\n		</tbody>\n	</table>\n</div>\n'),('a2812fea-c902-4c72-86ee-74b6353b0166','182.148.57.207','2016-04-07','拆迁户管理','修改拆迁户户信息','修改拆迁户户信息',NULL,'admin','be769d24-1b19-472a-9f68-fc82c800ad29','81e97469-2fd1-4b3c-b3ac-593e5bd1ec6c','\n<table>\n	<tr>\n		<td class=\"text-right\">户主姓名：</td>\n		<td>李寿双</td>\n	</tr>\n	<tr>\n		<td class=\"text-right\">选择所属项目：</td>\n		<td>星沙联络线</td>\n	</tr>\n	<tr>\n		<td class=\"text-right\">房屋合法面积（平方米）：</td>\n		<td>0</td>\n	</tr>\n	<tr>\n		<td class=\"text-right\">房屋违章面积（平方米）：</td>\n		<td>0</td>\n	</tr>\n	<tr>\n		<td class=\"text-right\">所属地址：</td>\n		<td>123</td>\n	</tr>\n	<tr>\n		<td class=\"text-right\">批证及其他情况说明：</td>\n		<td></td>\n	</tr>\n	<tr>\n		<td class=\"text-right\">拟定处理方案：</td>\n		<td></td>\n	</tr>\n	<tr>\n		<td class=\"text-right\">联合会审意见：</td>\n		<td></td>\n	</tr>\n	<tr>\n		<td class=\"text-right\">备注：</td>\n		<td></td>\n	</tr>\n	<tr>\n		<td class=\"text-right\">联合会审附件：</td>\n		<td></td>\n	</tr>\n	<tr>\n		<td class=\"text-right\">高拍仪拍照：</td>\n		<td></td>\n	</tr>\n	<tr>\n		<td class=\"text-right\">房屋照片管理：</td>\n		<td></td>\n	</tr>\n	<tr>\n		<td class=\"text-right\">家庭成员数：</td>\n		<td>8</td>\n	</tr>\n</table>\n'),('a29ccce6-25ea-46f1-84bc-ff973bd34f98','175.9.110.132','2016-04-26','购房券使用与兑现','批量兑付购房券信息','批量兑付购房券信息',NULL,'12345','91dcf05a-a394-43f3-b789-2461b6956d4a','91b075a7-f6c3-4992-bb87-87a03464e93e','\n<style type=\"text/css\">\n.autoTbale td,.autoTbale th {\n	white-space: nowrap;\n}\n</style>\n<div style=\"overflow-x:auto;width: 100%;\">\n	<table class=\"table table-hover table-bordered autoTbale\">\n		<thead>\n			<tr>\n				<td>姓名</td>\n				<td>身份证件</td>\n				<td>券号</td>\n				<td>补贴金额（万元）</td>\n				<td>制券时间</td>\n				<td>使用时间</td>\n				<td>使用类型</td>\n				<td>使用去向</td>\n				<td>情况说明</td>\n				<td>相关凭证</td>\n				<td>图片凭证</td>\n			</tr>\n		</thead>\n		<tbody>\n			<tr>\n				<td>冯嘉昕</td>\n				<td>430121199606217318</td>\n				<td>13002188</td>\n				<td>25300</td>\n				<td>2016/04/26</td>\n				<td>2016/04/01</td>\n				<td>使用</td>\n				<td></td>\n				<td></td>\n				<td></td>\n				<td></td>\n			</tr>\n			<tr>\n				<td>曹寿珍</td>\n				<td>430121194404217923</td>\n				<td>13006034</td>\n				<td>152800</td>\n				<td>2016/04/26</td>\n				<td>2016/04/01</td>\n				<td>使用</td>\n				<td></td>\n				<td></td>\n				<td></td>\n				<td></td>\n			</tr>\n			<tr>\n				<td>李树元</td>\n				<td>430121194410077920</td>\n				<td>13002186</td>\n				<td>152800</td>\n				<td>2016/04/26</td>\n				<td>2016/04/01</td>\n				<td>使用</td>\n				<td></td>\n				<td></td>\n				<td></td>\n				<td></td>\n			</tr>\n			<tr>\n				<td>马国强</td>\n				<td>43012119400808791x</td>\n				<td>13002185</td>\n				<td>152800</td>\n				<td>2016/04/26</td>\n				<td>2016/04/01</td>\n				<td>使用</td>\n				<td></td>\n				<td></td>\n				<td></td>\n				<td></td>\n			</tr>\n			<tr>\n				<td>马振兴</td>\n				<td>430121193508017534</td>\n				<td>13006035</td>\n				<td>25300</td>\n				<td>2016/04/26</td>\n				<td>2016/04/01</td>\n				<td>使用</td>\n				<td></td>\n				<td></td>\n				<td></td>\n				<td></td>\n			</tr>\n			<tr>\n				<td>马三友</td>\n				<td>430121197111237924</td>\n				<td>13002189</td>\n				<td>152800</td>\n				<td>2016/04/26</td>\n				<td>2016/04/01</td>\n				<td>使用</td>\n				<td></td>\n				<td></td>\n				<td></td>\n				<td></td>\n			</tr>\n			<tr>\n				<td>冯嘉昕</td>\n				<td>430121199606217318</td>\n				<td>13002187</td>\n				<td>152800</td>\n				<td>2016/04/26</td>\n				<td>2016/04/01</td>\n				<td>使用</td>\n				<td></td>\n				<td></td>\n				<td></td>\n				<td></td>\n			</tr>\n		</tbody>\n	</table>\n</div>\n'),('a31643c8-34db-4c1f-9a22-8ce3f8f9e556','125.70.79.216','2016-04-22','项目管理','修改项目公告','修改项目公告',NULL,'admin','a538004f-b6b2-48e3-8fcb-8ba000a3019a','81e97469-2fd1-4b3c-b3ac-593e5bd1ec6c','\n<table>\n	<tr>\n		<td class=\"text-right\">所属项目名称：</td>\n		<td>测试项目</td>\n	</tr>\n	<tr>\n		<td class=\"text-right\">公告进度：</td>\n		<td>二公告</td>\n	</tr>\n	<tr>\n		<td class=\"text-right\">公告文号：</td>\n		<td>二公告</td>\n	</tr>\n	<tr>\n		<td class=\"text-right\">公告时间：</td>\n		<td>2016/04/22</td>\n	</tr>\n	<tr>\n		<td class=\"text-right\">公告批文：</td>\n		<td></td>\n	</tr>\n</table>\n'),('a332f487-64bb-4a65-b4e4-c7d5942daef6','175.9.110.132','2016-04-26','购房券制发','导入购房券信息','导入购房券信息',NULL,'12345','6b3dac14-8116-4aad-8643-c54821ebf93c','91b075a7-f6c3-4992-bb87-87a03464e93e','\n<style type=\"text/css\">\n.autoTbale td,.autoTbale th {\n	white-space: nowrap;\n}\n</style>\n<div style=\"overflow-x:auto;width: 100%;\">\n	<table class=\"table table-hover table-bordered autoTbale\">\n		<thead>\n			<tr>\n				<td>征拆项目</td>\n				<td>姓名</td>\n				<td>与户主关系</td>\n				<td>身份证件</td>\n				<td>人口</td>\n				<td>票据号</td>\n				<td>补贴金额</td>\n			</tr>\n		</thead>\n		<tbody>\n			<tr>\n				<td>万家丽北路安沙联络线建设项目 （安沙物流大道）</td>\n				<td>马三友</td>\n				<td>女</td>\n				<td>430121197111237924</td>\n				<td>1</td>\n				<td>13002189</td>\n				<td>152800</td>\n			</tr>\n			<tr>\n				<td>万家丽北路安沙联络线建设项目 （安沙物流大道）</td>\n				<td>李树元</td>\n				<td>妻</td>\n				<td>430121194410077920</td>\n				<td>1</td>\n				<td>13002186</td>\n				<td>152800</td>\n			</tr>\n			<tr>\n				<td>万家丽北路安沙联络线建设项目 （安沙物流大道）</td>\n				<td>马国强</td>\n				<td>户主</td>\n				<td>43012119400808791x</td>\n				<td>1</td>\n				<td>13002185</td>\n				<td>152800</td>\n			</tr>\n			<tr>\n				<td>万家丽北路安沙联络线建设项目 （安沙物流大道）</td>\n				<td>马振兴</td>\n				<td>夫</td>\n				<td>430121193508017534</td>\n				<td>1</td>\n				<td>13006035</td>\n				<td>25300</td>\n			</tr>\n			<tr>\n				<td>万家丽北路安沙联络线建设项目 （安沙物流大道）</td>\n				<td>曹寿珍</td>\n				<td>户主</td>\n				<td>430121194404217923</td>\n				<td>1</td>\n				<td>13006034</td>\n				<td>152800</td>\n			</tr>\n		</tbody>\n	</table>\n</div>\n'),('a74401a4-0bfc-4208-8d04-f9c06193c514','182.148.57.27','2016-03-31','信访管理','添加信访信息','添加信访信息',NULL,'12345','e746da4a-c40f-409b-9130-270e372efb04','91b075a7-f6c3-4992-bb87-87a03464e93e','\n<table>\n	<tr>\n		<td class=\"text-right\">上访者姓名：</td>\n		<td>搜素</td>\n	</tr>\n	<tr>\n		<td class=\"text-right\">上访者电话：</td>\n		<td>123132131</td>\n	</tr>\n	<tr>\n		<td class=\"text-right\">上访者的住址：</td>\n		<td>address</td>\n	</tr>\n	<tr>\n		<td class=\"text-right\">选择上访项目：</td>\n		<td>会展酒店</td>\n	</tr>\n	<tr>\n		<td class=\"text-right\">上访时间：</td>\n		<td>2016/03/31</td>\n	</tr>\n	<tr>\n		<td class=\"text-right\">信访途径：</td>\n		<td>tel</td>\n	</tr>\n	<tr>\n		<td class=\"text-right\">上访者的其他信息：</td>\n		<td>上访者的其他信息</td>\n	</tr>\n	<tr>\n		<td class=\"text-right\">上访凭证：</td>\n		<td></td>\n	</tr>\n	<tr>\n		<td class=\"text-right\">相关资料：</td>\n		<td></td>\n	</tr>\n	<tr>\n		<td class=\"text-right\">处理意见：</td>\n		<td>上访者的其他信息</td>\n	</tr>\n</table>\n'),('a95c13e1-21d2-4b8d-b252-605bfe663e85','110.184.69.21','2016-04-09','信访管理','修改信访信息','修改信访信息',NULL,'12345','e746da4a-c40f-409b-9130-270e372efb04','91b075a7-f6c3-4992-bb87-87a03464e93e','\n<table>\n	<tr>\n		<td class=\"text-right\">上访者姓名：</td>\n		<td>接警后</td>\n	</tr>\n	<tr>\n		<td class=\"text-right\">上访者电话：</td>\n		<td>18181818181</td>\n	</tr>\n	<tr>\n		<td class=\"text-right\">上访者的住址：</td>\n		<td>address</td>\n	</tr>\n	<tr>\n		<td class=\"text-right\">选择上访项目：</td>\n		<td>测试项目2</td>\n	</tr>\n	<tr>\n		<td class=\"text-right\">上访时间：</td>\n		<td>2016/03/29</td>\n	</tr>\n	<tr>\n		<td class=\"text-right\">信访途径：</td>\n		<td>tel</td>\n	</tr>\n	<tr>\n		<td class=\"text-right\">上访者的其他信息：</td>\n		<td>上访者的其他信息</td>\n	</tr>\n	<tr>\n		<td class=\"text-right\">上访凭证：</td>\n		<td></td>\n	</tr>\n	<tr>\n		<td class=\"text-right\">相关资料：</td>\n		<td></td>\n	</tr>\n	<tr>\n		<td class=\"text-right\">处理意见：</td>\n		<td>处理意见7</td>\n	</tr>\n</table>\n'),('a995e9cd-381f-473d-9888-c99f99cbf66a','118.112.58.61','2016-04-20','已迁户信息管理','编辑已拆迁户','编辑已拆迁户',NULL,'admin','bac2388a-3e8c-494f-8525-62c2a3370229','81e97469-2fd1-4b3c-b3ac-593e5bd1ec6c','\n<table>\n	<tr>\n		<td class=\"text-right\">迁户人姓名：</td>\n		<td>姓名A</td>\n	</tr>\n	<tr>\n		<td class=\"text-right\">迁户人身份证：</td>\n		<td>身份证</td>\n	</tr>\n	<tr>\n		<td class=\"text-right\">出生日期：</td>\n		<td>2016/04/14</td>\n	</tr>\n	<tr>\n		<td class=\"text-right\">拆迁日期：</td>\n		<td>2016/04/07</td>\n	</tr>\n	<tr>\n		<td class=\"text-right\">迁户人地址：</td>\n		<td>cccc</td>\n	</tr>\n	<tr>\n		<td class=\"text-right\">适用政策：</td>\n		<td>政策</td>\n	</tr>\n</table>\n'),('a9b8a09d-0d5c-4a51-a614-776d44ac05e5','125.70.79.216','2016-04-22','项目管理','录入项目月进度','录入项目月进度',NULL,'admin','a538004f-b6b2-48e3-8fcb-8ba000a3019a','81e97469-2fd1-4b3c-b3ac-593e5bd1ec6c','\n<table>\n	<tr>\n		<td class=\"text-right\">所属项目名称：</td>\n		<td>测试项目</td>\n	</tr>\n	<tr>\n		<td class=\"text-right\">选择录入的所属年/月：</td>\n		<td>2016/04/01</td>\n	</tr>\n	<tr>\n		<td class=\"text-right\">本月拆除栋数(合法)：</td>\n		<td>1</td>\n	</tr>\n	<tr>\n		<td class=\"text-right\">本月腾地数（亩）：</td>\n		<td>1.00</td>\n	</tr>\n	<tr>\n		<td class=\"text-right\">本月拆除面积（合法）（平方米）：</td>\n		<td>1</td>\n	</tr>\n	<tr>\n		<td class=\"text-right\">本月动迁的人口：</td>\n		<td>1</td>\n	</tr>\n	<tr>\n		<td class=\"text-right\">本月下达期限腾地决定书：</td>\n		<td>1</td>\n	</tr>\n	<tr>\n		<td class=\"text-right\">本月申请法院执行数：</td>\n		<td>1</td>\n	</tr>\n	<tr>\n		<td class=\"text-right\">本月实施强制户数：</td>\n		<td>1</td>\n	</tr>\n	<tr>\n		<td class=\"text-right\">启动时间：</td>\n		<td>2016/04/22</td>\n	</tr>\n	<tr>\n		<td class=\"text-right\">是否为本月完成结算项目：</td>\n		<td>是</td>\n	</tr>\n	<tr>\n		<td class=\"text-right\">备注：</td>\n		<td>23</td>\n	</tr>\n</table>\n'),('ab8fff02-1c95-4fc0-ab62-246ca8419b25','175.9.111.33','2016-04-20','拆迁户管理','手工添加人员信息','手工添加人员信息',NULL,'12345','be769d24-1b19-472a-9f68-fc82c800ad29','91b075a7-f6c3-4992-bb87-87a03464e93e','\n<table>\n	<tr>\n		<td class=\"text-right\">户主姓名：</td>\n		<td></td>\n	</tr>\n	<tr>\n		<td class=\"text-right\">户主身份证件：</td>\n		<td></td>\n	</tr>\n	<tr>\n		<td class=\"text-right\">人员姓名：</td>\n		<td>孙海涛</td>\n	</tr>\n	<tr>\n		<td class=\"text-right\">与户主关系：</td>\n		<td>丈夫</td>\n	</tr>\n	<tr>\n		<td class=\"text-right\">身份证件：</td>\n		<td>430121194608089716</td>\n	</tr>\n	<tr>\n		<td class=\"text-right\">性别：</td>\n		<td>男</td>\n	</tr>\n	<tr>\n		<td class=\"text-right\">户口性质：</td>\n		<td>城镇居民</td>\n	</tr>\n	<tr>\n		<td class=\"text-right\">出生日期：</td>\n		<td>1946/08/08</td>\n	</tr>\n	<tr>\n		<td class=\"text-right\">文化程度：</td>\n		<td></td>\n	</tr>\n	<tr>\n		<td class=\"text-right\">在读情况：</td>\n		<td></td>\n	</tr>\n	<tr>\n		<td class=\"text-right\">从事农业劳动时间：</td>\n		<td></td>\n	</tr>\n	<tr>\n		<td class=\"text-right\">服兵役/劳改/劳教情况及时间起止段：</td>\n		<td></td>\n	</tr>\n	<tr>\n		<td class=\"text-right\">联系电话：</td>\n		<td></td>\n	</tr>\n	<tr>\n		<td class=\"text-right\">独生子女证件号：</td>\n		<td></td>\n	</tr>\n	<tr>\n		<td class=\"text-right\">是否半边户：</td>\n		<td>是</td>\n	</tr>\n	<tr>\n		<td class=\"text-right\">是否参加过社会保险：</td>\n		<td>否</td>\n	</tr>\n	<tr>\n		<td class=\"text-right\">备注：</td>\n		<td></td>\n	</tr>\n</table>\n'),('abf3f880-188d-4042-afc7-51c34f3c65a2','125.70.79.71','2016-04-06','项目管理','修改项目公告','修改项目公告',NULL,'admin','a538004f-b6b2-48e3-8fcb-8ba000a3019a','81e97469-2fd1-4b3c-b3ac-593e5bd1ec6c','\n<table>\n	<tr>\n		<td class=\"text-right\">所属项目名称：</td>\n		<td>测试项目</td>\n	</tr>\n	<tr>\n		<td class=\"text-right\">公告进度：</td>\n		<td>三公告</td>\n	</tr>\n	<tr>\n		<td class=\"text-right\">公告文号：</td>\n		<td>3332</td>\n	</tr>\n	<tr>\n		<td class=\"text-right\">公告时间：</td>\n		<td>2016/03/29</td>\n	</tr>\n	<tr>\n		<td class=\"text-right\">公告批文：</td>\n		<td></td>\n	</tr>\n</table>\n'),('ac235cb9-de51-48e1-a4f5-1bdec7ef7d80','117.172.25.168','2016-04-04','购房券制发','手工添加人员信息','手工添加人员信息',NULL,'admin','6b3dac14-8116-4aad-8643-c54821ebf93c','81e97469-2fd1-4b3c-b3ac-593e5bd1ec6c','\n<table>\n	<tr>\n		<td class=\"text-right\">户主姓名：</td>\n		<td>李寿双</td>\n	</tr>\n	<tr>\n		<td class=\"text-right\">户主身份证件：</td>\n		<td>430121193909118117</td>\n	</tr>\n	<tr>\n		<td class=\"text-right\">人员姓名：</td>\n		<td>测试独生子女</td>\n	</tr>\n	<tr>\n		<td class=\"text-right\">与户主关系：</td>\n		<td>女儿</td>\n	</tr>\n	<tr>\n		<td class=\"text-right\">身份证件：</td>\n		<td>110108199905220036</td>\n	</tr>\n	<tr>\n		<td class=\"text-right\">性别：</td>\n		<td>女</td>\n	</tr>\n	<tr>\n		<td class=\"text-right\">户口性质：</td>\n		<td>农村居民</td>\n	</tr>\n	<tr>\n		<td class=\"text-right\">出生日期：</td>\n		<td>1999/05/22</td>\n	</tr>\n	<tr>\n		<td class=\"text-right\">文化程度：</td>\n		<td></td>\n	</tr>\n	<tr>\n		<td class=\"text-right\">在读情况：</td>\n		<td></td>\n	</tr>\n	<tr>\n		<td class=\"text-right\">从事农业劳动时间：</td>\n		<td></td>\n	</tr>\n	<tr>\n		<td class=\"text-right\">服兵役/劳改/劳教情况及时间起止段：</td>\n		<td></td>\n	</tr>\n	<tr>\n		<td class=\"text-right\">联系电话：</td>\n		<td></td>\n	</tr>\n	<tr>\n		<td class=\"text-right\">独生子女证件号：</td>\n		<td>123456789</td>\n	</tr>\n	<tr>\n		<td class=\"text-right\">是否半边户：</td>\n		<td>是</td>\n	</tr>\n	<tr>\n		<td class=\"text-right\">是否参加过社会保险：</td>\n		<td>否</td>\n	</tr>\n	<tr>\n		<td class=\"text-right\">备注：</td>\n		<td></td>\n	</tr>\n</table>\n'),('ac384f28-1ef9-44c6-8400-cedd2d7833d9','182.138.201.91','2016-03-29','购房券制发','手工添加人员信息','手工添加人员信息',NULL,'admin','6b3dac14-8116-4aad-8643-c54821ebf93c','81e97469-2fd1-4b3c-b3ac-593e5bd1ec6c','\n<table>\n	<tr>\n		<td class=\"text-right\">户主姓名：</td>\n		<td>小明</td>\n	</tr>\n	<tr>\n		<td class=\"text-right\">户主身份证件：</td>\n		<td>123025541</td>\n	</tr>\n	<tr>\n		<td class=\"text-right\">人员姓名：</td>\n		<td>测试余</td>\n	</tr>\n	<tr>\n		<td class=\"text-right\">与户主关系：</td>\n		<td>其他</td>\n	</tr>\n	<tr>\n		<td class=\"text-right\">身份证件：</td>\n		<td>110108197505220038</td>\n	</tr>\n	<tr>\n		<td class=\"text-right\">性别：</td>\n		<td>男</td>\n	</tr>\n	<tr>\n		<td class=\"text-right\">户口性质：</td>\n		<td>城镇居民</td>\n	</tr>\n	<tr>\n		<td class=\"text-right\">出生日期：</td>\n		<td>1975/05/22</td>\n	</tr>\n	<tr>\n		<td class=\"text-right\">文化程度：</td>\n		<td></td>\n	</tr>\n	<tr>\n		<td class=\"text-right\">在读情况：</td>\n		<td></td>\n	</tr>\n	<tr>\n		<td class=\"text-right\">从事农业劳动时间：</td>\n		<td></td>\n	</tr>\n	<tr>\n		<td class=\"text-right\">服兵役/劳改/劳教情况及时间起止段：</td>\n		<td></td>\n	</tr>\n	<tr>\n		<td class=\"text-right\">联系电话：</td>\n		<td></td>\n	</tr>\n	<tr>\n		<td class=\"text-right\">独生子女证件号：</td>\n		<td></td>\n	</tr>\n	<tr>\n		<td class=\"text-right\">是否半边户：</td>\n		<td>否</td>\n	</tr>\n	<tr>\n		<td class=\"text-right\">是否参加过社会保险：</td>\n		<td>否</td>\n	</tr>\n	<tr>\n		<td class=\"text-right\">备注：</td>\n		<td></td>\n	</tr>\n</table>\n'),('ac8a009c-1472-42e4-95cb-f5f5cf08614b','175.9.111.33','2016-04-20','社保管理','批量录入社保信息','批量录入社保信息',NULL,'12345','8502199d-390e-49e1-a37a-43b5677bc705','91b075a7-f6c3-4992-bb87-87a03464e93e','\n<style type=\"text/css\">\n.autoTbale td,.autoTbale th {\n	white-space: nowrap;\n}\n</style>\n<div style=\"overflow-x:auto;width: 100%;\">\n<table class=\"table table-hover table-bordered autoTbale\">\n	<thead>\n		<tr>\n		    <td>姓名</td>\n		    <td>身份证件</td>\n		    <td>待遇标准</td>\n		    <td>社保时间</td>\n		    <td>年龄段</td>\n		    <td>所属社区</td>\n		    <td>参加何种医疗保险</td>\n		    <td>养老保险补缴年限</td>\n		    <td>医疗保险视同缴费月数</td>\n		    <td>服刑或劳动教养时间(月)</td>\n		    <td>军队服役时间(月)</td>\n		</tr>\n	</thead>\n	<tbody>\n		<tr>\n		    <td>黄建兵</td>\n		    <td>43012119730426091x</td>\n		    <td>一次性生活补助</td>\n		    <td>2016/04/20</td>\n		    <td>第二年龄段</td>\n		    <td></td>\n		    <td></td>\n		    <td>0</td>\n		    <td>0</td>\n		    <td>0</td>\n		    <td>0</td>\n		</tr>\n		<tr>\n		    <td>易红胜</td>\n		    <td>430121198104231051</td>\n		    <td>一次性生活补助</td>\n		    <td>2016/04/20</td>\n		    <td>第二年龄段</td>\n		    <td></td>\n		    <td></td>\n		    <td>0</td>\n		    <td>0</td>\n		    <td>0</td>\n		    <td>0</td>\n		</tr>\n		<tr>\n		    <td>黄莎</td>\n		    <td>43012119860522102x</td>\n		    <td>一次性生活补助</td>\n		    <td>2016/04/20</td>\n		    <td>第一年龄段</td>\n		    <td></td>\n		    <td></td>\n		    <td>0</td>\n		    <td>0</td>\n		    <td>0</td>\n		    <td>0</td>\n		</tr>\n		<tr>\n		    <td>杜应海</td>\n		    <td>430121195001201737</td>\n		    <td>一次性生活补助</td>\n		    <td>2016/04/20</td>\n		    <td>第三年龄段</td>\n		    <td></td>\n		    <td></td>\n		    <td>0</td>\n		    <td>0</td>\n		    <td>0</td>\n		    <td>0</td>\n		</tr>\n		<tr>\n		    <td>黄权</td>\n		    <td>430121199703291018</td>\n		    <td>一次性生活补助</td>\n		    <td>2016/04/20</td>\n		    <td>第一年龄段</td>\n		    <td></td>\n		    <td></td>\n		    <td>0</td>\n		    <td>0</td>\n		    <td>0</td>\n		    <td>0</td>\n		</tr>\n		<tr>\n		    <td>罗德良</td>\n		    <td>430121195208071749</td>\n		    <td>一次性生活补助</td>\n		    <td>2016/04/20</td>\n		    <td>第三年龄段</td>\n		    <td></td>\n		    <td></td>\n		    <td>0</td>\n		    <td>0</td>\n		    <td>0</td>\n		    <td>0</td>\n		</tr>\n		<tr>\n		    <td>易应华</td>\n		    <td>430121195109190910</td>\n		    <td>一次性生活补助</td>\n		    <td>2016/04/20</td>\n		    <td>第三年龄段</td>\n		    <td></td>\n		    <td></td>\n		    <td>0</td>\n		    <td>0</td>\n		    <td>0</td>\n		    <td>0</td>\n		</tr>\n		<tr>\n		    <td>黄大明</td>\n		    <td>430121193902150915</td>\n		    <td>一次性生活补助</td>\n		    <td>2016/04/20</td>\n		    <td>第三年龄段</td>\n		    <td></td>\n		    <td></td>\n		    <td>0</td>\n		    <td>0</td>\n		    <td>0</td>\n		    <td>0</td>\n		</tr>\n		<tr>\n		    <td>王秀球</td>\n		    <td>430121194511140925</td>\n		    <td>一次性生活补助</td>\n		    <td>2016/04/20</td>\n		    <td>第三年龄段</td>\n		    <td></td>\n		    <td></td>\n		    <td>0</td>\n		    <td>0</td>\n		    <td>0</td>\n		    <td>0</td>\n		</tr>\n		<tr>\n		    <td>杜钰莹</td>\n		    <td>43012120000106182x</td>\n		    <td>一次性生活补助</td>\n		    <td>2016/04/20</td>\n		    <td>第一年龄段</td>\n		    <td></td>\n		    <td></td>\n		    <td>0</td>\n		    <td>0</td>\n		    <td>0</td>\n		    <td>0</td>\n		</tr>\n		<tr>\n		    <td>张语林</td>\n		    <td>430181198201020041</td>\n		    <td>一次性生活补助</td>\n		    <td>2016/04/20</td>\n		    <td>第二年龄段</td>\n		    <td></td>\n		    <td></td>\n		    <td>0</td>\n		    <td>0</td>\n		    <td>0</td>\n		    <td>0</td>\n		</tr>\n		<tr>\n		    <td>杜钰杰</td>\n		    <td>430121200409291813</td>\n		    <td>一次性生活补助</td>\n		    <td>2016/04/20</td>\n		    <td>第一年龄段</td>\n		    <td></td>\n		    <td></td>\n		    <td>0</td>\n		    <td>0</td>\n		    <td>0</td>\n		    <td>0</td>\n		</tr>\n		<tr>\n		    <td>柳文俊</td>\n		    <td>430121199012042012</td>\n		    <td>一次性生活补助</td>\n		    <td>2016/04/20</td>\n		    <td>第一年龄段</td>\n		    <td></td>\n		    <td></td>\n		    <td>0</td>\n		    <td>0</td>\n		    <td>0</td>\n		    <td>0</td>\n		</tr>\n		<tr>\n		    <td>苏照</td>\n		    <td>430121198605191019</td>\n		    <td>一次性生活补助</td>\n		    <td>2016/04/20</td>\n		    <td>第一年龄段</td>\n		    <td></td>\n		    <td></td>\n		    <td>0</td>\n		    <td>0</td>\n		    <td>0</td>\n		    <td>0</td>\n		</tr>\n		<tr>\n		    <td>苏艳辉</td>\n		    <td>43012119540618092x</td>\n		    <td>一次性生活补助</td>\n		    <td>2016/04/20</td>\n		    <td>第三年龄段</td>\n		    <td></td>\n		    <td></td>\n		    <td>0</td>\n		    <td>0</td>\n		    <td>0</td>\n		    <td>0</td>\n		</tr>\n		<tr>\n		    <td>杜军</td>\n		    <td>430121197210181794</td>\n		    <td>一次性生活补助</td>\n		    <td>2016/04/20</td>\n		    <td>第二年龄段</td>\n		    <td></td>\n		    <td></td>\n		    <td>0</td>\n		    <td>0</td>\n		    <td>0</td>\n		    <td>0</td>\n		</tr>\n		<tr>\n		    <td>方桂君</td>\n		    <td>430121197308100921</td>\n		    <td>一次性生活补助</td>\n		    <td>2016/04/20</td>\n		    <td>第二年龄段</td>\n		    <td></td>\n		    <td></td>\n		    <td>0</td>\n		    <td>0</td>\n		    <td>0</td>\n		    <td>0</td>\n		</tr>\n		<tr>\n		    <td>苏笑笑</td>\n		    <td>430121201412140121</td>\n		    <td>一次性生活补助</td>\n		    <td>2016/04/20</td>\n		    <td>第一年龄段</td>\n		    <td></td>\n		    <td></td>\n		    <td>0</td>\n		    <td>0</td>\n		    <td>0</td>\n		    <td>0</td>\n		</tr>\n		<tr>\n		    <td>易茁然</td>\n		    <td>430121200909180263</td>\n		    <td>一次性生活补助</td>\n		    <td>2016/04/20</td>\n		    <td>第一年龄段</td>\n		    <td></td>\n		    <td></td>\n		    <td>0</td>\n		    <td>0</td>\n		    <td>0</td>\n		    <td>0</td>\n		</tr>\n		<tr>\n		    <td>苏建兵</td>\n		    <td>430121195610110910</td>\n		    <td>一次性生活补助</td>\n		    <td>2016/04/20</td>\n		    <td>第三年龄段</td>\n		    <td></td>\n		    <td></td>\n		    <td>0</td>\n		    <td>0</td>\n		    <td>0</td>\n		    <td>0</td>\n		</tr>\n		<tr>\n		    <td>柳建辉</td>\n		    <td>430121195308231711</td>\n		    <td>一次性生活补助</td>\n		    <td>2016/04/20</td>\n		    <td>第三年龄段</td>\n		    <td></td>\n		    <td></td>\n		    <td>0</td>\n		    <td>0</td>\n		    <td>0</td>\n		    <td>0</td>\n		</tr>\n		<tr>\n		    <td>易恩德</td>\n		    <td>430121195405281729</td>\n		    <td>一次性生活补助</td>\n		    <td>2016/04/20</td>\n		    <td>第三年龄段</td>\n		    <td></td>\n		    <td></td>\n		    <td>0</td>\n		    <td>0</td>\n		    <td>0</td>\n		    <td>0</td>\n		</tr>\n		<tr>\n		    <td>师灿英</td>\n		    <td>430121197406291784</td>\n		    <td>一次性生活补助</td>\n		    <td>2016/04/20</td>\n		    <td>第二年龄段</td>\n		    <td></td>\n		    <td></td>\n		    <td>0</td>\n		    <td>0</td>\n		    <td>0</td>\n		    <td>0</td>\n		</tr>\n	</tbody>\n</table>\n</div>\n'),('acc16d55-f73f-49b7-acc1-dc78e40f617f','182.148.57.207','2016-04-07','购房券制发','购房券挂失','购房券挂失',NULL,'admin','6b3dac14-8116-4aad-8643-c54821ebf93c','81e97469-2fd1-4b3c-b3ac-593e5bd1ec6c','\n<table>\n	<tr>\n		<td class=\"text-right\">姓名：</td>\n		<td>导入人员B</td>\n	</tr>\n	<tr>\n		<td class=\"text-right\">身份证件号：</td>\n		<td>111111155</td>\n	</tr>\n	<tr>\n		<td class=\"text-right\">券号：</td>\n		<td>1002</td>\n	</tr>\n	<tr>\n		<td class=\"text-right\">补贴金额（万元）：</td>\n		<td>10</td>\n	</tr>\n	<tr>\n		<td class=\"text-right\">制券时间：</td>\n		<td>2016/04/07</td>\n	</tr>\n	<tr>\n		<td class=\"text-right\">挂失时间：</td>\n		<td>2016/04/07</td>\n	</tr>\n	<tr>\n		<td class=\"text-right\">挂失备注信息：</td>\n		<td>AAA</td>\n	</tr>\n</table>\n'),('accd29e0-0b52-4975-9ab4-851aa275836c','175.9.111.33','2016-04-20','拆迁户管理','删除人员信息','删除人员信息',NULL,'12345','be769d24-1b19-472a-9f68-fc82c800ad29','91b075a7-f6c3-4992-bb87-87a03464e93e','\n<table>\n	<tr>\n		<td class=\"text-right\">人员姓名：</td>\n		<td>孙海涛</td>\n	</tr>\n	<tr>\n		<td class=\"text-right\">人员身份证：</td>\n		<td>430121194608089716</td>\n	</tr>\n	<tr>\n		<td class=\"text-right\">地址：</td>\n		<td>大阪街道雨花区雨花组</td>\n	</tr>\n	<tr>\n		<td class=\"text-right\">出生时间：</td>\n		<td>1946/08/08</td>\n	</tr>\n	<tr>\n		<td class=\"text-right\">户口类型：</td>\n		<td>农村居民</td>\n	</tr>\n	<tr>\n		<td class=\"text-right\">与户主关系：</td>\n		<td>丈夫</td>\n	</tr>\n	<tr>\n		<td class=\"text-right\">性别：</td>\n		<td>男</td>\n	</tr>\n	<tr>\n		<td class=\"text-right\">文化程度：</td>\n		<td></td>\n	</tr>\n	<tr>\n		<td class=\"text-right\">在读情况：</td>\n		<td></td>\n	</tr>\n	<tr>\n		<td class=\"text-right\">从事农业劳动时间：</td>\n		<td></td>\n	</tr>\n</table>\n'),('accda0c6-1214-43fc-9806-fc79f8b85494','125.70.79.71','2016-04-06','项目管理','修改项目信息','修改项目信息',NULL,'admin','a538004f-b6b2-48e3-8fcb-8ba000a3019a','81e97469-2fd1-4b3c-b3ac-593e5bd1ec6c','\n<table>\n	<tr>\n		<td class=\"text-right\">项目审批号：</td>\n		<td>测试好好</td>\n	</tr>\n	<tr>\n		<td class=\"text-right\">项目名称：</td>\n		<td>测试项目等等</td>\n	</tr>\n	<tr>\n		<td class=\"text-right\">项目分类：</td>\n		<td></td>\n	</tr>\n	<tr>\n		<td class=\"text-right\">项目地址：</td>\n		<td>地址地址</td>\n	</tr>\n	<tr>\n		<td class=\"text-right\">项目类型：</td>\n		<td>其他</td>\n	</tr>\n	<tr>\n		<td class=\"text-right\">征地面积（亩）：</td>\n		<td>100</td>\n	</tr>\n	<tr>\n		<td class=\"text-right\">应拆栋数：</td>\n		<td>100</td>\n	</tr>\n	<tr>\n		<td class=\"text-right\">应拆户数：</td>\n		<td>100</td>\n	</tr>\n	<tr>\n		<td class=\"text-right\">应动迁人口：</td>\n		<td>100</td>\n	</tr>\n	<tr>\n		<td class=\"text-right\">应拆总面积（合法）（平方米）：</td>\n		<td>100</td>\n	</tr>\n	<tr>\n		<td class=\"text-right\">应拆总面积（违章）（平方米）：</td>\n		<td>100</td>\n	</tr>\n	<tr>\n		<td class=\"text-right\">项目应付补偿款（万元）：</td>\n		<td>100</td>\n	</tr>\n	<tr>\n		<td class=\"text-right\">六前项目：</td>\n		<td>是</td>\n	</tr>\n</table>\n'),('ae2e53ac-b63e-4a84-b171-93ba647f3d10','125.70.79.216','2016-04-22','项目管理','修改项目信息','修改项目信息',NULL,'admin','a538004f-b6b2-48e3-8fcb-8ba000a3019a','81e97469-2fd1-4b3c-b3ac-593e5bd1ec6c','\n<table>\n	<tr>\n		<td class=\"text-right\">项目审批号：</td>\n		<td>测试项目审批号</td>\n	</tr>\n	<tr>\n		<td class=\"text-right\">项目名称：</td>\n		<td>测试项目</td>\n	</tr>\n	<tr>\n		<td class=\"text-right\">项目分类：</td>\n		<td></td>\n	</tr>\n	<tr>\n		<td class=\"text-right\">项目地址：</td>\n		<td>高唐街道天河区,大阪街道雨花区,项目地址其他信息</td>\n	</tr>\n	<tr>\n		<td class=\"text-right\">项目类型：</td>\n		<td>其他</td>\n	</tr>\n	<tr>\n		<td class=\"text-right\">征地面积（亩）：</td>\n		<td>100</td>\n	</tr>\n	<tr>\n		<td class=\"text-right\">应拆栋数：</td>\n		<td>100</td>\n	</tr>\n	<tr>\n		<td class=\"text-right\">应拆户数：</td>\n		<td>100</td>\n	</tr>\n	<tr>\n		<td class=\"text-right\">应动迁人口：</td>\n		<td>100</td>\n	</tr>\n	<tr>\n		<td class=\"text-right\">应拆总面积（合法）（平方米）：</td>\n		<td>100</td>\n	</tr>\n	<tr>\n		<td class=\"text-right\">应拆总面积（违章）（平方米）：</td>\n		<td>100</td>\n	</tr>\n	<tr>\n		<td class=\"text-right\">项目应付补偿款（万元）：</td>\n		<td>100</td>\n	</tr>\n	<tr>\n		<td class=\"text-right\">六前项目：</td>\n		<td>是</td>\n	</tr>\n</table>\n'),('ae2f4a9e-13bf-414c-93a4-d68d01347ca1','175.8.61.167','2016-04-06','拆迁户管理','手工添加拆迁户','手工添加拆迁户',NULL,'12345','be769d24-1b19-472a-9f68-fc82c800ad29','91b075a7-f6c3-4992-bb87-87a03464e93e','\n<style type=\"text/css\">\n.autoTbale td,.autoTbale th {\n	white-space: nowrap;\n}\n</style>\n<table>\n	<tr>\n		<td class=\"text-right\">户主姓名：</td>\n		<td>马龙彪</td>\n	</tr>\n	<tr>\n		<td class=\"text-right\">选择所属项目：</td>\n		<td>长沙县长沙师范学校第二校区建设项目（测试</td>\n	</tr>\n	<tr>\n		<td class=\"text-right\">房屋合法面积（平方米）：</td>\n		<td></td>\n	</tr>\n	<tr>\n		<td class=\"text-right\">房屋违章面积（平方米）：</td>\n		<td></td>\n	</tr>\n	<tr>\n		<td class=\"text-right\">所属地址：</td>\n		<td>高唐街道天河区天河1组</td>\n	</tr>\n	<tr>\n		<td class=\"text-right\">批证及其他情况说明：</td>\n		<td></td>\n	</tr>\n	<tr>\n		<td class=\"text-right\">拟定处理方案：</td>\n		<td></td>\n	</tr>\n	<tr>\n		<td class=\"text-right\">联合会审意见：</td>\n		<td></td>\n	</tr>\n	<tr>\n		<td class=\"text-right\">备注：</td>\n		<td></td>\n	</tr>\n	<tr>\n		<td class=\"text-right\">联合会审附件：</td>\n		<td></td>\n	</tr>\n	<tr>\n		<td class=\"text-right\">高拍仪拍照：</td>\n		<td></td>\n	</tr>\n	<tr>\n		<td class=\"text-right\">房屋照片管理：</td>\n		<td></td>\n	</tr>\n	<tr>\n		<td class=\"text-right\">家庭成员数：</td>\n		<td>6</td>\n	</tr>\n</table>\n<div style=\"overflow-x:auto;width: 100%;\">\n	<table class=\"table table-hover table-bordered autoTbale\">\n		<thead>\n			<tr>\n				<td>姓名</td>\n				<td>与户主关系</td>\n				<td>身份证件</td>\n				<td>性别</td>\n				<td>户口性质</td>\n				<td>出生日期</td>\n				<td>文化程度</td>\n				<td>在读情况</td>\n				<td>从事农业劳动时间</td>\n				<td>服兵役/劳改/劳教情况及时间起止段</td>\n				<td>联系电话</td>\n				<td>独生子女证件号</td>\n				<td>是否半边户</td>\n				<td>是否参加过社会保险</td>\n				<td>备注</td>\n			</tr>\n		</thead>\n		<tbody>\n			<tr>\n				<td>马龙彪</td>\n				<td>户主</td>\n				<td>430121194105107919</td>\n				<td>男</td>\n				<td>农村居民</td>\n				<td>1941/05/10</td>\n				<td></td>\n				<td></td>\n				<td></td>\n				<td></td>\n				<td></td>\n				<td></td>\n				<td>否</td>\n				<td>否</td>\n				<td>测试</td>\n			</tr>\n			<tr>\n				<td>柳运芝</td>\n				<td>妻子</td>\n				<td>430121195608147968</td>\n				<td>女</td>\n				<td>农村居民</td>\n				<td>1956/08/14</td>\n				<td></td>\n				<td></td>\n				<td></td>\n				<td></td>\n				<td></td>\n				<td></td>\n				<td>否</td>\n				<td>否</td>\n				<td>测试</td>\n			</tr>\n			<tr>\n				<td>马一平</td>\n				<td>儿子</td>\n				<td>430121198211217335</td>\n				<td>男</td>\n				<td>农村居民</td>\n				<td>1982/11/21</td>\n				<td></td>\n				<td></td>\n				<td></td>\n				<td></td>\n				<td></td>\n				<td></td>\n				<td>否</td>\n				<td>否</td>\n				<td>测试</td>\n			</tr>\n			<tr>\n				<td>杨丽</td>\n				<td>其他-儿媳</td>\n				<td>433130198405105920</td>\n				<td>女</td>\n				<td>农村居民</td>\n				<td>1984/05/10</td>\n				<td></td>\n				<td></td>\n				<td></td>\n				<td></td>\n				<td></td>\n				<td></td>\n				<td>否</td>\n				<td>否</td>\n				<td>测试</td>\n			</tr>\n			<tr>\n				<td>马雅轩</td>\n				<td>其他-孙女</td>\n				<td>430121201006100124</td>\n				<td>女</td>\n				<td>农村居民</td>\n				<td>2010/06/10</td>\n				<td></td>\n				<td></td>\n				<td></td>\n				<td></td>\n				<td></td>\n				<td></td>\n				<td>否</td>\n				<td>否</td>\n				<td>测试</td>\n			</tr>\n			<tr>\n				<td>马紫鑫</td>\n				<td>其他-孙女</td>\n				<td>430121201402210042</td>\n				<td>女</td>\n				<td>农村居民</td>\n				<td>2014/02/21</td>\n				<td></td>\n				<td></td>\n				<td></td>\n				<td></td>\n				<td></td>\n				<td></td>\n				<td>否</td>\n				<td>否</td>\n				<td>测试</td>\n			</tr>\n		</tbody>\n	</table>\n</div>\n'),('aed13e6b-ea4c-4952-8b31-52e83c656761','118.112.58.104','2016-04-21','项目管理','修改项目公告','修改项目公告',NULL,'12345','a538004f-b6b2-48e3-8fcb-8ba000a3019a','91b075a7-f6c3-4992-bb87-87a03464e93e','\n<table>\n	<tr>\n		<td class=\"text-right\">所属项目名称：</td>\n		<td>长沙县长沙师范学校第二校区建设项目（测试专用）</td>\n	</tr>\n	<tr>\n		<td class=\"text-right\">公告进度：</td>\n		<td>三公告</td>\n	</tr>\n	<tr>\n		<td class=\"text-right\">公告文号：</td>\n		<td>〔2013〕征字第45号</td>\n	</tr>\n	<tr>\n		<td class=\"text-right\">公告时间：</td>\n		<td>2013/03/20</td>\n	</tr>\n	<tr>\n		<td class=\"text-right\">公告批文：</td>\n		<td></td>\n	</tr>\n</table>\n'),('af3eb634-b5ec-412d-9e3c-c2798f6306a5','175.11.116.59','2016-03-30','购房券制发','录入项目出资单位','录入项目出资单位',NULL,'admin','6b3dac14-8116-4aad-8643-c54821ebf93c','81e97469-2fd1-4b3c-b3ac-593e5bd1ec6c','\n<table>\n	<tr>\n		<td class=\"text-right\">项目审批号：</td>\n		<td>省人民政府〔2015〕\n政国土字第290号</td>\n	</tr>\n	<tr>\n		<td class=\"text-right\">项目名称：</td>\n		<td>星沙联络线</td>\n	</tr>\n	<tr>\n		<td class=\"text-right\">项目分类：</td>\n		<td></td>\n	</tr>\n	<tr>\n		<td class=\"text-right\">项目地址：</td>\n		<td>湘龙街道</td>\n	</tr>\n	<tr>\n		<td class=\"text-right\">项目类型：</td>\n		<td>基础设施项目</td>\n	</tr>\n	<tr>\n		<td class=\"text-right\">国土局出资单位名称：</td>\n		<td>国土局</td>\n	</tr>\n	<tr>\n		<td class=\"text-right\">其他出资单位名称：</td>\n		<td>湘龙街道</td>\n	</tr>\n</table>\n'),('af572707-842c-46a6-ab04-2f887696ba60','175.8.6.13','2016-04-20','项目管理','导入项目信息','导入项目信息',NULL,'12345','a538004f-b6b2-48e3-8fcb-8ba000a3019a','91b075a7-f6c3-4992-bb87-87a03464e93e','\n<style type=\"text/css\">\n.autoTbale td,.autoTbale th {\n	white-space: nowrap;\n}\n</style>\n<div style=\"overflow-x:auto;width: 100%;\">\n	<table class=\"table table-hover table-bordered autoTbale\">\n		<thead>\n			<tr>\n				<td colspan=\"30\">月报时间：2015/01</td>\n			</tr>\n			<tr>\n				<td rowspan=\"4\">在拆项目名称</td>\n				<td rowspan=\"4\">审批单号</td>\n				<td rowspan=\"4\">项目分类</td>\n				<td colspan=\"2\">项目类型（用√标识）</td>\n 				<td rowspan=\"4\">本月新启动项目<br>（用√标识）</td>\n				<td rowspan=\"4\">是否为本月完成结算项目<br>（用√标识）</td>\n				<td rowspan=\"4\">用地位置</td>\n				<td colspan=\"4\">腾地情况</td>\n				<td colspan=\"8\">拆除房屋情况</td>\n				<td colspan=\"4\">拆迁安置人口情况</td>\n				<td rowspan=\"4\">本年下达限期腾地决定书</td>\n				<td rowspan=\"4\">本年申请法院执行</td>\n				<td rowspan=\"4\">本年依法实施强制腾地户数</td>\n				<td rowspan=\"4\">属“六前项目”请打√</td>\n				<td rowspan=\"4\">备注</td>\n			</tr>\n			<tr>\n				<td rowspan=\"2\">基础设施</td>\n				<td rowspan=\"2\">其他</td>\n 				<td rowspan=\"2\">征地面积</td>\n				<td colspan=\"3\">已腾地</td>\n				<td>应拆栋数（合法）</td>\n				<td colspan=\"3\">已拆栋数  （合法）</td>\n				<td>应拆总面积（合法）</td>\n				<td colspan=\"3\">已拆面积（合法）</td>\n				<td rowspan=\"2\">应动迁人口（包括非农、半边户、独生子女）</td>\n				<td colspan=\"3\">已动迁人口</td>\n			</tr>\n			<tr>\n 				<td>累计</td>\n				<td>本月</td>\n				<td>本年</td>\n				<td>累计</td>\n				<td>累计</td>\n				<td>本月</td>\n				<td>本年</td>\n				<td>累计</td>\n				<td>累计</td>\n				<td>本月</td>\n				<td>本年</td>\n				<td>累计</td>\n				<td>本月</td>\n				<td>本年</td>	\n			</tr>\n		</thead>\n		<tbody>\n			<tr>\n				<td>劳动路</td>\n				<td>2013政国土字第880号</td>\n				<td>重点项目</td>\n				<td>√</td>\n				<td></td>\n				<td>√</td>\n				<td></td>\n				<td>榔梨街道</td>\n				<td>300</td>\n				<td>200</td>\n				<td>100</td>\n				<td>100</td>\n				<td>20</td>\n				<td>10</td>\n				<td>10</td>\n				<td>10</td>\n				<td>6000</td>\n				<td>3000</td>\n				<td>3000</td>\n				<td>3000</td>\n				<td>60</td>\n				<td>30</td>\n				<td>30</td>\n				<td>30</td>\n				<td>0</td>\n				<td>0</td>\n				<td>0</td>\n				<td>√</td>\n				<td></td>\n			</tr>\n			<tr>\n				<td>县妇幼</td>\n				<td>无</td>\n				<td>一般项目</td>\n				<td></td>\n				<td>√</td>\n				<td></td>\n				<td></td>\n				<td>星沙街道</td>\n				<td>100</td>\n				<td>100</td>\n				<td>100</td>\n				<td>100</td>\n				<td>10</td>\n				<td>10</td>\n				<td>10</td>\n				<td>10</td>\n				<td>3000</td>\n				<td>3000</td>\n				<td>3000</td>\n				<td>3000</td>\n				<td>30</td>\n				<td>30</td>\n				<td>30</td>\n				<td>30</td>\n				<td>0</td>\n				<td>0</td>\n				<td>0</td>\n				<td></td>\n				<td></td>\n			</tr>\n			<tr>\n				<td>县公安局</td>\n				<td>无</td>\n				<td>一般项目</td>\n				<td></td>\n				<td>√</td>\n				<td></td>\n				<td></td>\n				<td>星沙街道</td>\n				<td>50</td>\n				<td>0</td>\n				<td>0</td>\n				<td>0</td>\n				<td>5</td>\n				<td>0</td>\n				<td>0</td>\n				<td>0</td>\n				<td>1500</td>\n				<td>0</td>\n				<td>0</td>\n				<td>0</td>\n				<td>15</td>\n				<td>0</td>\n				<td>0</td>\n				<td>0</td>\n				<td>0</td>\n				<td>0</td>\n				<td>0</td>\n				<td></td>\n				<td></td>\n			</tr>\n		</tbody>\n	</table>\n</div>\n'),('b0e30f0a-a168-42af-ab98-91f27a484b42','175.11.116.59','2016-03-30','拆迁户管理','导入拆迁户','导入拆迁户信息',NULL,'admin','be769d24-1b19-472a-9f68-fc82c800ad29','81e97469-2fd1-4b3c-b3ac-593e5bd1ec6c','\n<style type=\"text/css\">\n.autoTbale td,.autoTbale th {\n	white-space: nowrap;\n}\n</style>\n<table>\n	<tr>\n		<td class=\"text-right\">户主姓名：</td>\n		<td>杨映明</td>\n	</tr>\n	<tr>\n		<td class=\"text-right\">选择所属项目：</td>\n		<td>地铁轨道交通3号线龙角站</td>\n	</tr>\n	<tr>\n		<td class=\"text-right\">房屋合法面积（平方米）：</td>\n		<td>0</td>\n	</tr>\n	<tr>\n		<td class=\"text-right\">房屋违章面积（平方米）：</td>\n		<td>0</td>\n	</tr>\n	<tr>\n		<td class=\"text-right\">所属地址：</td>\n		<td>null-null-null</td>\n	</tr>\n	<tr>\n		<td class=\"text-right\">批证及其他情况说明：</td>\n		<td></td>\n	</tr>\n	<tr>\n		<td class=\"text-right\">拟定处理方案：</td>\n		<td></td>\n	</tr>\n	<tr>\n		<td class=\"text-right\">联合会审意见：</td>\n		<td></td>\n	</tr>\n	<tr>\n		<td class=\"text-right\">备注：</td>\n		<td></td>\n	</tr>\n	<tr>\n		<td class=\"text-right\">联合会审附件：</td>\n		<td></td>\n	</tr>\n	<tr>\n		<td class=\"text-right\">高拍仪拍照：</td>\n		<td></td>\n	</tr>\n	<tr>\n		<td class=\"text-right\">房屋照片管理：</td>\n		<td></td>\n	</tr>\n	<tr>\n		<td class=\"text-right\">家庭成员数：</td>\n		<td>3</td>\n	</tr>\n</table>\n<div style=\"overflow-x:auto;width: 100%;\">\n	<table class=\"table table-hover table-bordered autoTbale\">\n		<thead>\n			<tr>\n				<td>姓名</td>\n				<td>与户主关系</td>\n				<td>身份证件</td>\n				<td>性别</td>\n				<td>户口性质</td>\n				<td>出生日期</td>\n				<td>文化程度</td>\n				<td>在读情况</td>\n				<td>从事农业劳动时间</td>\n				<td>服兵役/劳改/劳教情况及时间起止段</td>\n				<td>联系电话</td>\n				<td>独生子女证件号</td>\n				<td>是否半边户</td>\n				<td>是否参加过社会保险</td>\n				<td>备注</td>\n			</tr>\n		</thead>\n		<tbody>\n			<tr>\n				<td>杨映明</td>\n				<td>户主</td>\n				<td>430121196203018142</td>\n				<td></td>\n				<td>农村居民</td>\n				<td>1962/03/01</td>\n				<td></td>\n				<td></td>\n				<td></td>\n				<td></td>\n				<td></td>\n				<td></td>\n				<td>否</td>\n				<td>否</td>\n				<td></td>\n			</tr>\n			<tr>\n				<td>周晓</td>\n				<td>女</td>\n				<td>430121198611097926</td>\n				<td></td>\n				<td>农村居民</td>\n				<td>1986/11/09</td>\n				<td></td>\n				<td></td>\n				<td></td>\n				<td></td>\n				<td></td>\n				<td></td>\n				<td>否</td>\n				<td>否</td>\n				<td></td>\n			</tr>\n			<tr>\n				<td>范梓言</td>\n				<td>女</td>\n				<td>430121201009290162</td>\n				<td></td>\n				<td>农村居民</td>\n				<td>2010/09/29</td>\n				<td></td>\n				<td></td>\n				<td></td>\n				<td></td>\n				<td></td>\n				<td></td>\n				<td>否</td>\n				<td>否</td>\n				<td></td>\n			</tr>\n		</tbody>\n	</table>\n</div>\n'),('b135faf6-b5d0-4afe-86f2-2ebc0937d94f','175.9.111.33','2016-04-20','拆迁户管理','修改拆迁户户信息','修改拆迁户户信息',NULL,'12345','be769d24-1b19-472a-9f68-fc82c800ad29','91b075a7-f6c3-4992-bb87-87a03464e93e','\n<table>\n	<tr>\n		<td class=\"text-right\">户主姓名：</td>\n		<td>杜发其</td>\n	</tr>\n	<tr>\n		<td class=\"text-right\">选择所属项目：</td>\n		<td>长沙国际会展中心（测试）</td>\n	</tr>\n	<tr>\n		<td class=\"text-right\">房屋合法面积（平方米）：</td>\n		<td>280</td>\n	</tr>\n	<tr>\n		<td class=\"text-right\">房屋违章面积（平方米）：</td>\n		<td>0</td>\n	</tr>\n	<tr>\n		<td class=\"text-right\">所属地址：</td>\n		<td>黄兴镇光达村火车屋组</td>\n	</tr>\n	<tr>\n		<td class=\"text-right\">批证及其他情况说明：</td>\n		<td>杨炳文有证，乡土管字第0019437号，1997年12月26日发证，发证时5人，限建筑占地160㎡。一层：砖混198.04㎡；砖木13.44㎡；二层：砖混111.4㎡；合计：322.88㎡</td>\n	</tr>\n	<tr>\n		<td class=\"text-right\">拟定处理方案：</td>\n		<td>合法面积：280㎡；另40㎡按成本价计算。</td>\n	</tr>\n	<tr>\n		<td class=\"text-right\">联合会审意见：</td>\n		<td>合法面积：280㎡；另40㎡按成本价计算。</td>\n	</tr>\n	<tr>\n		<td class=\"text-right\">备注：</td>\n		<td>1.丈夫杨炳文已故。2.杨山红已婚，妻子李灿和儿子杨嘉兴户口在开福区非农户。3.线外无房。</td>\n	</tr>\n	<tr>\n		<td class=\"text-right\">联合会审附件：</td>\n		<td></td>\n	</tr>\n	<tr>\n		<td class=\"text-right\">高拍仪拍照：</td>\n		<td></td>\n	</tr>\n	<tr>\n		<td class=\"text-right\">房屋照片管理：</td>\n		<td></td>\n	</tr>\n	<tr>\n		<td class=\"text-right\">家庭成员数：</td>\n		<td>2</td>\n	</tr>\n</table>\n'),('b4ded3d0-161c-43d4-a399-c0e3894e910f','175.8.61.167','2016-04-06','拆迁户管理','修改拆迁户户信息','修改拆迁户户信息',NULL,'12345','be769d24-1b19-472a-9f68-fc82c800ad29','91b075a7-f6c3-4992-bb87-87a03464e93e','\n<table>\n	<tr>\n		<td class=\"text-right\">户主姓名：</td>\n		<td>罗国华</td>\n	</tr>\n	<tr>\n		<td class=\"text-right\">选择所属项目：</td>\n		<td>长沙国际会展中心（测试）</td>\n	</tr>\n	<tr>\n		<td class=\"text-right\">房屋合法面积（平方米）：</td>\n		<td>362.81</td>\n	</tr>\n	<tr>\n		<td class=\"text-right\">房屋违章面积（平方米）：</td>\n		<td>0</td>\n	</tr>\n	<tr>\n		<td class=\"text-right\">所属地址：</td>\n		<td>高唐街道天河区天河1组</td>\n	</tr>\n	<tr>\n		<td class=\"text-right\">批证及其他情况说明：</td>\n		<td>乡土管字第0031982号，限建筑占地160㎡</td>\n	</tr>\n	<tr>\n		<td class=\"text-right\">拟定处理方案：</td>\n		<td>认定合法面积350平方米</td>\n	</tr>\n	<tr>\n		<td class=\"text-right\">联合会审意见：</td>\n		<td></td>\n	</tr>\n	<tr>\n		<td class=\"text-right\">备注：</td>\n		<td></td>\n	</tr>\n	<tr>\n		<td class=\"text-right\">联合会审附件：</td>\n		<td></td>\n	</tr>\n	<tr>\n		<td class=\"text-right\">高拍仪拍照：</td>\n		<td></td>\n	</tr>\n	<tr>\n		<td class=\"text-right\">房屋照片管理：</td>\n		<td></td>\n	</tr>\n	<tr>\n		<td class=\"text-right\">家庭成员数：</td>\n		<td>2</td>\n	</tr>\n</table>\n'),('b5a8a6ca-8177-4383-8351-e1181c19c53b','125.70.76.222','2016-03-18','项目管理','手工添加项目信息','手工添加项目信息',NULL,'admin','a538004f-b6b2-48e3-8fcb-8ba000a3019a','81e97469-2fd1-4b3c-b3ac-593e5bd1ec6c','\n<table>\n	<tr>\n        <td class=\"text-right\">项目审批号：</td>\n        <td>测试项目审批号</td>\n	</tr>\n	<tr>\n        <td class=\"text-right\">项目名称：</td>\n        <td>测试项目</td>\n	</tr>\n	<tr>\n        <td class=\"text-right\">国土局出资(单位名称)：</td>\n        <td>测试单位1</td>\n	</tr>\n	<tr>\n        <td class=\"text-right\">其他单位出资(单位名称)：</td>\n        <td>测试单位2</td>\n	</tr>\n	<tr>\n        <td class=\"text-right\">项目分类：</td>\n        <td>非重点项目</td>\n	</tr>\n	<tr>\n        <td class=\"text-right\">项目地址：</td>\n        <td>高唐街道天河区,大阪街道雨花区,项目地址其他信息</td>\n	</tr>\n	<tr>\n        <td class=\"text-right\">项目类型：</td>\n        <td>其他</td>\n	</tr>\n	<tr>\n        <td class=\"text-right\">征地面积（亩）：</td>\n        <td>100</td>\n	</tr>\n	<tr>\n        <td class=\"text-right\">应拆栋数：</td>\n        <td>100</td>\n	</tr>\n	<tr>\n        <td class=\"text-right\">应拆户数：</td>\n        <td>100</td>\n	</tr>\n	<tr>\n        <td class=\"text-right\">应动迁人口：</td>\n        <td>100</td>\n	</tr>\n	<tr>\n        <td class=\"text-right\">应拆总面积（合法）（平方米）：</td>\n        <td>100</td>\n	</tr>\n	<tr>\n        <td class=\"text-right\">应拆总面积（违章）（平方米）：</td>\n        <td>100</td>\n	</tr>\n	<tr>\n        <td class=\"text-right\">项目应付补偿款（万元）：</td>\n        <td>100</td>\n	</tr>\n	<tr>\n        <td class=\"text-right\">六前项目：</td>\n        <td>是</td>\n	</tr>\n</table>\n'),('b5c638d8-b48a-4665-b9d4-2176be401a2c','175.11.0.72','2016-03-29','项目管理','导入项目信息','导入项目信息',NULL,'admin','a538004f-b6b2-48e3-8fcb-8ba000a3019a','81e97469-2fd1-4b3c-b3ac-593e5bd1ec6c','\n<style type=\"text/css\">\n.autoTbale td,.autoTbale th {\n	white-space: nowrap;\n}\n</style>\n<div style=\"overflow-x:auto;width: 100%;\">\n	<table class=\"table table-hover table-bordered autoTbale\">\n		<thead>\n			<tr>\n				<td colspan=\"30\">月报时间：2015/01</td>\n			</tr>\n			<tr>\n				<td rowspan=\"4\">在拆项目名称</td>\n				<td rowspan=\"4\">审批单号</td>\n				<td rowspan=\"4\">项目分类</td>\n				<td colspan=\"2\">项目类型（用√标识）</td>\n 				<td rowspan=\"4\">本月新启动项目<br>（用√标识）</td>\n				<td rowspan=\"4\">是否为本月完成结算项目<br>（用√标识）</td>\n				<td rowspan=\"4\">用地位置</td>\n				<td colspan=\"4\">腾地情况</td>\n				<td colspan=\"8\">拆除房屋情况</td>\n				<td colspan=\"4\">拆迁安置人口情况</td>\n				<td rowspan=\"4\">本年下达限期腾地决定书</td>\n				<td rowspan=\"4\">本年申请法院执行</td>\n				<td rowspan=\"4\">本年依法实施强制腾地户数</td>\n				<td rowspan=\"4\">属“六前项目”请打√</td>\n				<td rowspan=\"4\">备注</td>\n			</tr>\n			<tr>\n				<td rowspan=\"2\">基础设施</td>\n				<td rowspan=\"2\">其他</td>\n 				<td rowspan=\"2\">征地面积</td>\n				<td colspan=\"3\">已腾地</td>\n				<td>应拆栋数（合法）</td>\n				<td colspan=\"3\">已拆栋数  （合法）</td>\n				<td>应拆总面积（合法）</td>\n				<td colspan=\"3\">已拆面积（合法）</td>\n				<td rowspan=\"2\">应动迁人口（包括非农、半边户、独生子女）</td>\n				<td colspan=\"3\">已动迁人口</td>\n			</tr>\n			<tr>\n 				<td>累计</td>\n				<td>本月</td>\n				<td>本年</td>\n				<td>累计</td>\n				<td>累计</td>\n				<td>本月</td>\n				<td>本年</td>\n				<td>累计</td>\n				<td>累计</td>\n				<td>本月</td>\n				<td>本年</td>\n				<td>累计</td>\n				<td>本月</td>\n				<td>本年</td>	\n			</tr>\n		</thead>\n		<tbody>\n			<tr>\n				<td>湖南长沙农产品物流中心二期建设项目用地</td>\n				<td>(2015)政\n国土字1494号</td>\n				<td>省市重点项目</td>\n				<td></td>\n				<td>√</td>\n				<td></td>\n				<td>否</td>\n				<td>黄兴镇</td>\n				<td>414.84</td>\n				<td>115.61</td>\n				<td>115.61</td>\n				<td>115.61</td>\n				<td>61</td>\n				<td>17</td>\n				<td>17</td>\n				<td>17</td>\n				<td>20800</td>\n				<td>5429.02</td>\n				<td>5429</td>\n				<td>5429</td>\n				<td>279</td>\n				<td>63</td>\n				<td>63</td>\n				<td>63</td>\n				<td>0</td>\n				<td>0</td>\n				<td>0</td>\n				<td>√</td>\n				<td></td>\n			</tr>\n			<tr>\n				<td>长沙黄花机场飞行区东扩工程</td>\n				<td>省人民政府〔2014〕\n政国土字第1570号</td>\n				<td>省市重点项目</td>\n				<td>√</td>\n				<td></td>\n				<td></td>\n				<td>否</td>\n				<td>黄花镇</td>\n				<td>3766.61</td>\n				<td>3766.61</td>\n				<td>0</td>\n				<td>0</td>\n				<td>973</td>\n				<td>835</td>\n				<td>0</td>\n				<td>0</td>\n				<td>491853</td>\n				<td>490985</td>\n				<td>0</td>\n				<td>0</td>\n				<td>3409</td>\n				<td>2895</td>\n				<td>0</td>\n				<td>0</td>\n				<td>0</td>\n				<td>0</td>\n				<td>0</td>\n				<td>√</td>\n				<td></td>\n			</tr>\n			<tr>\n				<td>会展酒店</td>\n				<td>省人民政府（2015）政国土字第202号</td>\n				<td>省市重点项目</td>\n				<td></td>\n				<td>√</td>\n				<td></td>\n				<td>否</td>\n				<td>黄兴镇</td>\n				<td>185.5095</td>\n				<td>144.11</td>\n				<td>0</td>\n				<td>0</td>\n				<td>27</td>\n				<td>21</td>\n				<td>0</td>\n				<td>0</td>\n				<td>8021</td>\n				<td>6231</td>\n				<td>0</td>\n				<td>0</td>\n				<td>88</td>\n				<td>66</td>\n				<td>0</td>\n				<td>0</td>\n				<td>0</td>\n				<td>0</td>\n				<td>0</td>\n				<td>√</td>\n				<td></td>\n			</tr>\n			<tr>\n				<td>浔龙河生态小镇新农村建设配套</td>\n				<td>省人民政府(2013）政国土字第906号</td>\n				<td>省市重点项目</td>\n				<td></td>\n				<td>√</td>\n				<td></td>\n				<td>否</td>\n				<td>果园镇</td>\n				<td>169.998</td>\n				<td>80</td>\n				<td>0</td>\n				<td>0</td>\n				<td>0</td>\n				<td>12</td>\n				<td>0</td>\n				<td>0</td>\n				<td>0</td>\n				<td>3283.18</td>\n				<td>0</td>\n				<td>0</td>\n				<td>0</td>\n				<td>41</td>\n				<td>0</td>\n				<td>0</td>\n				<td>0</td>\n				<td>0</td>\n				<td>0</td>\n				<td>√</td>\n				<td>正在进行房屋调查</td>\n			</tr>\n			<tr>\n				<td>星沙联络线</td>\n				<td>省人民政府〔2015〕\n政国土字第290号</td>\n				<td>省市重点项目</td>\n				<td>√</td>\n				<td></td>\n				<td></td>\n				<td>否</td>\n				<td>湘龙街道</td>\n				<td>340.3575</td>\n				<td>64.24</td>\n				<td>4.508</td>\n				<td>4.508</td>\n				<td>302</td>\n				<td>61</td>\n				<td>4</td>\n				<td>4</td>\n				<td>48412</td>\n				<td>14044</td>\n				<td>860</td>\n				<td>860</td>\n				<td>1057</td>\n				<td>211</td>\n				<td>10</td>\n				<td>10</td>\n				<td>0</td>\n				<td>0</td>\n				<td>0</td>\n				<td>√</td>\n				<td></td>\n			</tr>\n			<tr>\n				<td>地铁轨道交通3号线龙角站</td>\n				<td></td>\n				<td>省市重点项目</td>\n				<td>√</td>\n				<td></td>\n				<td></td>\n				<td>否</td>\n				<td>星沙街道</td>\n				<td>24</td>\n				<td>9.6</td>\n				<td>0</td>\n				<td>0</td>\n				<td>10</td>\n				<td>4</td>\n				<td>0</td>\n				<td>0</td>\n				<td>2506</td>\n				<td>1436</td>\n				<td>0</td>\n				<td>0</td>\n				<td>34</td>\n				<td>13</td>\n				<td>0</td>\n				<td>0</td>\n				<td>0</td>\n				<td>0</td>\n				<td>0</td>\n				<td></td>\n				<td></td>\n			</tr>\n		</tbody>\n	</table>\n</div>\n'),('b5f6fb0a-3bfd-4bfa-bbd8-eb420069a33b','125.70.79.216','2016-04-22','项目管理','修改项目公告','修改项目公告',NULL,'admin','a538004f-b6b2-48e3-8fcb-8ba000a3019a','81e97469-2fd1-4b3c-b3ac-593e5bd1ec6c','\n<table>\n	<tr>\n		<td class=\"text-right\">所属项目名称：</td>\n		<td>湖南长沙农产品物流中心二期建设项目用地</td>\n	</tr>\n	<tr>\n		<td class=\"text-right\">公告进度：</td>\n		<td>二公告</td>\n	</tr>\n	<tr>\n		<td class=\"text-right\">公告文号：</td>\n		<td>二公告</td>\n	</tr>\n	<tr>\n		<td class=\"text-right\">公告时间：</td>\n		<td>2016/04/22</td>\n	</tr>\n	<tr>\n		<td class=\"text-right\">公告批文：</td>\n		<td></td>\n	</tr>\n</table>\n'),('b60f8e45-6b75-4a9d-a63a-b0055255ffa0','175.11.116.59','2016-03-30','购房券制发','购房券户发放','购房券户发放',NULL,'admin','6b3dac14-8116-4aad-8643-c54821ebf93c','81e97469-2fd1-4b3c-b3ac-593e5bd1ec6c','\n<style type=\"text/css\">\n.autoTbale td,.autoTbale th {\n	white-space: nowrap;\n}\n</style>\n<div style=\"overflow-x:auto;width: 100%;\">\n	<table class=\"table table-hover table-bordered autoTbale\">\n		<thead>\n			<tr>\n				<td>购房券所属人姓名</td>\n				<td>购房券所属人身份证件</td>\n				<td>购房券券号</td>\n				<td>补贴金额（万元）</td>\n				<td>制券时间</td>\n				<td>领用人姓名</td>\n				<td>领用人身份证件</td>\n				<td>领用时间</td>\n				<td>领用凭证</td>\n				<td>领取备注</td>\n			</tr>\n		</thead>\n		<tbody>\n			<tr>\n				<td>易淑华</td>\n				<td>43012119360228812X</td>\n				<td>14004608</td>\n				<td>162800</td>\n				<td>2016/03/30</td>\n				<td>易淑华</td>\n				<td>43012119360228812X</td>\n				<td>2016/03/30</td>\n				<td></td>\n				<td></td>\n			</tr>\n			<tr>\n				<td>易顺恺</td>\n				<td>430121193508178119</td>\n				<td>14004607</td>\n				<td>162800</td>\n				<td>2016/03/30</td>\n				<td>易淑华</td>\n				<td>43012119360228812X</td>\n				<td>2016/03/30</td>\n				<td></td>\n				<td></td>\n			</tr>\n			<tr>\n				<td>易芳</td>\n				<td>430121198406077926</td>\n				<td>14004609</td>\n				<td>162800</td>\n				<td>2016/03/30</td>\n				<td>易淑华</td>\n				<td>43012119360228812X</td>\n				<td>2016/03/30</td>\n				<td></td>\n				<td></td>\n			</tr>\n		</tbody>\n	</table>\n</div>\n'),('b7e577fe-a0c5-4a81-89bf-eedf74d03384','222.210.173.235','2016-03-18','项目管理','手工添加项目信息','手工添加项目信息',NULL,'12345','a538004f-b6b2-48e3-8fcb-8ba000a3019a','91b075a7-f6c3-4992-bb87-87a03464e93e','\n<table>\n	<tr>\n        <td class=\"text-right\">项目审批号：</td>\n        <td>1111</td>\n	</tr>\n	<tr>\n        <td class=\"text-right\">项目名称：</td>\n        <td>长沙项目</td>\n	</tr>\n	<tr>\n        <td class=\"text-right\">国土局出资(单位名称)：</td>\n        <td>国土局</td>\n	</tr>\n	<tr>\n        <td class=\"text-right\">其他单位出资(单位名称)：</td>\n        <td>建设局</td>\n	</tr>\n	<tr>\n        <td class=\"text-right\">项目分类：</td>\n        <td>非重点项目</td>\n	</tr>\n	<tr>\n        <td class=\"text-right\">项目地址：</td>\n        <td>高唐街道天河区</td>\n	</tr>\n	<tr>\n        <td class=\"text-right\">项目类型：</td>\n        <td>其他</td>\n	</tr>\n	<tr>\n        <td class=\"text-right\">征地面积（亩）：</td>\n        <td>100</td>\n	</tr>\n	<tr>\n        <td class=\"text-right\">应拆栋数：</td>\n        <td>100</td>\n	</tr>\n	<tr>\n        <td class=\"text-right\">应拆户数：</td>\n        <td>100</td>\n	</tr>\n	<tr>\n        <td class=\"text-right\">应动迁人口：</td>\n        <td>300</td>\n	</tr>\n	<tr>\n        <td class=\"text-right\">应拆总面积（合法）（平方米）：</td>\n        <td>100</td>\n	</tr>\n	<tr>\n        <td class=\"text-right\">应拆总面积（违章）（平方米）：</td>\n        <td>0</td>\n	</tr>\n	<tr>\n        <td class=\"text-right\">项目应付补偿款（万元）：</td>\n        <td>1000</td>\n	</tr>\n	<tr>\n        <td class=\"text-right\">六前项目：</td>\n        <td>是</td>\n	</tr>\n</table>\n'),('b86e462c-62c9-473a-a5ef-4ac6d2d8cfaf','125.70.79.71','2016-04-06','购房券制发','手工添加人员信息','手工添加人员信息',NULL,'admin','6b3dac14-8116-4aad-8643-c54821ebf93c','81e97469-2fd1-4b3c-b3ac-593e5bd1ec6c','\n<table>\n	<tr>\n		<td class=\"text-right\">户主姓名：</td>\n		<td>李寿双</td>\n	</tr>\n	<tr>\n		<td class=\"text-right\">户主身份证件：</td>\n		<td>430121193909118117</td>\n	</tr>\n	<tr>\n		<td class=\"text-right\">人员姓名：</td>\n		<td>123213</td>\n	</tr>\n	<tr>\n		<td class=\"text-right\">与户主关系：</td>\n		<td>妻子</td>\n	</tr>\n	<tr>\n		<td class=\"text-right\">身份证件：</td>\n		<td>313213</td>\n	</tr>\n	<tr>\n		<td class=\"text-right\">性别：</td>\n		<td>男</td>\n	</tr>\n	<tr>\n		<td class=\"text-right\">户口性质：</td>\n		<td>农村居民</td>\n	</tr>\n	<tr>\n		<td class=\"text-right\">出生日期：</td>\n		<td>2016/03/29</td>\n	</tr>\n	<tr>\n		<td class=\"text-right\">文化程度：</td>\n		<td>1</td>\n	</tr>\n	<tr>\n		<td class=\"text-right\">在读情况：</td>\n		<td>2</td>\n	</tr>\n	<tr>\n		<td class=\"text-right\">从事农业劳动时间：</td>\n		<td>3</td>\n	</tr>\n	<tr>\n		<td class=\"text-right\">服兵役/劳改/劳教情况及时间起止段：</td>\n		<td>4</td>\n	</tr>\n	<tr>\n		<td class=\"text-right\">联系电话：</td>\n		<td>5</td>\n	</tr>\n	<tr>\n		<td class=\"text-right\">独生子女证件号：</td>\n		<td>6</td>\n	</tr>\n	<tr>\n		<td class=\"text-right\">是否半边户：</td>\n		<td>是</td>\n	</tr>\n	<tr>\n		<td class=\"text-right\">是否参加过社会保险：</td>\n		<td>是</td>\n	</tr>\n	<tr>\n		<td class=\"text-right\">备注：</td>\n		<td>7</td>\n	</tr>\n</table>\n'),('b89f8b9b-3b3c-4774-8e06-a55f9fa98caa','182.148.57.207','2016-04-07','购房券制发','购房券换发','购房券换发',NULL,'admin','6b3dac14-8116-4aad-8643-c54821ebf93c','81e97469-2fd1-4b3c-b3ac-593e5bd1ec6c','\n<table>\n	<tr>\n		<td class=\"text-right\">姓名：</td>\n		<td>导入人员B</td>\n	</tr>\n	<tr>\n		<td class=\"text-right\">身份证件号：</td>\n		<td>111111155</td>\n	</tr>\n	<tr>\n		<td class=\"text-right\">旧券号：</td>\n		<td>1001</td>\n	</tr>\n	<tr>\n		<td class=\"text-right\">旧券补贴金额（万元）：</td>\n		<td>100</td>\n	</tr>\n	<tr>\n		<td class=\"text-right\">旧券制券时间：</td>\n		<td>2016/04/07</td>\n	</tr>\n	<tr>\n		<td class=\"text-right\">购房券券号：</td>\n		<td>1002</td>\n	</tr>\n	<tr>\n		<td class=\"text-right\">补贴金额（万元）：</td>\n		<td>10</td>\n	</tr>\n	<tr>\n		<td class=\"text-right\">制券时间：</td>\n		<td>2016/04/07</td>\n	</tr>\n	<tr>\n		<td class=\"text-right\">领用人姓名：</td>\n		<td>B</td>\n	</tr>\n	<tr>\n		<td class=\"text-right\">换发时间：</td>\n		<td>2016/04/07</td>\n	</tr>\n	<tr>\n		<td class=\"text-right\">领用凭证：</td>\n		<td></td>\n	</tr>\n</table>\n'),('ba68cf15-81d8-44c9-865a-cfe72ba352be','125.70.79.216','2016-04-22','项目管理','修改项目公告','修改项目公告',NULL,'admin','a538004f-b6b2-48e3-8fcb-8ba000a3019a','81e97469-2fd1-4b3c-b3ac-593e5bd1ec6c','\n<table>\n	<tr>\n		<td class=\"text-right\">所属项目名称：</td>\n		<td>星沙联络线</td>\n	</tr>\n	<tr>\n		<td class=\"text-right\">公告进度：</td>\n		<td>三公告</td>\n	</tr>\n	<tr>\n		<td class=\"text-right\">公告文号：</td>\n		<td>3</td>\n	</tr>\n	<tr>\n		<td class=\"text-right\">公告时间：</td>\n		<td>2016/04/21</td>\n	</tr>\n	<tr>\n		<td class=\"text-right\">公告批文：</td>\n		<td></td>\n	</tr>\n</table>\n'),('bae19e1b-e474-483f-b8ae-714324fbf176','125.70.177.160','2016-04-05','项目管理','修改项目信息','修改项目信息',NULL,'admin','a538004f-b6b2-48e3-8fcb-8ba000a3019a','81e97469-2fd1-4b3c-b3ac-593e5bd1ec6c','\n<table>\n	<tr>\n		<td class=\"text-right\">项目审批号：</td>\n		<td>测试项目审批号</td>\n	</tr>\n	<tr>\n		<td class=\"text-right\">项目名称：</td>\n		<td>测试项目</td>\n	</tr>\n	<tr>\n		<td class=\"text-right\">项目分类：</td>\n		<td></td>\n	</tr>\n	<tr>\n		<td class=\"text-right\">项目地址：</td>\n		<td>高唐街道天河区,大阪街道雨花区,项目地址其他信息</td>\n	</tr>\n	<tr>\n		<td class=\"text-right\">项目类型：</td>\n		<td>其他</td>\n	</tr>\n	<tr>\n		<td class=\"text-right\">征地面积（亩）：</td>\n		<td>100</td>\n	</tr>\n	<tr>\n		<td class=\"text-right\">应拆栋数：</td>\n		<td>100</td>\n	</tr>\n	<tr>\n		<td class=\"text-right\">应拆户数：</td>\n		<td>100</td>\n	</tr>\n	<tr>\n		<td class=\"text-right\">应动迁人口：</td>\n		<td>100</td>\n	</tr>\n	<tr>\n		<td class=\"text-right\">应拆总面积（合法）（平方米）：</td>\n		<td>100</td>\n	</tr>\n	<tr>\n		<td class=\"text-right\">应拆总面积（违章）（平方米）：</td>\n		<td>100</td>\n	</tr>\n	<tr>\n		<td class=\"text-right\">项目应付补偿款（万元）：</td>\n		<td>100</td>\n	</tr>\n	<tr>\n		<td class=\"text-right\">六前项目：</td>\n		<td>是</td>\n	</tr>\n</table>\n'),('bbf9c4e3-50a6-4598-883b-2b9c12fdcea0','118.112.58.104','2016-04-21','社保管理','修改社保信息','修改社保信息',NULL,'admin','8502199d-390e-49e1-a37a-43b5677bc705','81e97469-2fd1-4b3c-b3ac-593e5bd1ec6c','\n<table>\n	<tr>\n		<td class=\"text-right\">姓名：</td>\n		<td>李四</td>\n	</tr>\n	<tr>\n		<td class=\"text-right\">身份证件：</td>\n		<td>430121197205227012</td>\n	</tr>\n	<tr>\n		<td class=\"text-right\">纳入社保时间：</td>\n		<td>2016/04/06</td>\n	</tr>\n	<tr>\n		<td class=\"text-right\">所属社区：</td>\n		<td>1</td>\n	</tr>\n	<tr>\n		<td class=\"text-right\">参加何种医疗保险：</td>\n		<td>2</td>\n	</tr>\n	<tr>\n		<td class=\"text-right\">养老保险补缴年限：</td>\n		<td>3</td>\n	</tr>\n	<tr>\n		<td class=\"text-right\">医疗保险视同缴费月数：</td>\n		<td>4</td>\n	</tr>\n	<tr>\n		<td class=\"text-right\">服刑或劳动教养时间(月)：</td>\n		<td>5</td>\n	</tr>\n	<tr>\n		<td class=\"text-right\">军队服役时间(月)：</td>\n		<td>6</td>\n	</tr>\n</table>\n'),('bc8565e5-2103-43ff-9038-36cc01a06c04','125.70.79.216','2016-04-22','项目管理','录入项目月进度','录入项目月进度',NULL,'admin','a538004f-b6b2-48e3-8fcb-8ba000a3019a','81e97469-2fd1-4b3c-b3ac-593e5bd1ec6c','\n<table>\n	<tr>\n		<td class=\"text-right\">所属项目名称：</td>\n		<td>测试项目</td>\n	</tr>\n	<tr>\n		<td class=\"text-right\">选择录入的所属年/月：</td>\n		<td>2016/04/01</td>\n	</tr>\n	<tr>\n		<td class=\"text-right\">本月拆除栋数(合法)：</td>\n		<td>1</td>\n	</tr>\n	<tr>\n		<td class=\"text-right\">本月腾地数（亩）：</td>\n		<td>1.00</td>\n	</tr>\n	<tr>\n		<td class=\"text-right\">本月拆除面积（合法）（平方米）：</td>\n		<td>1</td>\n	</tr>\n	<tr>\n		<td class=\"text-right\">本月动迁的人口：</td>\n		<td>2</td>\n	</tr>\n	<tr>\n		<td class=\"text-right\">本月下达期限腾地决定书：</td>\n		<td>1</td>\n	</tr>\n	<tr>\n		<td class=\"text-right\">本月申请法院执行数：</td>\n		<td>1</td>\n	</tr>\n	<tr>\n		<td class=\"text-right\">本月实施强制户数：</td>\n		<td>1</td>\n	</tr>\n	<tr>\n		<td class=\"text-right\">启动时间：</td>\n		<td>2016/04/14</td>\n	</tr>\n	<tr>\n		<td class=\"text-right\">是否为本月完成结算项目：</td>\n		<td>是</td>\n	</tr>\n	<tr>\n		<td class=\"text-right\">备注：</td>\n		<td>123</td>\n	</tr>\n</table>\n'),('bd143910-8822-46b7-9251-04e23e750ff9','182.148.57.207','2016-04-07','社保管理','录入社保信息','录入社保信息',NULL,'admin','8502199d-390e-49e1-a37a-43b5677bc705','81e97469-2fd1-4b3c-b3ac-593e5bd1ec6c','\n<table>\n	<tr>\n		<td class=\"text-right\">姓名：</td>\n		<td>小明</td>\n	</tr>\n	<tr>\n		<td class=\"text-right\">身份证件号：</td>\n		<td>15152152105</td>\n	</tr>\n	<tr>\n		<td class=\"text-right\">性别：</td>\n		<td>男</td>\n	</tr>\n	<tr>\n		<td class=\"text-right\">出生日期：</td>\n		<td>2016/04/07</td>\n	</tr>\n	<tr>\n		<td class=\"text-right\">年龄段：</td>\n		<td>第一年龄段</td>\n	</tr>\n	<tr>\n		<td class=\"text-right\">纳入社保时间：</td>\n		<td>2016/04/01</td>\n	</tr>\n	<tr>\n		<td class=\"text-right\">待遇标准：</td>\n		<td>基本养老金</td>\n	</tr>\n	<tr>\n		<td class=\"text-right\">所属社区：</td>\n		<td>所属社区</td>\n	</tr>\n	<tr>\n		<td class=\"text-right\">参加何种医疗保险：</td>\n		<td>参加何种医疗保险</td>\n	</tr>\n	<tr>\n		<td class=\"text-right\">养老保险补缴年限：</td>\n		<td>1</td>\n	</tr>\n	<tr>\n		<td class=\"text-right\">医疗保险视同缴费月数：</td>\n		<td>1</td>\n	</tr>\n	<tr>\n		<td class=\"text-right\">服刑或劳动教养时间(月)：</td>\n		<td>1</td>\n	</tr>\n	<tr>\n		<td class=\"text-right\">军队服役时间(月)：</td>\n		<td>1</td>\n	</tr>\n</table>\n'),('be11058b-21f5-4899-a3af-224fde7087f3','125.70.79.71','2016-04-06','项目管理','手工添加项目信息','手工添加项目信息',NULL,'admin','a538004f-b6b2-48e3-8fcb-8ba000a3019a','81e97469-2fd1-4b3c-b3ac-593e5bd1ec6c','\n<table>\n	<tr>\n        <td class=\"text-right\">项目审批号：</td>\n        <td>测试好好</td>\n	</tr>\n	<tr>\n        <td class=\"text-right\">项目名称：</td>\n        <td>测试项目等等</td>\n	</tr>\n	<tr>\n        <td class=\"text-right\">项目分类：</td>\n        <td>非重点项目</td>\n	</tr>\n	<tr>\n        <td class=\"text-right\">项目地址：</td>\n        <td>地址地址</td>\n	</tr>\n	<tr>\n        <td class=\"text-right\">项目类型：</td>\n        <td>其他</td>\n	</tr>\n	<tr>\n        <td class=\"text-right\">征地面积（亩）：</td>\n        <td>100</td>\n	</tr>\n	<tr>\n        <td class=\"text-right\">应拆栋数：</td>\n        <td>100</td>\n	</tr>\n	<tr>\n        <td class=\"text-right\">应拆户数：</td>\n        <td>100</td>\n	</tr>\n	<tr>\n        <td class=\"text-right\">应动迁人口：</td>\n        <td>100</td>\n	</tr>\n	<tr>\n        <td class=\"text-right\">应拆总面积（合法）（平方米）：</td>\n        <td>100</td>\n	</tr>\n	<tr>\n        <td class=\"text-right\">应拆总面积（违章）（平方米）：</td>\n        <td>100</td>\n	</tr>\n	<tr>\n        <td class=\"text-right\">项目应付补偿款（万元）：</td>\n        <td>100</td>\n	</tr>\n	<tr>\n        <td class=\"text-right\">六前项目：</td>\n        <td>是</td>\n	</tr>\n</table>\n'),('be252e74-a5a0-4b67-9968-99cdae26cd13','125.70.79.216','2016-04-22','项目管理','修改项目月报','修改项目月报',NULL,'admin','a538004f-b6b2-48e3-8fcb-8ba000a3019a','81e97469-2fd1-4b3c-b3ac-593e5bd1ec6c','\n<table>\n	<tr>\n		<td class=\"text-right\">所属项目名称：</td>\n		<td>测试项目</td>\n	</tr>\n	<tr>\n		<td class=\"text-right\">选择录入的所属年/月：</td>\n		<td>2016/04/01</td>\n	</tr>\n	<tr>\n		<td class=\"text-right\">本月拆除栋数(合法)：</td>\n		<td>11</td>\n	</tr>\n	<tr>\n		<td class=\"text-right\">本月腾地数（亩）：</td>\n		<td>1</td>\n	</tr>\n	<tr>\n		<td class=\"text-right\">本月拆除面积（合法）（平方米）：</td>\n		<td>12</td>\n	</tr>\n	<tr>\n		<td class=\"text-right\">本月动迁的人口：</td>\n		<td>2</td>\n	</tr>\n	<tr>\n		<td class=\"text-right\">本月下达期限腾地决定书：</td>\n		<td>1</td>\n	</tr>\n	<tr>\n		<td class=\"text-right\">本月申请法院执行数：</td>\n		<td>1</td>\n	</tr>\n	<tr>\n		<td class=\"text-right\">本月实施强制户数：</td>\n		<td>1</td>\n	</tr>\n	<tr>\n		<td class=\"text-right\">启动时间：</td>\n		<td></td>\n	</tr>\n	<tr>\n		<td class=\"text-right\">是否为本月完成结算项目：</td>\n		<td>是</td>\n	</tr>\n	<tr>\n		<td class=\"text-right\">备注：</td>\n		<td>12323</td>\n	</tr>\n</table>\n'),('beb34b27-bd50-484e-87f4-54a79572c3cc','125.70.79.216','2016-04-22','项目管理','增加项目公告','增加项目公告',NULL,'admin','a538004f-b6b2-48e3-8fcb-8ba000a3019a','81e97469-2fd1-4b3c-b3ac-593e5bd1ec6c','\n<table>\n	<tr>\n		<td class=\"text-right\">所属项目名称：</td>\n		<td>湖南长沙农产品物流中心二期建设项目用地</td>\n	</tr>\n	<tr>\n		<td class=\"text-right\">公告进度：</td>\n		<td>三公告</td>\n	</tr>\n	<tr>\n		<td class=\"text-right\">公告文号：</td>\n		<td>2</td>\n	</tr>\n	<tr>\n		<td class=\"text-right\">公告时间：</td>\n		<td>2016/04/22</td>\n	</tr>\n	<tr>\n		<td class=\"text-right\">公告批文：</td>\n		<td></td>\n	</tr>\n</table>\n'),('c1009529-a5f6-4152-8707-aac10e573713','175.8.60.56','2016-04-25','项目管理','录入项目月进度','录入项目月进度',NULL,'12345','a538004f-b6b2-48e3-8fcb-8ba000a3019a','91b075a7-f6c3-4992-bb87-87a03464e93e','\n<table>\n	<tr>\n		<td class=\"text-right\">所属项目名称：</td>\n		<td>地铁三号线张公塘停车场</td>\n	</tr>\n	<tr>\n		<td class=\"text-right\">选择录入的所属年/月：</td>\n		<td>2016/02/01</td>\n	</tr>\n	<tr>\n		<td class=\"text-right\">本月拆除栋数(合法)：</td>\n		<td>2</td>\n	</tr>\n	<tr>\n		<td class=\"text-right\">本月腾地数（亩）：</td>\n		<td>8.23</td>\n	</tr>\n	<tr>\n		<td class=\"text-right\">本月拆除面积（合法）（平方米）：</td>\n		<td>920</td>\n	</tr>\n	<tr>\n		<td class=\"text-right\">本月动迁的人口：</td>\n		<td>9</td>\n	</tr>\n	<tr>\n		<td class=\"text-right\">本月下达期限腾地决定书：</td>\n		<td>0</td>\n	</tr>\n	<tr>\n		<td class=\"text-right\">本月申请法院执行数：</td>\n		<td>0</td>\n	</tr>\n	<tr>\n		<td class=\"text-right\">本月实施强制户数：</td>\n		<td>0</td>\n	</tr>\n	<tr>\n		<td class=\"text-right\">启动时间：</td>\n		<td>2016/02/10</td>\n	</tr>\n	<tr>\n		<td class=\"text-right\">是否为本月完成结算项目：</td>\n		<td>否</td>\n	</tr>\n	<tr>\n		<td class=\"text-right\">备注：</td>\n		<td></td>\n	</tr>\n</table>\n'),('c10fe718-d6e7-4549-86ad-3ce19ede9aeb','125.70.79.216','2016-04-22','项目管理','修改项目公告','修改项目公告',NULL,'admin','a538004f-b6b2-48e3-8fcb-8ba000a3019a','81e97469-2fd1-4b3c-b3ac-593e5bd1ec6c','\n<table>\n	<tr>\n		<td class=\"text-right\">所属项目名称：</td>\n		<td>湖南长沙农产品物流中心二期建设项目用地</td>\n	</tr>\n	<tr>\n		<td class=\"text-right\">公告进度：</td>\n		<td>二公告</td>\n	</tr>\n	<tr>\n		<td class=\"text-right\">公告文号：</td>\n		<td>二公告</td>\n	</tr>\n	<tr>\n		<td class=\"text-right\">公告时间：</td>\n		<td>2016/04/22</td>\n	</tr>\n	<tr>\n		<td class=\"text-right\">公告批文：</td>\n		<td></td>\n	</tr>\n</table>\n'),('c172999b-9de0-49a0-919b-53cba027db5d','118.112.56.76','2016-03-29','项目管理','增加项目公告','增加项目公告',NULL,'admin','a538004f-b6b2-48e3-8fcb-8ba000a3019a','81e97469-2fd1-4b3c-b3ac-593e5bd1ec6c','\n<table>\n	<tr>\n		<td class=\"text-right\">所属项目名称：</td>\n		<td>测试项目</td>\n	</tr>\n	<tr>\n		<td class=\"text-right\">公告进度：</td>\n		<td>\n							一公告</td>\n	</tr>\n	<tr>\n		<td class=\"text-right\">公告文号：</td>\n		<td>123</td>\n	</tr>\n	<tr>\n		<td class=\"text-right\">公告时间：</td>\n		<td>2016/03/29</td>\n	</tr>\n	<tr>\n		<td class=\"text-right\">公告批文：</td>\n		<td></td>\n	</tr>\n</table>\n'),('c363f272-5e60-4274-ae13-f1c0ee07bae3','118.112.58.104','2016-04-21','项目管理','增加项目公告','增加项目公告',NULL,'admin','a538004f-b6b2-48e3-8fcb-8ba000a3019a','81e97469-2fd1-4b3c-b3ac-593e5bd1ec6c','\n<table>\n	<tr>\n		<td class=\"text-right\">所属项目名称：</td>\n		<td>地铁轨道交通3号线龙角站</td>\n	</tr>\n	<tr>\n		<td class=\"text-right\">公告进度：</td>\n		<td>二公告</td>\n	</tr>\n	<tr>\n		<td class=\"text-right\">公告文号：</td>\n		<td>61215</td>\n	</tr>\n	<tr>\n		<td class=\"text-right\">公告时间：</td>\n		<td>2016/04/21</td>\n	</tr>\n	<tr>\n		<td class=\"text-right\">公告批文：</td>\n		<td></td>\n	</tr>\n</table>\n'),('c40204d3-cf26-48c2-935c-c9dbc246c4eb','175.8.61.167','2016-04-06','拆迁户管理','修改拆迁户人员','修改拆迁户人员信息',NULL,'12345','be769d24-1b19-472a-9f68-fc82c800ad29','91b075a7-f6c3-4992-bb87-87a03464e93e','\n<table>\n	<tr>\n		<td class=\"text-right\">姓名：</td>\n		<td>廖开明</td>\n	</tr>\n	<tr>\n		<td class=\"text-right\">与户主关系：</td>\n		<td>妻子</td>\n	</tr>\n	<tr>\n		<td class=\"text-right\">身份证件：</td>\n		<td>430121194901231726</td>\n	</tr>\n	<tr>\n		<td class=\"text-right\">性别：</td>\n		<td>女</td>\n	</tr>\n	<tr>\n		<td class=\"text-right\">户口性质：</td>\n		<td>农村居民</td>\n	</tr>\n	<tr>\n		<td class=\"text-right\">出生日期：</td>\n		<td>1949/01/23</td>\n	</tr>\n	<tr>\n		<td class=\"text-right\">文化程度：</td>\n		<td></td>\n	</tr>\n	<tr>\n		<td class=\"text-right\">在读情况：</td>\n		<td></td>\n	</tr>\n	<tr>\n		<td class=\"text-right\">从事农业劳动时间：</td>\n		<td></td>\n	</tr>\n	<tr>\n		<td class=\"text-right\">服兵役/劳改/劳教情况及时间起止段：</td>\n		<td></td>\n	</tr>\n	<tr>\n		<td class=\"text-right\">联系电话：</td>\n		<td></td>\n	</tr>\n	<tr>\n		<td class=\"text-right\">独生子女证件号：</td>\n		<td></td>\n	</tr>\n	<tr>\n		<td class=\"text-right\">是否半边户：</td>\n		<td>是</td>\n	</tr>\n	<tr>\n		<td class=\"text-right\">是否参加过社会保险：</td>\n		<td>否</td>\n	</tr>\n	<tr>\n		<td class=\"text-right\">备注：</td>\n		<td>测试</td>\n	</tr>\n</table>\n'),('c575a301-da31-416c-adf0-c5e8ccef301a','118.112.56.76','2016-03-29','项目管理','手工添加项目信息','手工添加项目信息',NULL,'admin','a538004f-b6b2-48e3-8fcb-8ba000a3019a','81e97469-2fd1-4b3c-b3ac-593e5bd1ec6c','\n<table>\n	<tr>\n        <td class=\"text-right\">项目审批号：</td>\n        <td>1233</td>\n	</tr>\n	<tr>\n        <td class=\"text-right\">项目名称：</td>\n        <td>3222222222</td>\n	</tr>\n	<tr>\n        <td class=\"text-right\">项目分类：</td>\n        <td>省市重点项目</td>\n	</tr>\n	<tr>\n        <td class=\"text-right\">项目地址：</td>\n        <td>高唐街道天河区,23</td>\n	</tr>\n	<tr>\n        <td class=\"text-right\">项目类型：</td>\n        <td>其他</td>\n	</tr>\n	<tr>\n        <td class=\"text-right\">征地面积（亩）：</td>\n        <td>12</td>\n	</tr>\n	<tr>\n        <td class=\"text-right\">应拆栋数：</td>\n        <td>12</td>\n	</tr>\n	<tr>\n        <td class=\"text-right\">应拆户数：</td>\n        <td>12</td>\n	</tr>\n	<tr>\n        <td class=\"text-right\">应动迁人口：</td>\n        <td>12</td>\n	</tr>\n	<tr>\n        <td class=\"text-right\">应拆总面积（合法）（平方米）：</td>\n        <td>12</td>\n	</tr>\n	<tr>\n        <td class=\"text-right\">应拆总面积（违章）（平方米）：</td>\n        <td>12</td>\n	</tr>\n	<tr>\n        <td class=\"text-right\">项目应付补偿款（万元）：</td>\n        <td>2112</td>\n	</tr>\n	<tr>\n        <td class=\"text-right\">六前项目：</td>\n        <td>是</td>\n	</tr>\n</table>\n'),('c74b9083-2278-4706-b17b-11c4a8c4bb72','182.148.57.207','2016-04-07','购房券制发','录入项目出资单位','录入项目出资单位',NULL,'admin','6b3dac14-8116-4aad-8643-c54821ebf93c','81e97469-2fd1-4b3c-b3ac-593e5bd1ec6c','\n<table>\n	<tr>\n		<td class=\"text-right\">项目审批号：</td>\n		<td>导入项目审批号A</td>\n	</tr>\n	<tr>\n		<td class=\"text-right\">项目名称：</td>\n		<td>导入项目名称A</td>\n	</tr>\n	<tr>\n		<td class=\"text-right\">项目分类：</td>\n		<td></td>\n	</tr>\n	<tr>\n		<td class=\"text-right\">项目地址：</td>\n		<td>导入项目地址A</td>\n	</tr>\n	<tr>\n		<td class=\"text-right\">项目类型：</td>\n		<td>其他</td>\n	</tr>\n	<tr>\n		<td class=\"text-right\">国土局出资单位名称：</td>\n		<td>100</td>\n	</tr>\n	<tr>\n		<td class=\"text-right\">其他出资单位名称：</td>\n		<td>100</td>\n	</tr>\n</table>\n'),('c800bf3d-7008-4b30-91cd-18d1d8b1c823','175.8.61.167','2016-04-06','拆迁户管理','手工添加拆迁户','手工添加拆迁户',NULL,'12345','be769d24-1b19-472a-9f68-fc82c800ad29','91b075a7-f6c3-4992-bb87-87a03464e93e','\n<style type=\"text/css\">\n.autoTbale td,.autoTbale th {\n	white-space: nowrap;\n}\n</style>\n<table>\n	<tr>\n		<td class=\"text-right\">户主姓名：</td>\n		<td>杜应海</td>\n	</tr>\n	<tr>\n		<td class=\"text-right\">选择所属项目：</td>\n		<td>长沙磁浮工程建设项目（测试）</td>\n	</tr>\n	<tr>\n		<td class=\"text-right\">房屋合法面积（平方米）：</td>\n		<td>420</td>\n	</tr>\n	<tr>\n		<td class=\"text-right\">房屋违章面积（平方米）：</td>\n		<td></td>\n	</tr>\n	<tr>\n		<td class=\"text-right\">所属地址：</td>\n		<td>高唐街道天河区天河1组</td>\n	</tr>\n	<tr>\n		<td class=\"text-right\">批证及其他情况说明：</td>\n		<td></td>\n	</tr>\n	<tr>\n		<td class=\"text-right\">拟定处理方案：</td>\n		<td></td>\n	</tr>\n	<tr>\n		<td class=\"text-right\">联合会审意见：</td>\n		<td></td>\n	</tr>\n	<tr>\n		<td class=\"text-right\">备注：</td>\n		<td></td>\n	</tr>\n	<tr>\n		<td class=\"text-right\">联合会审附件：</td>\n		<td></td>\n	</tr>\n	<tr>\n		<td class=\"text-right\">高拍仪拍照：</td>\n		<td></td>\n	</tr>\n	<tr>\n		<td class=\"text-right\">房屋照片管理：</td>\n		<td></td>\n	</tr>\n	<tr>\n		<td class=\"text-right\">家庭成员数：</td>\n		<td>6</td>\n	</tr>\n</table>\n<div style=\"overflow-x:auto;width: 100%;\">\n	<table class=\"table table-hover table-bordered autoTbale\">\n		<thead>\n			<tr>\n				<td>姓名</td>\n				<td>与户主关系</td>\n				<td>身份证件</td>\n				<td>性别</td>\n				<td>户口性质</td>\n				<td>出生日期</td>\n				<td>文化程度</td>\n				<td>在读情况</td>\n				<td>从事农业劳动时间</td>\n				<td>服兵役/劳改/劳教情况及时间起止段</td>\n				<td>联系电话</td>\n				<td>独生子女证件号</td>\n				<td>是否半边户</td>\n				<td>是否参加过社会保险</td>\n				<td>备注</td>\n			</tr>\n		</thead>\n		<tbody>\n			<tr>\n				<td>杜应海</td>\n				<td>户主</td>\n				<td>430121195001201737</td>\n				<td>男</td>\n				<td>农村居民</td>\n				<td>1950/01/20</td>\n				<td></td>\n				<td></td>\n				<td></td>\n				<td></td>\n				<td></td>\n				<td></td>\n				<td>否</td>\n				<td>否</td>\n				<td>测试</td>\n			</tr>\n			<tr>\n				<td>罗德良</td>\n				<td>妻子</td>\n				<td>430121195208071749</td>\n				<td>女</td>\n				<td>农村居民</td>\n				<td>1952/08/07</td>\n				<td></td>\n				<td></td>\n				<td></td>\n				<td></td>\n				<td></td>\n				<td></td>\n				<td>否</td>\n				<td>否</td>\n				<td>测试</td>\n			</tr>\n			<tr>\n				<td>杜军</td>\n				<td>儿子</td>\n				<td>430121197210181794</td>\n				<td>男</td>\n				<td>农村居民</td>\n				<td>1972/10/18</td>\n				<td></td>\n				<td></td>\n				<td></td>\n				<td></td>\n				<td></td>\n				<td></td>\n				<td>否</td>\n				<td>否</td>\n				<td>测试</td>\n			</tr>\n			<tr>\n				<td>师灿英</td>\n				<td>其他-儿媳</td>\n				<td>430121197406291784</td>\n				<td>女</td>\n				<td>农村居民</td>\n				<td>1974/06/29</td>\n				<td></td>\n				<td></td>\n				<td></td>\n				<td></td>\n				<td></td>\n				<td></td>\n				<td>否</td>\n				<td>否</td>\n				<td>测试</td>\n			</tr>\n			<tr>\n				<td>杜钰莹</td>\n				<td>其他-孙女</td>\n				<td>43012120000106182x</td>\n				<td>女</td>\n				<td>农村居民</td>\n				<td>2000/01/06</td>\n				<td></td>\n				<td></td>\n				<td></td>\n				<td></td>\n				<td></td>\n				<td></td>\n				<td>否</td>\n				<td>否</td>\n				<td>测试</td>\n			</tr>\n			<tr>\n				<td>杜钰杰</td>\n				<td>其他-孙子</td>\n				<td>430121200409291813</td>\n				<td>男</td>\n				<td>农村居民</td>\n				<td>2004/09/29</td>\n				<td></td>\n				<td></td>\n				<td></td>\n				<td></td>\n				<td></td>\n				<td></td>\n				<td>否</td>\n				<td>否</td>\n				<td>测试</td>\n			</tr>\n		</tbody>\n	</table>\n</div>\n'),('c85c3f9d-5bb3-46d0-9c74-373777318da6','175.8.61.167','2016-04-06','拆迁户管理','手工添加拆迁户','手工添加拆迁户',NULL,'12345','be769d24-1b19-472a-9f68-fc82c800ad29','91b075a7-f6c3-4992-bb87-87a03464e93e','\n<style type=\"text/css\">\n.autoTbale td,.autoTbale th {\n	white-space: nowrap;\n}\n</style>\n<table>\n	<tr>\n		<td class=\"text-right\">户主姓名：</td>\n		<td>刘清</td>\n	</tr>\n	<tr>\n		<td class=\"text-right\">选择所属项目：</td>\n		<td>长沙县长沙师范学校第二校区建设项目（测试</td>\n	</tr>\n	<tr>\n		<td class=\"text-right\">房屋合法面积（平方米）：</td>\n		<td></td>\n	</tr>\n	<tr>\n		<td class=\"text-right\">房屋违章面积（平方米）：</td>\n		<td></td>\n	</tr>\n	<tr>\n		<td class=\"text-right\">所属地址：</td>\n		<td>高唐街道青牛区青牛1组</td>\n	</tr>\n	<tr>\n		<td class=\"text-right\">批证及其他情况说明：</td>\n		<td></td>\n	</tr>\n	<tr>\n		<td class=\"text-right\">拟定处理方案：</td>\n		<td></td>\n	</tr>\n	<tr>\n		<td class=\"text-right\">联合会审意见：</td>\n		<td></td>\n	</tr>\n	<tr>\n		<td class=\"text-right\">备注：</td>\n		<td></td>\n	</tr>\n	<tr>\n		<td class=\"text-right\">联合会审附件：</td>\n		<td></td>\n	</tr>\n	<tr>\n		<td class=\"text-right\">高拍仪拍照：</td>\n		<td></td>\n	</tr>\n	<tr>\n		<td class=\"text-right\">房屋照片管理：</td>\n		<td></td>\n	</tr>\n	<tr>\n		<td class=\"text-right\">家庭成员数：</td>\n		<td>2</td>\n	</tr>\n</table>\n<div style=\"overflow-x:auto;width: 100%;\">\n	<table class=\"table table-hover table-bordered autoTbale\">\n		<thead>\n			<tr>\n				<td>姓名</td>\n				<td>与户主关系</td>\n				<td>身份证件</td>\n				<td>性别</td>\n				<td>户口性质</td>\n				<td>出生日期</td>\n				<td>文化程度</td>\n				<td>在读情况</td>\n				<td>从事农业劳动时间</td>\n				<td>服兵役/劳改/劳教情况及时间起止段</td>\n				<td>联系电话</td>\n				<td>独生子女证件号</td>\n				<td>是否半边户</td>\n				<td>是否参加过社会保险</td>\n				<td>备注</td>\n			</tr>\n		</thead>\n		<tbody>\n			<tr>\n				<td>刘清</td>\n				<td>户主</td>\n				<td>430121196912277913</td>\n				<td>男</td>\n				<td>农村居民</td>\n				<td>1969/12/27</td>\n				<td></td>\n				<td></td>\n				<td></td>\n				<td></td>\n				<td></td>\n				<td>19691227</td>\n				<td>否</td>\n				<td>否</td>\n				<td>测试</td>\n			</tr>\n			<tr>\n				<td>李晓春</td>\n				<td>妻子</td>\n				<td>430121196801087922</td>\n				<td>女</td>\n				<td>农村居民</td>\n				<td>1968/01/08</td>\n				<td></td>\n				<td></td>\n				<td></td>\n				<td></td>\n				<td></td>\n				<td></td>\n				<td>是</td>\n				<td>否</td>\n				<td>测试</td>\n			</tr>\n		</tbody>\n	</table>\n</div>\n'),('c95b9749-5f01-4f72-a033-57f5f75420c1','125.70.79.216','2016-04-22','项目管理','修改项目公告','修改项目公告',NULL,'admin','a538004f-b6b2-48e3-8fcb-8ba000a3019a','81e97469-2fd1-4b3c-b3ac-593e5bd1ec6c','\n<table>\n	<tr>\n		<td class=\"text-right\">所属项目名称：</td>\n		<td>测试项目</td>\n	</tr>\n	<tr>\n		<td class=\"text-right\">公告进度：</td>\n		<td>三公告</td>\n	</tr>\n	<tr>\n		<td class=\"text-right\">公告文号：</td>\n		<td>三公告</td>\n	</tr>\n	<tr>\n		<td class=\"text-right\">公告时间：</td>\n		<td>2016/04/22</td>\n	</tr>\n	<tr>\n		<td class=\"text-right\">公告批文：</td>\n		<td></td>\n	</tr>\n</table>\n'),('cb900b28-5465-4755-ada5-ca7ed03833e1','182.148.59.67','2016-04-27','社保管理','导入社保信息','导入社保信息',NULL,'admin','8502199d-390e-49e1-a37a-43b5677bc705','81e97469-2fd1-4b3c-b3ac-593e5bd1ec6c','\n<style type=\"text/css\">\n.autoTbale td,.autoTbale th {\n	white-space: nowrap;\n}\n</style>\n<div style=\"overflow-x:auto;width: 100%;\">\n	<table class=\"table table-hover table-bordered autoTbale\">\n		<thead>\n			<tr>\n				<td>姓名</td>\n				<td>身份证件号</td>\n				<td>性别</td>\n				<td>出生日期</td>\n				<td>年龄段</td>\n				<td>从事农业生产时间</td>\n				<td>服刑或劳动教养时间(月)</td>\n				<td>军队服役时间(月)</td>\n				<td>养老保险补缴年限</td>\n				<td>医疗保险视同缴费月数</td>\n				<td>参加何种医疗保险</td>\n				<td>是否参加过社会保险</td>\n				<td>所属社区</td>\n				<td>联系电话</td>\n				<td>征地名称</td>\n			</tr>\n		</thead>\n		<tbody>\n		</tbody>\n	</table>\n</div>\n'),('cc7fc260-1e3d-4345-b103-359b01982f61','125.70.79.216','2016-04-22','项目管理','修改项目公告','修改项目公告',NULL,'admin','a538004f-b6b2-48e3-8fcb-8ba000a3019a','81e97469-2fd1-4b3c-b3ac-593e5bd1ec6c','\n<table>\n	<tr>\n		<td class=\"text-right\">所属项目名称：</td>\n		<td>测试项目</td>\n	</tr>\n	<tr>\n		<td class=\"text-right\">公告进度：</td>\n		<td>\n							一公告</td>\n	</tr>\n	<tr>\n		<td class=\"text-right\">公告文号：</td>\n		<td>一公告</td>\n	</tr>\n	<tr>\n		<td class=\"text-right\">公告时间：</td>\n		<td>2016/04/22</td>\n	</tr>\n	<tr>\n		<td class=\"text-right\">公告批文：</td>\n		<td></td>\n	</tr>\n</table>\n'),('cdaf451f-970e-4608-87d8-58f2a43ba92a','118.112.56.76','2016-03-29','档案文件管理','录入档案文件','录入档案文件',NULL,'12345','9349a42d-2b03-4370-8b77-04a39f2caa5d','91b075a7-f6c3-4992-bb87-87a03464e93e','\n<table>\n	<tr>\n		<td class=\"text-right\">档案文件标题：</td>\n		<td>ddd</td>\n	</tr>\n	<tr>\n		<td class=\"text-right\">档案文件类型：</td>\n		<td>征地补偿办法</td>\n	</tr>\n	<tr>\n		<td class=\"text-right\">高拍仪拍照：</td>\n		<td></td>\n	</tr>\n	<tr>\n		<td class=\"text-right\">附件：</td>\n		<td></td>\n	</tr>\n	<tr>\n		<td class=\"text-right\">内容：</td>\n		<td><p><span style=\"font-weight: bold;\">ddd<span style=\"background-color: yellow;\">烦烦烦</span></span></p></td>\n	</tr>\n</table>\n'),('cdfdfc8a-96ef-468f-a2df-062e1d4bbcfc','175.9.36.97','2016-03-28','购房券制发','手工添加购房券信息','手工添加购房券信息',NULL,'12345','6b3dac14-8116-4aad-8643-c54821ebf93c','91b075a7-f6c3-4992-bb87-87a03464e93e','\n<table>\n	<tr>\n		<td class=\"text-right\">姓名：</td>\n		<td>张三</td>\n	</tr>\n	<tr>\n		<td class=\"text-right\">身份证件：</td>\n		<td>43012119800606451x</td>\n	</tr>\n	<tr>\n		<td class=\"text-right\">购房券金额（万元）：</td>\n		<td>25</td>\n	</tr>\n	<tr>\n		<td class=\"text-right\">购房券券号：</td>\n		<td>647365814578347</td>\n	</tr>\n	<tr>\n		<td class=\"text-right\">制券时间：</td>\n		<td>2016/03/28</td>\n	</tr>\n</table>\n'),('cfe50ccd-dd5a-44ae-9b2d-3b1a93dbeddb','110.184.69.21','2016-04-09','档案文件管理','录入档案文件','录入档案文件',NULL,'12345','9349a42d-2b03-4370-8b77-04a39f2caa5d','91b075a7-f6c3-4992-bb87-87a03464e93e','\n<table>\n	<tr>\n		<td class=\"text-right\">档案文件标题：</td>\n		<td>test</td>\n	</tr>\n	<tr>\n		<td class=\"text-right\">档案文件类型：</td>\n		<td>征地补偿办法</td>\n	</tr>\n	<tr>\n		<td class=\"text-right\">高拍仪拍照：</td>\n		<td></td>\n	</tr>\n	<tr>\n		<td class=\"text-right\">附件：</td>\n		<td></td>\n	</tr>\n	<tr>\n		<td class=\"text-right\">内容：</td>\n		<td><p>testtesttest<br></p></td>\n	</tr>\n</table>\n'),('d053d7d8-b109-45d8-b383-a7c79aa502d4','182.148.57.207','2016-04-07','购房券制发','手工添加人员信息以及购房券信息','手工添加人员信息以及购房券信息',NULL,'admin','6b3dac14-8116-4aad-8643-c54821ebf93c','81e97469-2fd1-4b3c-b3ac-593e5bd1ec6c','\n<table>\n	<tr>\n		<td class=\"text-right\">户主姓名：</td>\n		<td>小明</td>\n	</tr>\n	<tr>\n		<td class=\"text-right\">户主身份证件：</td>\n		<td>15152152105</td>\n	</tr>\n	<tr>\n		<td class=\"text-right\">人员姓名：</td>\n		<td>姓名A</td>\n	</tr>\n	<tr>\n		<td class=\"text-right\">与户主关系：</td>\n		<td>儿子</td>\n	</tr>\n	<tr>\n		<td class=\"text-right\">身份证件：</td>\n		<td>5511115</td>\n	</tr>\n	<tr>\n		<td class=\"text-right\">性别：</td>\n		<td>女</td>\n	</tr>\n	<tr>\n		<td class=\"text-right\">户口性质：</td>\n		<td>农村居民</td>\n	</tr>\n	<tr>\n		<td class=\"text-right\">出生日期：</td>\n		<td>2016/04/06</td>\n	</tr>\n	<tr>\n		<td class=\"text-right\">文化程度：</td>\n		<td>文化程度</td>\n	</tr>\n	<tr>\n		<td class=\"text-right\">在读情况：</td>\n		<td>在读情况</td>\n	</tr>\n	<tr>\n		<td class=\"text-right\">从事农业劳动时间：</td>\n		<td>从事农业劳动时间</td>\n	</tr>\n	<tr>\n		<td class=\"text-right\">服兵役/劳改/劳教情况及时间起止段：</td>\n		<td>服兵役/劳改/劳教情况及时间起止段</td>\n	</tr>\n	<tr>\n		<td class=\"text-right\">联系电话：</td>\n		<td>联系电话</td>\n	</tr>\n	<tr>\n		<td class=\"text-right\">独生子女证件号：</td>\n		<td>独生子女证件号</td>\n	</tr>\n	<tr>\n		<td class=\"text-right\">是否半边户：</td>\n		<td>是</td>\n	</tr>\n	<tr>\n		<td class=\"text-right\">是否参加过社会保险：</td>\n		<td>是</td>\n	</tr>\n	<tr>\n		<td class=\"text-right\">备注：</td>\n		<td>多吃点</td>\n	</tr>\n</table>\n'),('d0c61a81-095b-43b0-bce3-577bd6416927','182.148.57.207','2016-04-07','购房券制发','购房券个人发放','购房券个人发放',NULL,'admin','6b3dac14-8116-4aad-8643-c54821ebf93c','81e97469-2fd1-4b3c-b3ac-593e5bd1ec6c','\n<table>\n	<tr>\n		<td class=\"text-right\">购房券所属人姓名：</td>\n		<td>导入人员B</td>\n	</tr>\n	<tr>\n		<td class=\"text-right\">购房券所属人身份证件：</td>\n		<td>111111155</td>\n	</tr>\n	<tr>\n		<td class=\"text-right\">购房券券号：</td>\n		<td>1001</td>\n	</tr>\n	<tr>\n		<td class=\"text-right\">补贴金额（万元）：</td>\n		<td>100</td>\n	</tr>\n	<tr>\n		<td class=\"text-right\">制券时间：</td>\n		<td>2016/04/07</td>\n	</tr>\n	<tr>\n		<td class=\"text-right\">领用人姓名：</td>\n		<td>1</td>\n	</tr>\n	<tr>\n		<td class=\"text-right\">领用人身份证件：</td>\n		<td>2</td>\n	</tr>\n	<tr>\n		<td class=\"text-right\">领用时间：</td>\n		<td>2016/04/07</td>\n	</tr>\n	<tr>\n		<td class=\"text-right\">领用凭证：</td>\n		<td>uploadFile/evidence_files/9211e9b1-4116-44aa-a58f-7e524558b5f7.jpg</td>\n	</tr>\n	<tr>\n		<td class=\"text-right\">领取备注：</td>\n		<td>123</td>\n	</tr>\n</table>\n'),('d0fe27f2-1c03-4ed4-b8b0-cb831bde131a','182.148.57.207','2016-04-07','拆迁户管理','手工添加人员信息','手工添加人员信息',NULL,'admin','be769d24-1b19-472a-9f68-fc82c800ad29','81e97469-2fd1-4b3c-b3ac-593e5bd1ec6c','\n<table>\n	<tr>\n		<td class=\"text-right\">户主姓名：</td>\n		<td></td>\n	</tr>\n	<tr>\n		<td class=\"text-right\">户主身份证件：</td>\n		<td></td>\n	</tr>\n	<tr>\n		<td class=\"text-right\">人员姓名：</td>\n		<td>12333333</td>\n	</tr>\n	<tr>\n		<td class=\"text-right\">与户主关系：</td>\n		<td>儿子</td>\n	</tr>\n	<tr>\n		<td class=\"text-right\">身份证件：</td>\n		<td>122e23e</td>\n	</tr>\n	<tr>\n		<td class=\"text-right\">性别：</td>\n		<td>女</td>\n	</tr>\n	<tr>\n		<td class=\"text-right\">户口性质：</td>\n		<td>城镇居民</td>\n	</tr>\n	<tr>\n		<td class=\"text-right\">出生日期：</td>\n		<td>2016/04/12</td>\n	</tr>\n	<tr>\n		<td class=\"text-right\">文化程度：</td>\n		<td></td>\n	</tr>\n	<tr>\n		<td class=\"text-right\">在读情况：</td>\n		<td></td>\n	</tr>\n	<tr>\n		<td class=\"text-right\">从事农业劳动时间：</td>\n		<td></td>\n	</tr>\n	<tr>\n		<td class=\"text-right\">服兵役/劳改/劳教情况及时间起止段：</td>\n		<td></td>\n	</tr>\n	<tr>\n		<td class=\"text-right\">联系电话：</td>\n		<td></td>\n	</tr>\n	<tr>\n		<td class=\"text-right\">独生子女证件号：</td>\n		<td></td>\n	</tr>\n	<tr>\n		<td class=\"text-right\">是否半边户：</td>\n		<td>否</td>\n	</tr>\n	<tr>\n		<td class=\"text-right\">是否参加过社会保险：</td>\n		<td>否</td>\n	</tr>\n	<tr>\n		<td class=\"text-right\">备注：</td>\n		<td></td>\n	</tr>\n</table>\n'),('d10c46ad-54f3-44e1-8fa4-2839a5723e1a','118.112.58.104','2016-04-21','项目管理','增加项目公告','增加项目公告',NULL,'admin','a538004f-b6b2-48e3-8fcb-8ba000a3019a','81e97469-2fd1-4b3c-b3ac-593e5bd1ec6c','\n<table>\n	<tr>\n		<td class=\"text-right\">所属项目名称：</td>\n		<td>项目名称1</td>\n	</tr>\n	<tr>\n		<td class=\"text-right\">公告进度：</td>\n		<td>三公告</td>\n	</tr>\n	<tr>\n		<td class=\"text-right\">公告文号：</td>\n		<td>56844</td>\n	</tr>\n	<tr>\n		<td class=\"text-right\">公告时间：</td>\n		<td>2016/04/21</td>\n	</tr>\n	<tr>\n		<td class=\"text-right\">公告批文：</td>\n		<td></td>\n	</tr>\n</table>\n'),('d1e05db7-90c6-4ade-a7d2-5a5863bd09f0','175.8.61.167','2016-04-06','拆迁户管理','手工添加拆迁户','手工添加拆迁户',NULL,'12345','be769d24-1b19-472a-9f68-fc82c800ad29','91b075a7-f6c3-4992-bb87-87a03464e93e','\n<style type=\"text/css\">\n.autoTbale td,.autoTbale th {\n	white-space: nowrap;\n}\n</style>\n<table>\n	<tr>\n		<td class=\"text-right\">户主姓名：</td>\n		<td>马秀云</td>\n	</tr>\n	<tr>\n		<td class=\"text-right\">选择所属项目：</td>\n		<td>长沙县长沙师范学校第二校区建设项目（测试</td>\n	</tr>\n	<tr>\n		<td class=\"text-right\">房屋合法面积（平方米）：</td>\n		<td></td>\n	</tr>\n	<tr>\n		<td class=\"text-right\">房屋违章面积（平方米）：</td>\n		<td></td>\n	</tr>\n	<tr>\n		<td class=\"text-right\">所属地址：</td>\n		<td>大阪街道雨花区雨花组</td>\n	</tr>\n	<tr>\n		<td class=\"text-right\">批证及其他情况说明：</td>\n		<td></td>\n	</tr>\n	<tr>\n		<td class=\"text-right\">拟定处理方案：</td>\n		<td></td>\n	</tr>\n	<tr>\n		<td class=\"text-right\">联合会审意见：</td>\n		<td></td>\n	</tr>\n	<tr>\n		<td class=\"text-right\">备注：</td>\n		<td></td>\n	</tr>\n	<tr>\n		<td class=\"text-right\">联合会审附件：</td>\n		<td></td>\n	</tr>\n	<tr>\n		<td class=\"text-right\">高拍仪拍照：</td>\n		<td></td>\n	</tr>\n	<tr>\n		<td class=\"text-right\">房屋照片管理：</td>\n		<td></td>\n	</tr>\n	<tr>\n		<td class=\"text-right\">家庭成员数：</td>\n		<td>5</td>\n	</tr>\n</table>\n<div style=\"overflow-x:auto;width: 100%;\">\n	<table class=\"table table-hover table-bordered autoTbale\">\n		<thead>\n			<tr>\n				<td>姓名</td>\n				<td>与户主关系</td>\n				<td>身份证件</td>\n				<td>性别</td>\n				<td>户口性质</td>\n				<td>出生日期</td>\n				<td>文化程度</td>\n				<td>在读情况</td>\n				<td>从事农业劳动时间</td>\n				<td>服兵役/劳改/劳教情况及时间起止段</td>\n				<td>联系电话</td>\n				<td>独生子女证件号</td>\n				<td>是否半边户</td>\n				<td>是否参加过社会保险</td>\n				<td>备注</td>\n			</tr>\n		</thead>\n		<tbody>\n			<tr>\n				<td>马秀云</td>\n				<td>户主</td>\n				<td>430121194910147921</td>\n				<td>女</td>\n				<td>农村居民</td>\n				<td>1949/10/14</td>\n				<td></td>\n				<td></td>\n				<td></td>\n				<td></td>\n				<td></td>\n				<td></td>\n				<td>否</td>\n				<td>否</td>\n				<td>测试</td>\n			</tr>\n			<tr>\n				<td>孙海涛</td>\n				<td>丈夫</td>\n				<td>430121194608089716</td>\n				<td>男</td>\n				<td>农村居民</td>\n				<td>1946/08/08</td>\n				<td></td>\n				<td></td>\n				<td></td>\n				<td></td>\n				<td></td>\n				<td></td>\n				<td>是</td>\n				<td>否</td>\n				<td>测试</td>\n			</tr>\n			<tr>\n				<td>孙利红</td>\n				<td>儿子</td>\n				<td>430121197205227911</td>\n				<td>男</td>\n				<td>农村居民</td>\n				<td>1972/05/22</td>\n				<td></td>\n				<td></td>\n				<td></td>\n				<td></td>\n				<td></td>\n				<td></td>\n				<td>否</td>\n				<td>否</td>\n				<td>测试</td>\n			</tr>\n			<tr>\n				<td>马建红</td>\n				<td>其他-儿媳</td>\n				<td>430121197505010044</td>\n				<td>女</td>\n				<td>农村居民</td>\n				<td>1975/05/01</td>\n				<td></td>\n				<td></td>\n				<td></td>\n				<td></td>\n				<td></td>\n				<td></td>\n				<td>否</td>\n				<td>否</td>\n				<td>测试</td>\n			</tr>\n			<tr>\n				<td>孙思浩</td>\n				<td>其他-孙子</td>\n				<td>430121200902280237</td>\n				<td>男</td>\n				<td>农村居民</td>\n				<td>2009/02/28</td>\n				<td></td>\n				<td></td>\n				<td></td>\n				<td></td>\n				<td></td>\n				<td>20090228</td>\n				<td>否</td>\n				<td>否</td>\n				<td>测试</td>\n			</tr>\n		</tbody>\n	</table>\n</div>\n'),('d2c64352-3bc5-49fe-ae53-854cac424bb8','125.70.79.216','2016-04-22','项目管理','修改项目公告','修改项目公告',NULL,'admin','a538004f-b6b2-48e3-8fcb-8ba000a3019a','81e97469-2fd1-4b3c-b3ac-593e5bd1ec6c','\n<table>\n	<tr>\n		<td class=\"text-right\">所属项目名称：</td>\n		<td>湖南长沙农产品物流中心二期建设项目用地</td>\n	</tr>\n	<tr>\n		<td class=\"text-right\">公告进度：</td>\n		<td>\n							一公告</td>\n	</tr>\n	<tr>\n		<td class=\"text-right\">公告文号：</td>\n		<td>12123</td>\n	</tr>\n	<tr>\n		<td class=\"text-right\">公告时间：</td>\n		<td>2016/04/22</td>\n	</tr>\n	<tr>\n		<td class=\"text-right\">公告批文：</td>\n		<td></td>\n	</tr>\n</table>\n'),('d38f1bfe-9e6c-4ef3-870f-c462f8913be3','175.8.6.13','2016-04-20','项目管理','录入项目月进度','录入项目月进度',NULL,'12345','a538004f-b6b2-48e3-8fcb-8ba000a3019a','91b075a7-f6c3-4992-bb87-87a03464e93e','\n<table>\n	<tr>\n		<td class=\"text-right\">所属项目名称：</td>\n		<td>长沙国际会展中心（测试）</td>\n	</tr>\n	<tr>\n		<td class=\"text-right\">选择录入的所属年/月：</td>\n		<td>2016/05/01</td>\n	</tr>\n	<tr>\n		<td class=\"text-right\">本月拆除栋数(合法)：</td>\n		<td>5</td>\n	</tr>\n	<tr>\n		<td class=\"text-right\">本月腾地数（亩）：</td>\n		<td>31.14</td>\n	</tr>\n	<tr>\n		<td class=\"text-right\">本月拆除面积（合法）（平方米）：</td>\n		<td>1500</td>\n	</tr>\n	<tr>\n		<td class=\"text-right\">本月动迁的人口：</td>\n		<td>20</td>\n	</tr>\n	<tr>\n		<td class=\"text-right\">本月下达期限腾地决定书：</td>\n		<td>0</td>\n	</tr>\n	<tr>\n		<td class=\"text-right\">本月申请法院执行数：</td>\n		<td>0</td>\n	</tr>\n	<tr>\n		<td class=\"text-right\">本月实施强制户数：</td>\n		<td>0</td>\n	</tr>\n	<tr>\n		<td class=\"text-right\">启动时间：</td>\n		<td></td>\n	</tr>\n	<tr>\n		<td class=\"text-right\">是否为本月完成结算项目：</td>\n		<td>否</td>\n	</tr>\n	<tr>\n		<td class=\"text-right\">备注：</td>\n		<td></td>\n	</tr>\n</table>\n'),('d4d26b8b-df37-47d0-85cc-e0be1d1ad243','175.9.38.127','2016-04-21','项目管理','修改项目公告','修改项目公告',NULL,'12345','a538004f-b6b2-48e3-8fcb-8ba000a3019a','91b075a7-f6c3-4992-bb87-87a03464e93e','\n<table>\n	<tr>\n		<td class=\"text-right\">所属项目名称：</td>\n		<td>长沙县长沙师范学校第二校区建设项目（测试专用）</td>\n	</tr>\n	<tr>\n		<td class=\"text-right\">公告进度：</td>\n		<td>三公告</td>\n	</tr>\n	<tr>\n		<td class=\"text-right\">公告文号：</td>\n		<td>〔2013〕征字第45号66</td>\n	</tr>\n	<tr>\n		<td class=\"text-right\">公告时间：</td>\n		<td>2013/03/20</td>\n	</tr>\n	<tr>\n		<td class=\"text-right\">公告批文：</td>\n		<td></td>\n	</tr>\n</table>\n'),('d5d18ac0-9673-4987-99ba-a58b91931364','175.8.61.167','2016-04-06','拆迁户管理','手工添加拆迁户','手工添加拆迁户',NULL,'12345','be769d24-1b19-472a-9f68-fc82c800ad29','91b075a7-f6c3-4992-bb87-87a03464e93e','\n<style type=\"text/css\">\n.autoTbale td,.autoTbale th {\n	white-space: nowrap;\n}\n</style>\n<table>\n	<tr>\n		<td class=\"text-right\">户主姓名：</td>\n		<td>柳建辉</td>\n	</tr>\n	<tr>\n		<td class=\"text-right\">选择所属项目：</td>\n		<td>长沙磁浮工程建设项目（测试）</td>\n	</tr>\n	<tr>\n		<td class=\"text-right\">房屋合法面积（平方米）：</td>\n		<td>280</td>\n	</tr>\n	<tr>\n		<td class=\"text-right\">房屋违章面积（平方米）：</td>\n		<td></td>\n	</tr>\n	<tr>\n		<td class=\"text-right\">所属地址：</td>\n		<td>高唐街道天河区天河1组</td>\n	</tr>\n	<tr>\n		<td class=\"text-right\">批证及其他情况说明：</td>\n		<td></td>\n	</tr>\n	<tr>\n		<td class=\"text-right\">拟定处理方案：</td>\n		<td></td>\n	</tr>\n	<tr>\n		<td class=\"text-right\">联合会审意见：</td>\n		<td></td>\n	</tr>\n	<tr>\n		<td class=\"text-right\">备注：</td>\n		<td></td>\n	</tr>\n	<tr>\n		<td class=\"text-right\">联合会审附件：</td>\n		<td></td>\n	</tr>\n	<tr>\n		<td class=\"text-right\">高拍仪拍照：</td>\n		<td></td>\n	</tr>\n	<tr>\n		<td class=\"text-right\">房屋照片管理：</td>\n		<td></td>\n	</tr>\n	<tr>\n		<td class=\"text-right\">家庭成员数：</td>\n		<td>3</td>\n	</tr>\n</table>\n<div style=\"overflow-x:auto;width: 100%;\">\n	<table class=\"table table-hover table-bordered autoTbale\">\n		<thead>\n			<tr>\n				<td>姓名</td>\n				<td>与户主关系</td>\n				<td>身份证件</td>\n				<td>性别</td>\n				<td>户口性质</td>\n				<td>出生日期</td>\n				<td>文化程度</td>\n				<td>在读情况</td>\n				<td>从事农业劳动时间</td>\n				<td>服兵役/劳改/劳教情况及时间起止段</td>\n				<td>联系电话</td>\n				<td>独生子女证件号</td>\n				<td>是否半边户</td>\n				<td>是否参加过社会保险</td>\n				<td>备注</td>\n			</tr>\n		</thead>\n		<tbody>\n			<tr>\n				<td>柳建辉</td>\n				<td>户主</td>\n				<td>430121195308231711</td>\n				<td>男</td>\n				<td>农村居民</td>\n				<td>1953/08/23</td>\n				<td></td>\n				<td></td>\n				<td></td>\n				<td></td>\n				<td></td>\n				<td></td>\n				<td>否</td>\n				<td>否</td>\n				<td>测试</td>\n			</tr>\n			<tr>\n				<td>易恩德</td>\n				<td>妻子</td>\n				<td>430121195405281729</td>\n				<td>女</td>\n				<td>农村居民</td>\n				<td>1954/05/28</td>\n				<td></td>\n				<td></td>\n				<td></td>\n				<td></td>\n				<td></td>\n				<td></td>\n				<td>否</td>\n				<td>否</td>\n				<td>测试</td>\n			</tr>\n			<tr>\n				<td>柳文俊</td>\n				<td>儿子</td>\n				<td>430121199012042012</td>\n				<td>男</td>\n				<td>农村居民</td>\n				<td>1990/12/04</td>\n				<td></td>\n				<td></td>\n				<td></td>\n				<td></td>\n				<td></td>\n				<td></td>\n				<td>否</td>\n				<td>否</td>\n				<td>测试</td>\n			</tr>\n		</tbody>\n	</table>\n</div>\n'),('d687ef87-572b-4eb5-8234-e54de8b2067e','175.11.116.59','2016-03-30','购房券制发','导入购房券信息','导入购房券信息',NULL,'admin','6b3dac14-8116-4aad-8643-c54821ebf93c','81e97469-2fd1-4b3c-b3ac-593e5bd1ec6c','\n<style type=\"text/css\">\n.autoTbale td,.autoTbale th {\n	white-space: nowrap;\n}\n</style>\n<div style=\"overflow-x:auto;width: 100%;\">\n	<table class=\"table table-hover table-bordered autoTbale\">\n		<thead>\n			<tr>\n				<td>征拆项目</td>\n				<td>姓名</td>\n				<td>与户主关系</td>\n				<td>身份证件</td>\n				<td>人口</td>\n				<td>票据号</td>\n				<td>补贴金额</td>\n			</tr>\n		</thead>\n		<tbody>\n			<tr>\n				<td>星沙联络线</td>\n				<td>易顺恺</td>\n				<td>户主</td>\n				<td>430121193508178119</td>\n				<td>0</td>\n				<td>14004607</td>\n				<td>162800</td>\n			</tr>\n			<tr>\n				<td>星沙联络线</td>\n				<td>易淑华</td>\n				<td>妻</td>\n				<td>43012119360228812X</td>\n				<td>0</td>\n				<td>14004608</td>\n				<td>162800</td>\n			</tr>\n			<tr>\n				<td>星沙联络线</td>\n				<td>易芳</td>\n				<td>孙女</td>\n				<td>430121198406077926</td>\n				<td>0</td>\n				<td>14004609</td>\n				<td>162800</td>\n			</tr>\n			<tr>\n				<td>会展酒店</td>\n				<td>李桂恒</td>\n				<td>户主</td>\n				<td>430121194908188118</td>\n				<td>0</td>\n				<td>14017031</td>\n				<td>162800</td>\n			</tr>\n			<tr>\n				<td>会展酒店</td>\n				<td>郭兰英</td>\n				<td>妻</td>\n				<td>430121194301027924</td>\n				<td>0</td>\n				<td>14017032</td>\n				<td>162800</td>\n			</tr>\n			<tr>\n				<td>长沙黄华机场</td>\n				<td>周泽栋</td>\n				<td>孙子</td>\n				<td>430121201206180077</td>\n				<td>0</td>\n				<td>14011062</td>\n				<td>100000</td>\n			</tr>\n			<tr>\n				<td>长沙黄华机场</td>\n				<td>周泽栋</td>\n				<td>孙子</td>\n				<td>430121201206180077</td>\n				<td>0</td>\n				<td>14011061</td>\n				<td>25300</td>\n			</tr>\n		</tbody>\n	</table>\n</div>\n'),('d731f486-4ac0-4225-bf60-1475a0bed1b3','125.70.179.107','2016-03-30','购房券制发','购房券户发放','购房券户发放',NULL,'admin','6b3dac14-8116-4aad-8643-c54821ebf93c','81e97469-2fd1-4b3c-b3ac-593e5bd1ec6c','\n<style type=\"text/css\">\n.autoTbale td,.autoTbale th {\n	white-space: nowrap;\n}\n</style>\n<div style=\"overflow-x:auto;width: 100%;\">\n	<table class=\"table table-hover table-bordered autoTbale\">\n		<thead>\n			<tr>\n				<td>购房券所属人姓名</td>\n				<td>购房券所属人身份证件</td>\n				<td>购房券券号</td>\n				<td>补贴金额（万元）</td>\n				<td>制券时间</td>\n				<td>领用人姓名</td>\n				<td>领用人身份证件</td>\n				<td>领用时间</td>\n				<td>领用凭证</td>\n				<td>领取备注</td>\n			</tr>\n		</thead>\n		<tbody>\n			<tr>\n				<td>刘某某</td>\n				<td>430121199102249898</td>\n				<td>00240</td>\n				<td>100</td>\n				<td>2016/03/22</td>\n				<td>123</td>\n				<td>2123</td>\n				<td>2016/03/30</td>\n				<td></td>\n				<td>123</td>\n			</tr>\n			<tr>\n				<td>刘某某</td>\n				<td>430121199102249898</td>\n				<td>001145</td>\n				<td>15.8</td>\n				<td>2016/03/22</td>\n				<td>123</td>\n				<td>2123</td>\n				<td>2016/03/30</td>\n				<td></td>\n				<td>123</td>\n			</tr>\n		</tbody>\n	</table>\n</div>\n'),('d7765e36-110b-45bc-b760-2abb176e1fbc','125.70.179.235','2016-04-26','社保管理','导入社保信息','导入社保信息',NULL,'admin','8502199d-390e-49e1-a37a-43b5677bc705','81e97469-2fd1-4b3c-b3ac-593e5bd1ec6c','\n<style type=\"text/css\">\n.autoTbale td,.autoTbale th {\n	white-space: nowrap;\n}\n</style>\n<div style=\"overflow-x:auto;width: 100%;\">\n	<table class=\"table table-hover table-bordered autoTbale\">\n		<thead>\n			<tr>\n				<td>姓名</td>\n				<td>身份证件号</td>\n				<td>性别</td>\n				<td>出生日期</td>\n				<td>年龄段</td>\n				<td>从事农业生产时间</td>\n				<td>服刑或劳动教养时间(月)</td>\n				<td>军队服役时间(月)</td>\n				<td>养老保险补缴年限</td>\n				<td>医疗保险视同缴费月数</td>\n				<td>参加何种医疗保险</td>\n				<td>是否参加过社会保险</td>\n				<td>所属社区</td>\n				<td>联系电话</td>\n				<td>征地名称</td>\n			</tr>\n		</thead>\n		<tbody>\n		</tbody>\n	</table>\n</div>\n'),('d8074205-6d45-4fb3-a7c3-fc8318bb7952','175.9.110.132','2016-04-26','拆迁户管理','手工添加拆迁户','手工添加拆迁户',NULL,'12345','be769d24-1b19-472a-9f68-fc82c800ad29','91b075a7-f6c3-4992-bb87-87a03464e93e','\n<style type=\"text/css\">\n.autoTbale td,.autoTbale th {\n	white-space: nowrap;\n}\n</style>\n<table>\n	<tr>\n		<td class=\"text-right\">户主姓名：</td>\n		<td>曹寿珍</td>\n	</tr>\n	<tr>\n		<td class=\"text-right\">选择所属项目：</td>\n		<td>万家丽北路安沙联络线建设项目 （安沙物流大道）</td>\n	</tr>\n	<tr>\n		<td class=\"text-right\">房屋合法面积（平方米）：</td>\n		<td>280</td>\n	</tr>\n	<tr>\n		<td class=\"text-right\">房屋违章面积（平方米）：</td>\n		<td>0</td>\n	</tr>\n	<tr>\n		<td class=\"text-right\">所属地址：</td>\n		<td>安沙镇水塘垸村</td>\n	</tr>\n	<tr>\n		<td class=\"text-right\">批证及其他情况说明：</td>\n		<td></td>\n	</tr>\n	<tr>\n		<td class=\"text-right\">拟定处理方案：</td>\n		<td></td>\n	</tr>\n	<tr>\n		<td class=\"text-right\">联合会审意见：</td>\n		<td></td>\n	</tr>\n	<tr>\n		<td class=\"text-right\">备注：</td>\n		<td></td>\n	</tr>\n	<tr>\n		<td class=\"text-right\">联合会审附件：</td>\n		<td></td>\n	</tr>\n	<tr>\n		<td class=\"text-right\">高拍仪拍照：</td>\n		<td></td>\n	</tr>\n	<tr>\n		<td class=\"text-right\">房屋照片管理：</td>\n		<td></td>\n	</tr>\n	<tr>\n		<td class=\"text-right\">家庭成员数：</td>\n		<td>2</td>\n	</tr>\n</table>\n<div style=\"overflow-x:auto;width: 100%;\">\n	<table class=\"table table-hover table-bordered autoTbale\">\n		<thead>\n			<tr>\n				<td>姓名</td>\n				<td>与户主关系</td>\n				<td>身份证件</td>\n				<td>性别</td>\n				<td>户口性质</td>\n				<td>出生日期</td>\n				<td>文化程度</td>\n				<td>在读情况</td>\n				<td>从事农业劳动时间</td>\n				<td>服兵役/劳改/劳教情况及时间起止段</td>\n				<td>联系电话</td>\n				<td>独生子女证件号</td>\n				<td>是否半边户</td>\n				<td>是否参加过社会保险</td>\n				<td>备注</td>\n			</tr>\n		</thead>\n		<tbody>\n			<tr>\n				<td>曹寿珍</td>\n				<td>户主</td>\n				<td>430121194404217923</td>\n				<td>女</td>\n				<td>农村居民</td>\n				<td>1944/04/21</td>\n				<td></td>\n				<td></td>\n				<td></td>\n				<td></td>\n				<td></td>\n				<td></td>\n				<td>否</td>\n				<td>否</td>\n				<td></td>\n			</tr>\n			<tr>\n				<td>马振兴</td>\n				<td>丈夫</td>\n				<td>430121193508017534</td>\n				<td>男</td>\n				<td>农村居民</td>\n				<td>1935/08/01</td>\n				<td></td>\n				<td></td>\n				<td></td>\n				<td></td>\n				<td></td>\n				<td></td>\n				<td>否</td>\n				<td>否</td>\n				<td></td>\n			</tr>\n		</tbody>\n	</table>\n</div>\n'),('d8b203df-3cd7-40f9-89d1-0a99ab7a7459','125.70.79.216','2016-04-22','项目管理','修改项目信息','修改项目信息',NULL,'admin','a538004f-b6b2-48e3-8fcb-8ba000a3019a','81e97469-2fd1-4b3c-b3ac-593e5bd1ec6c','\n<table>\n	<tr>\n		<td class=\"text-right\">项目审批号：</td>\n		<td>测试项目审批号</td>\n	</tr>\n	<tr>\n		<td class=\"text-right\">项目名称：</td>\n		<td>测试项目</td>\n	</tr>\n	<tr>\n		<td class=\"text-right\">项目分类：</td>\n		<td></td>\n	</tr>\n	<tr>\n		<td class=\"text-right\">项目地址：</td>\n		<td>高唐街道天河区,大阪街道雨花区,项目地址其他信息</td>\n	</tr>\n	<tr>\n		<td class=\"text-right\">项目类型：</td>\n		<td>其他</td>\n	</tr>\n	<tr>\n		<td class=\"text-right\">征地面积（亩）：</td>\n		<td>100</td>\n	</tr>\n	<tr>\n		<td class=\"text-right\">应拆栋数：</td>\n		<td>100</td>\n	</tr>\n	<tr>\n		<td class=\"text-right\">应拆户数：</td>\n		<td>100</td>\n	</tr>\n	<tr>\n		<td class=\"text-right\">应动迁人口：</td>\n		<td>100</td>\n	</tr>\n	<tr>\n		<td class=\"text-right\">应拆总面积（合法）（平方米）：</td>\n		<td>100</td>\n	</tr>\n	<tr>\n		<td class=\"text-right\">应拆总面积（违章）（平方米）：</td>\n		<td>100</td>\n	</tr>\n	<tr>\n		<td class=\"text-right\">项目应付补偿款（万元）：</td>\n		<td>100</td>\n	</tr>\n	<tr>\n		<td class=\"text-right\">六前项目：</td>\n		<td>是</td>\n	</tr>\n</table>\n'),('d8f510a3-2e57-49e4-8056-5ffd60627f97','175.8.60.56','2016-04-25','项目管理','录入项目月进度','录入项目月进度',NULL,'12345','a538004f-b6b2-48e3-8fcb-8ba000a3019a','91b075a7-f6c3-4992-bb87-87a03464e93e','\n<table>\n	<tr>\n		<td class=\"text-right\">所属项目名称：</td>\n		<td>长沙县长沙师范学校第二校区建设项目（测试专用）</td>\n	</tr>\n	<tr>\n		<td class=\"text-right\">选择录入的所属年/月：</td>\n		<td>2016/04/01</td>\n	</tr>\n	<tr>\n		<td class=\"text-right\">本月拆除栋数(合法)：</td>\n		<td>0</td>\n	</tr>\n	<tr>\n		<td class=\"text-right\">本月腾地数（亩）：</td>\n		<td>0</td>\n	</tr>\n	<tr>\n		<td class=\"text-right\">本月拆除面积（合法）（平方米）：</td>\n		<td>0</td>\n	</tr>\n	<tr>\n		<td class=\"text-right\">本月动迁的人口：</td>\n		<td>0</td>\n	</tr>\n	<tr>\n		<td class=\"text-right\">本月下达期限腾地决定书：</td>\n		<td>0</td>\n	</tr>\n	<tr>\n		<td class=\"text-right\">本月申请法院执行数：</td>\n		<td>0</td>\n	</tr>\n	<tr>\n		<td class=\"text-right\">本月实施强制户数：</td>\n		<td>0</td>\n	</tr>\n	<tr>\n		<td class=\"text-right\">启动时间：</td>\n		<td></td>\n	</tr>\n	<tr>\n		<td class=\"text-right\">是否为本月完成结算项目：</td>\n		<td>否</td>\n	</tr>\n	<tr>\n		<td class=\"text-right\">备注：</td>\n		<td></td>\n	</tr>\n</table>\n'),('d8fbe342-2dfb-4685-8a92-37ca3b8e151e','182.148.59.67','2016-04-27','社保管理','导入社保信息','导入社保信息',NULL,'admin','8502199d-390e-49e1-a37a-43b5677bc705','81e97469-2fd1-4b3c-b3ac-593e5bd1ec6c','\n<style type=\"text/css\">\n.autoTbale td,.autoTbale th {\n	white-space: nowrap;\n}\n</style>\n<div style=\"overflow-x:auto;width: 100%;\">\n	<table class=\"table table-hover table-bordered autoTbale\">\n		<thead>\n			<tr>\n				<td>姓名</td>\n				<td>身份证件号</td>\n				<td>性别</td>\n				<td>出生日期</td>\n				<td>年龄段</td>\n				<td>从事农业生产时间</td>\n				<td>服刑或劳动教养时间(月)</td>\n				<td>军队服役时间(月)</td>\n				<td>养老保险补缴年限</td>\n				<td>医疗保险视同缴费月数</td>\n				<td>参加何种医疗保险</td>\n				<td>是否参加过社会保险</td>\n				<td>所属社区</td>\n				<td>联系电话</td>\n				<td>征地名称</td>\n			</tr>\n		</thead>\n		<tbody>\n		</tbody>\n	</table>\n</div>\n'),('d9004e68-5267-483d-abab-68ac50ae6edd','125.70.78.192','2016-03-23','项目管理','修改项目信息','修改项目信息',NULL,'admin','a538004f-b6b2-48e3-8fcb-8ba000a3019a','81e97469-2fd1-4b3c-b3ac-593e5bd1ec6c','\n<table>\n	<tr>\n		<td class=\"text-right\">项目审批号：</td>\n		<td>测试项目审批号</td>\n	</tr>\n	<tr>\n		<td class=\"text-right\">项目名称：</td>\n		<td>测试项目</td>\n	</tr>\n	<tr>\n		<td class=\"text-right\">项目分类：</td>\n		<td></td>\n	</tr>\n	<tr>\n		<td class=\"text-right\">项目地址：</td>\n		<td>高唐街道天河区,大阪街道雨花区,项目地址其他信息</td>\n	</tr>\n	<tr>\n		<td class=\"text-right\">项目类型：</td>\n		<td>其他</td>\n	</tr>\n	<tr>\n		<td class=\"text-right\">征地面积（亩）：</td>\n		<td>100</td>\n	</tr>\n	<tr>\n		<td class=\"text-right\">应拆栋数：</td>\n		<td>100</td>\n	</tr>\n	<tr>\n		<td class=\"text-right\">应拆户数：</td>\n		<td>100</td>\n	</tr>\n	<tr>\n		<td class=\"text-right\">应动迁人口：</td>\n		<td>100</td>\n	</tr>\n	<tr>\n		<td class=\"text-right\">应拆总面积（合法）（平方米）：</td>\n		<td>100</td>\n	</tr>\n	<tr>\n		<td class=\"text-right\">应拆总面积（违章）（平方米）：</td>\n		<td>100</td>\n	</tr>\n	<tr>\n		<td class=\"text-right\">项目应付补偿款（万元）：</td>\n		<td>100</td>\n	</tr>\n	<tr>\n		<td class=\"text-right\">六前项目：</td>\n		<td>是</td>\n	</tr>\n</table>\n'),('da46802b-ba02-45b9-82bf-4fa664b4f14c','125.70.76.222','2016-03-18','购房券制发','购房券个人发放','购房券个人发放',NULL,'admin','6b3dac14-8116-4aad-8643-c54821ebf93c','81e97469-2fd1-4b3c-b3ac-593e5bd1ec6c','\n<table>\n	<tr>\n		<td class=\"text-right\">购房券所属人姓名：</td>\n		<td>小明</td>\n	</tr>\n	<tr>\n		<td class=\"text-right\">购房券所属人身份证：</td>\n		<td>123025541</td>\n	</tr>\n	<tr>\n		<td class=\"text-right\">购房券券号：</td>\n		<td>12</td>\n	</tr>\n	<tr>\n		<td class=\"text-right\">补贴金额（万元）：</td>\n		<td>12</td>\n	</tr>\n	<tr>\n		<td class=\"text-right\">制券时间：</td>\n		<td>2016/03/18</td>\n	</tr>\n	<tr>\n		<td class=\"text-right\">领用人姓名：</td>\n		<td>123</td>\n	</tr>\n	<tr>\n		<td class=\"text-right\">领用人身份证：</td>\n		<td>33</td>\n	</tr>\n	<tr>\n		<td class=\"text-right\">领用时间：</td>\n		<td>2016/03/18</td>\n	</tr>\n	<tr>\n		<td class=\"text-right\">领用凭证：</td>\n		<td></td>\n	</tr>\n	<tr>\n		<td class=\"text-right\">领取备注：</td>\n		<td>123</td>\n	</tr>\n</table>\n'),('dbcb3cb2-98ba-42bb-833e-1005c5c9db20','175.9.110.238','2016-04-13','项目管理','录入项目月进度','录入项目月进度',NULL,'12345','a538004f-b6b2-48e3-8fcb-8ba000a3019a','91b075a7-f6c3-4992-bb87-87a03464e93e','\n<table>\n	<tr>\n		<td class=\"text-right\">所属项目名称：</td>\n		<td>长沙国际会展中心（测试）</td>\n	</tr>\n	<tr>\n		<td class=\"text-right\">选择录入的所属年/月：</td>\n		<td>2016/04/01</td>\n	</tr>\n	<tr>\n		<td class=\"text-right\">本月拆除栋数(合法)：</td>\n		<td>20</td>\n	</tr>\n	<tr>\n		<td class=\"text-right\">本月腾地数（亩）：</td>\n		<td>124.81</td>\n	</tr>\n	<tr>\n		<td class=\"text-right\">本月拆除面积（合法）（平方米）：</td>\n		<td>50000</td>\n	</tr>\n	<tr>\n		<td class=\"text-right\">本月动迁的人口：</td>\n		<td>60</td>\n	</tr>\n	<tr>\n		<td class=\"text-right\">本月下达期限腾地决定书：</td>\n		<td>0</td>\n	</tr>\n	<tr>\n		<td class=\"text-right\">本月申请法院执行数：</td>\n		<td>0</td>\n	</tr>\n	<tr>\n		<td class=\"text-right\">本月实施强制户数：</td>\n		<td>0</td>\n	</tr>\n	<tr>\n		<td class=\"text-right\">启动时间：</td>\n		<td>2016/04/12</td>\n	</tr>\n	<tr>\n		<td class=\"text-right\">是否为本月完成结算项目：</td>\n		<td>否</td>\n	</tr>\n	<tr>\n		<td class=\"text-right\">备注：</td>\n		<td></td>\n	</tr>\n</table>\n'),('dce49a98-76d2-44f0-9ae0-4671496a9dd8','175.9.110.238','2016-04-13','项目管理','修改项目信息','修改项目信息',NULL,'12345','a538004f-b6b2-48e3-8fcb-8ba000a3019a','91b075a7-f6c3-4992-bb87-87a03464e93e','\n<table>\n	<tr>\n		<td class=\"text-right\">项目审批号：</td>\n		<td>省人民政府【2012】政国土字第577号</td>\n	</tr>\n	<tr>\n		<td class=\"text-right\">项目名称：</td>\n		<td>长沙县长沙师范学校第二校区建设项目（测试专用）</td>\n	</tr>\n	<tr>\n		<td class=\"text-right\">项目分类：</td>\n		<td></td>\n	</tr>\n	<tr>\n		<td class=\"text-right\">项目地址：</td>\n		<td>安沙镇三合村、水塘垸村</td>\n	</tr>\n	<tr>\n		<td class=\"text-right\">项目类型：</td>\n		<td>其他</td>\n	</tr>\n	<tr>\n		<td class=\"text-right\">征地面积（亩）：</td>\n		<td>499.97</td>\n	</tr>\n	<tr>\n		<td class=\"text-right\">应拆栋数：</td>\n		<td>55</td>\n	</tr>\n	<tr>\n		<td class=\"text-right\">应拆户数：</td>\n		<td>55</td>\n	</tr>\n	<tr>\n		<td class=\"text-right\">应动迁人口：</td>\n		<td>200</td>\n	</tr>\n	<tr>\n		<td class=\"text-right\">应拆总面积（合法）（平方米）：</td>\n		<td>60000</td>\n	</tr>\n	<tr>\n		<td class=\"text-right\">应拆总面积（违章）（平方米）：</td>\n		<td>0</td>\n	</tr>\n	<tr>\n		<td class=\"text-right\">项目应付补偿款（万元）：</td>\n		<td>20000</td>\n	</tr>\n	<tr>\n		<td class=\"text-right\">六前项目：</td>\n		<td>是</td>\n	</tr>\n</table>\n'),('de74b81f-2567-44e7-8432-7fa899145837','182.148.57.207','2016-04-07','拆迁户管理','手工添加人员信息','手工添加人员信息',NULL,'admin','be769d24-1b19-472a-9f68-fc82c800ad29','81e97469-2fd1-4b3c-b3ac-593e5bd1ec6c','\n<table>\n	<tr>\n		<td class=\"text-right\">户主姓名：</td>\n		<td></td>\n	</tr>\n	<tr>\n		<td class=\"text-right\">户主身份证件：</td>\n		<td></td>\n	</tr>\n	<tr>\n		<td class=\"text-right\">人员姓名：</td>\n		<td>123123</td>\n	</tr>\n	<tr>\n		<td class=\"text-right\">与户主关系：</td>\n		<td>妻子</td>\n	</tr>\n	<tr>\n		<td class=\"text-right\">身份证件：</td>\n		<td>2312ed</td>\n	</tr>\n	<tr>\n		<td class=\"text-right\">性别：</td>\n		<td>女</td>\n	</tr>\n	<tr>\n		<td class=\"text-right\">户口性质：</td>\n		<td>城镇居民</td>\n	</tr>\n	<tr>\n		<td class=\"text-right\">出生日期：</td>\n		<td>2016/04/12</td>\n	</tr>\n	<tr>\n		<td class=\"text-right\">文化程度：</td>\n		<td></td>\n	</tr>\n	<tr>\n		<td class=\"text-right\">在读情况：</td>\n		<td></td>\n	</tr>\n	<tr>\n		<td class=\"text-right\">从事农业劳动时间：</td>\n		<td></td>\n	</tr>\n	<tr>\n		<td class=\"text-right\">服兵役/劳改/劳教情况及时间起止段：</td>\n		<td></td>\n	</tr>\n	<tr>\n		<td class=\"text-right\">联系电话：</td>\n		<td></td>\n	</tr>\n	<tr>\n		<td class=\"text-right\">独生子女证件号：</td>\n		<td></td>\n	</tr>\n	<tr>\n		<td class=\"text-right\">是否半边户：</td>\n		<td>否</td>\n	</tr>\n	<tr>\n		<td class=\"text-right\">是否参加过社会保险：</td>\n		<td>否</td>\n	</tr>\n	<tr>\n		<td class=\"text-right\">备注：</td>\n		<td></td>\n	</tr>\n</table>\n'),('e10c0170-5854-4bf6-a51e-724bda82d461','182.148.57.207','2016-04-07','拆迁户管理','手工添加人员信息','手工添加人员信息',NULL,'admin','be769d24-1b19-472a-9f68-fc82c800ad29','81e97469-2fd1-4b3c-b3ac-593e5bd1ec6c','\n<table>\n	<tr>\n		<td class=\"text-right\">户主姓名：</td>\n		<td></td>\n	</tr>\n	<tr>\n		<td class=\"text-right\">户主身份证件：</td>\n		<td></td>\n	</tr>\n	<tr>\n		<td class=\"text-right\">人员姓名：</td>\n		<td>123</td>\n	</tr>\n	<tr>\n		<td class=\"text-right\">与户主关系：</td>\n		<td>儿子</td>\n	</tr>\n	<tr>\n		<td class=\"text-right\">身份证件：</td>\n		<td>3213</td>\n	</tr>\n	<tr>\n		<td class=\"text-right\">性别：</td>\n		<td>女</td>\n	</tr>\n	<tr>\n		<td class=\"text-right\">户口性质：</td>\n		<td>城镇居民</td>\n	</tr>\n	<tr>\n		<td class=\"text-right\">出生日期：</td>\n		<td>2016/03/28</td>\n	</tr>\n	<tr>\n		<td class=\"text-right\">文化程度：</td>\n		<td>12312</td>\n	</tr>\n	<tr>\n		<td class=\"text-right\">在读情况：</td>\n		<td>3123</td>\n	</tr>\n	<tr>\n		<td class=\"text-right\">从事农业劳动时间：</td>\n		<td>31312</td>\n	</tr>\n	<tr>\n		<td class=\"text-right\">服兵役/劳改/劳教情况及时间起止段：</td>\n		<td>313123123</td>\n	</tr>\n	<tr>\n		<td class=\"text-right\">联系电话：</td>\n		<td></td>\n	</tr>\n	<tr>\n		<td class=\"text-right\">独生子女证件号：</td>\n		<td></td>\n	</tr>\n	<tr>\n		<td class=\"text-right\">是否半边户：</td>\n		<td>否</td>\n	</tr>\n	<tr>\n		<td class=\"text-right\">是否参加过社会保险：</td>\n		<td>否</td>\n	</tr>\n	<tr>\n		<td class=\"text-right\">备注：</td>\n		<td>123</td>\n	</tr>\n</table>\n'),('e199438b-909e-4c73-a6a9-254b103552a4','125.70.79.71','2016-04-06','项目管理','修改项目公告','修改项目公告',NULL,'admin','a538004f-b6b2-48e3-8fcb-8ba000a3019a','81e97469-2fd1-4b3c-b3ac-593e5bd1ec6c','\n<table>\n	<tr>\n		<td class=\"text-right\">所属项目名称：</td>\n		<td>测试项目</td>\n	</tr>\n	<tr>\n		<td class=\"text-right\">公告进度：</td>\n		<td>三公告</td>\n	</tr>\n	<tr>\n		<td class=\"text-right\">公告文号：</td>\n		<td>3332</td>\n	</tr>\n	<tr>\n		<td class=\"text-right\">公告时间：</td>\n		<td>2016/03/29</td>\n	</tr>\n	<tr>\n		<td class=\"text-right\">公告批文：</td>\n		<td></td>\n	</tr>\n</table>\n'),('e39bb900-1db3-4d4e-97af-b870138bcbb4','125.70.76.222','2016-03-18','购房券制发','导入购房券信息','导入购房券信息',NULL,'admin','6b3dac14-8116-4aad-8643-c54821ebf93c','81e97469-2fd1-4b3c-b3ac-593e5bd1ec6c','\n<style type=\"text/css\">\n.autoTbale td,.autoTbale th {\n	white-space: nowrap;\n}\n</style>\n<div style=\"overflow-x:auto;width: 100%;\">\n	<table class=\"table table-hover table-bordered autoTbale\">\n		<thead>\n			<tr>\n				<td>征拆项目</td>\n				<td>姓名</td>\n				<td>与户主关系</td>\n				<td>身份证</td>\n				<td>人口</td>\n				<td>票据号</td>\n				<td>补贴金额</td>\n			</tr>\n		</thead>\n		<tbody>\n			<tr>\n				<td>123</td>\n				<td>小明</td>\n				<td>户主</td>\n				<td>123025541</td>\n				<td>12</td>\n				<td>12</td>\n				<td>12</td>\n			</tr>\n		</tbody>\n	</table>\n</div>\n'),('e4c2b4ce-59e8-4cbe-b56f-cdef067c238f','118.112.56.76','2016-03-29','拆迁户管理','修改拆迁户户信息','修改拆迁户户信息',NULL,'admin','be769d24-1b19-472a-9f68-fc82c800ad29','81e97469-2fd1-4b3c-b3ac-593e5bd1ec6c','\n<table>\n	<tr>\n		<td class=\"text-right\">户主姓名：</td>\n		<td>小明</td>\n	</tr>\n	<tr>\n		<td class=\"text-right\">选择所属项目：</td>\n		<td>测试项目</td>\n	</tr>\n	<tr>\n		<td class=\"text-right\">房屋合法面积（平方米）：</td>\n		<td>0</td>\n	</tr>\n	<tr>\n		<td class=\"text-right\">房屋违章面积（平方米）：</td>\n		<td>0</td>\n	</tr>\n	<tr>\n		<td class=\"text-right\">所属地址：</td>\n		<td>高唐街道天河区天河1组</td>\n	</tr>\n	<tr>\n		<td class=\"text-right\">批证及其他情况说明：</td>\n		<td>00</td>\n	</tr>\n	<tr>\n		<td class=\"text-right\">拟定处理方案：</td>\n		<td></td>\n	</tr>\n	<tr>\n		<td class=\"text-right\">联合会审意见：</td>\n		<td></td>\n	</tr>\n	<tr>\n		<td class=\"text-right\">备注：</td>\n		<td></td>\n	</tr>\n	<tr>\n		<td class=\"text-right\">联合会审附件：</td>\n		<td></td>\n	</tr>\n	<tr>\n		<td class=\"text-right\">高拍仪拍照：</td>\n		<td></td>\n	</tr>\n	<tr>\n		<td class=\"text-right\">房屋照片管理：</td>\n		<td></td>\n	</tr>\n	<tr>\n		<td class=\"text-right\">家庭成员数：</td>\n		<td>1</td>\n	</tr>\n</table>\n'),('e525b5dc-59a7-4660-a1fe-80f0e5b79d40','125.70.79.71','2016-04-06','购房券制发','手工添加人员信息','手工添加人员信息',NULL,'admin','6b3dac14-8116-4aad-8643-c54821ebf93c','81e97469-2fd1-4b3c-b3ac-593e5bd1ec6c','\n<table>\n	<tr>\n		<td class=\"text-right\">户主姓名：</td>\n		<td>李寿双</td>\n	</tr>\n	<tr>\n		<td class=\"text-right\">户主身份证件：</td>\n		<td>430121193909118117</td>\n	</tr>\n	<tr>\n		<td class=\"text-right\">人员姓名：</td>\n		<td>123213</td>\n	</tr>\n	<tr>\n		<td class=\"text-right\">与户主关系：</td>\n		<td>儿子</td>\n	</tr>\n	<tr>\n		<td class=\"text-right\">身份证件：</td>\n		<td>123123</td>\n	</tr>\n	<tr>\n		<td class=\"text-right\">性别：</td>\n		<td>女</td>\n	</tr>\n	<tr>\n		<td class=\"text-right\">户口性质：</td>\n		<td>农村居民</td>\n	</tr>\n	<tr>\n		<td class=\"text-right\">出生日期：</td>\n		<td>2016/03/09</td>\n	</tr>\n	<tr>\n		<td class=\"text-right\">文化程度：</td>\n		<td>123</td>\n	</tr>\n	<tr>\n		<td class=\"text-right\">在读情况：</td>\n		<td>123</td>\n	</tr>\n	<tr>\n		<td class=\"text-right\">从事农业劳动时间：</td>\n		<td>123</td>\n	</tr>\n	<tr>\n		<td class=\"text-right\">服兵役/劳改/劳教情况及时间起止段：</td>\n		<td>123</td>\n	</tr>\n	<tr>\n		<td class=\"text-right\">联系电话：</td>\n		<td>123</td>\n	</tr>\n	<tr>\n		<td class=\"text-right\">独生子女证件号：</td>\n		<td>23</td>\n	</tr>\n	<tr>\n		<td class=\"text-right\">是否半边户：</td>\n		<td>是</td>\n	</tr>\n	<tr>\n		<td class=\"text-right\">是否参加过社会保险：</td>\n		<td>是</td>\n	</tr>\n	<tr>\n		<td class=\"text-right\">备注：</td>\n		<td>123</td>\n	</tr>\n</table>\n'),('e58d68b6-96e3-49d5-8705-6bd40e098476','175.9.110.132','2016-04-26','购房券制发','购房券户发放','购房券户发放',NULL,'12345','6b3dac14-8116-4aad-8643-c54821ebf93c','91b075a7-f6c3-4992-bb87-87a03464e93e','\n<style type=\"text/css\">\n.autoTbale td,.autoTbale th {\n	white-space: nowrap;\n}\n</style>\n<div style=\"overflow-x:auto;width: 100%;\">\n	<table class=\"table table-hover table-bordered autoTbale\">\n		<thead>\n			<tr>\n				<td>购房券所属人姓名</td>\n				<td>购房券所属人身份证件</td>\n				<td>购房券券号</td>\n				<td>补贴金额（万元）</td>\n				<td>制券时间</td>\n				<td>领用人姓名</td>\n				<td>领用人身份证件</td>\n				<td>领用时间</td>\n				<td>领用凭证</td>\n				<td>领取备注</td>\n			</tr>\n		</thead>\n		<tbody>\n			<tr>\n				<td>冯嘉昕</td>\n				<td>430121199606217318</td>\n				<td>13002188</td>\n				<td>25300</td>\n				<td>2016/04/26</td>\n				<td>马国强</td>\n				<td>43012119400808791x</td>\n				<td>2016/04/26</td>\n				<td></td>\n				<td></td>\n			</tr>\n			<tr>\n				<td>李树元</td>\n				<td>430121194410077920</td>\n				<td>13002186</td>\n				<td>152800</td>\n				<td>2016/04/26</td>\n				<td>马国强</td>\n				<td>43012119400808791x</td>\n				<td>2016/04/26</td>\n				<td></td>\n				<td></td>\n			</tr>\n			<tr>\n				<td>马国强</td>\n				<td>43012119400808791x</td>\n				<td>13002185</td>\n				<td>152800</td>\n				<td>2016/04/26</td>\n				<td>马国强</td>\n				<td>43012119400808791x</td>\n				<td>2016/04/26</td>\n				<td></td>\n				<td></td>\n			</tr>\n			<tr>\n				<td>马三友</td>\n				<td>430121197111237924</td>\n				<td>13002189</td>\n				<td>152800</td>\n				<td>2016/04/26</td>\n				<td>马国强</td>\n				<td>43012119400808791x</td>\n				<td>2016/04/26</td>\n				<td></td>\n				<td></td>\n			</tr>\n			<tr>\n				<td>冯嘉昕</td>\n				<td>430121199606217318</td>\n				<td>13002187</td>\n				<td>152800</td>\n				<td>2016/04/26</td>\n				<td>马国强</td>\n				<td>43012119400808791x</td>\n				<td>2016/04/26</td>\n				<td></td>\n				<td></td>\n			</tr>\n		</tbody>\n	</table>\n</div>\n'),('e61ebcc6-9d8a-4740-9a0b-2eb4c2bd673f','175.9.36.97','2016-03-28','社保管理','批量录入社保信息','批量录入社保信息',NULL,'12345','8502199d-390e-49e1-a37a-43b5677bc705','91b075a7-f6c3-4992-bb87-87a03464e93e','\n<style type=\"text/css\">\n.autoTbale td,.autoTbale th {\n	white-space: nowrap;\n}\n</style>\n<div style=\"overflow-x:auto;width: 100%;\">\n<table class=\"table table-hover table-bordered autoTbale\">\n	<thead>\n		<tr>\n		    <td>姓名</td>\n		    <td>身份证件</td>\n		    <td>待遇标准</td>\n		    <td>社保时间</td>\n		    <td>年龄段</td>\n		    <td>所属社区</td>\n		    <td>参加何种医疗保险</td>\n		    <td>养老保险补缴年限</td>\n		    <td>医疗保险视同缴费月数</td>\n		    <td>服刑或劳动教养时间(月)</td>\n		    <td>军队服役时间(月)</td>\n		</tr>\n	</thead>\n	<tbody>\n		<tr>\n		    <td>刘某某</td>\n		    <td>430121199102249898</td>\n		    <td>基本养老金</td>\n		    <td>2016/03/28</td>\n		    <td>第三年龄段</td>\n		    <td></td>\n		    <td></td>\n		    <td>0</td>\n		    <td>0</td>\n		    <td>0</td>\n		    <td>0</td>\n		</tr>\n		<tr>\n		    <td>小东</td>\n		    <td>55112</td>\n		    <td>一次性生活补助</td>\n		    <td>2016/03/28</td>\n		    <td>第一年龄段</td>\n		    <td></td>\n		    <td></td>\n		    <td>0</td>\n		    <td>0</td>\n		    <td>0</td>\n		    <td>0</td>\n		</tr>\n		<tr>\n		    <td>小明</td>\n		    <td>123025541</td>\n		    <td>基本生活补助</td>\n		    <td>2016/03/28</td>\n		    <td>第一年龄段</td>\n		    <td></td>\n		    <td></td>\n		    <td>0</td>\n		    <td>0</td>\n		    <td>0</td>\n		    <td>0</td>\n		</tr>\n	</tbody>\n</table>\n</div>\n'),('e7d36cd0-5987-497c-ac32-606756d7a674','125.70.79.216','2016-04-22','项目管理','增加项目公告','增加项目公告',NULL,'admin','a538004f-b6b2-48e3-8fcb-8ba000a3019a','81e97469-2fd1-4b3c-b3ac-593e5bd1ec6c','\n<table>\n	<tr>\n		<td class=\"text-right\">所属项目名称：</td>\n		<td>会展酒店</td>\n	</tr>\n	<tr>\n		<td class=\"text-right\">公告进度：</td>\n		<td>三公告</td>\n	</tr>\n	<tr>\n		<td class=\"text-right\">公告文号：</td>\n		<td>3</td>\n	</tr>\n	<tr>\n		<td class=\"text-right\">公告时间：</td>\n		<td>2016/04/22</td>\n	</tr>\n	<tr>\n		<td class=\"text-right\">公告批文：</td>\n		<td></td>\n	</tr>\n</table>\n'),('e8b46327-4c1d-4a2d-a19d-4e192195f988','175.9.110.238','2016-04-13','项目管理','修改项目月报','修改项目月报',NULL,'12345','a538004f-b6b2-48e3-8fcb-8ba000a3019a','91b075a7-f6c3-4992-bb87-87a03464e93e','\n<table>\n	<tr>\n		<td class=\"text-right\">所属项目名称：</td>\n		<td>长沙国际会展中心（测试）</td>\n	</tr>\n	<tr>\n		<td class=\"text-right\">选择录入的所属年/月：</td>\n		<td>2016/04/01</td>\n	</tr>\n	<tr>\n		<td class=\"text-right\">本月拆除栋数(合法)：</td>\n		<td>20</td>\n	</tr>\n	<tr>\n		<td class=\"text-right\">本月腾地数（亩）：</td>\n		<td>124.81</td>\n	</tr>\n	<tr>\n		<td class=\"text-right\">本月拆除面积（合法）（平方米）：</td>\n		<td>50000</td>\n	</tr>\n	<tr>\n		<td class=\"text-right\">本月动迁的人口：</td>\n		<td>60</td>\n	</tr>\n	<tr>\n		<td class=\"text-right\">本月下达期限腾地决定书：</td>\n		<td>0</td>\n	</tr>\n	<tr>\n		<td class=\"text-right\">本月申请法院执行数：</td>\n		<td>0</td>\n	</tr>\n	<tr>\n		<td class=\"text-right\">本月实施强制户数：</td>\n		<td>0</td>\n	</tr>\n	<tr>\n		<td class=\"text-right\">启动时间：</td>\n		<td></td>\n	</tr>\n	<tr>\n		<td class=\"text-right\">是否为本月完成结算项目：</td>\n		<td>是</td>\n	</tr>\n	<tr>\n		<td class=\"text-right\">备注：</td>\n		<td></td>\n	</tr>\n</table>\n'),('e8f08e99-0a15-4f81-85a2-1742b299baba','175.8.60.56','2016-04-25','项目管理','手工添加项目信息','手工添加项目信息',NULL,'12345','a538004f-b6b2-48e3-8fcb-8ba000a3019a','91b075a7-f6c3-4992-bb87-87a03464e93e','\n<table>\n	<tr>\n        <td class=\"text-right\">项目审批号：</td>\n        <td>省人民政府2015政国土字第2351号</td>\n	</tr>\n	<tr>\n        <td class=\"text-right\">项目名称：</td>\n        <td>黄金大道</td>\n	</tr>\n	<tr>\n        <td class=\"text-right\">项目分类：</td>\n        <td>非重点项目</td>\n	</tr>\n	<tr>\n        <td class=\"text-right\">项目地址：</td>\n        <td>长沙县黄花镇、黄兴镇</td>\n	</tr>\n	<tr>\n        <td class=\"text-right\">项目类型：</td>\n        <td>基础设施</td>\n	</tr>\n	<tr>\n        <td class=\"text-right\">征地面积（亩）：</td>\n        <td>453</td>\n	</tr>\n	<tr>\n        <td class=\"text-right\">应拆栋数：</td>\n        <td>58</td>\n	</tr>\n	<tr>\n        <td class=\"text-right\">应拆户数：</td>\n        <td>58</td>\n	</tr>\n	<tr>\n        <td class=\"text-right\">应动迁人口：</td>\n        <td>193</td>\n	</tr>\n	<tr>\n        <td class=\"text-right\">应拆总面积（合法）（平方米）：</td>\n        <td>20506</td>\n	</tr>\n	<tr>\n        <td class=\"text-right\">应拆总面积（违章）（平方米）：</td>\n        <td>0</td>\n	</tr>\n	<tr>\n        <td class=\"text-right\">项目应付补偿款（万元）：</td>\n        <td>0</td>\n	</tr>\n	<tr>\n        <td class=\"text-right\">六前项目：</td>\n        <td>是</td>\n	</tr>\n</table>\n'),('ea845ae9-bae1-4cc0-97e6-44bb93745a2d','182.148.59.67','2016-04-27','项目管理','手工添加项目信息','手工添加项目信息',NULL,'admin','a538004f-b6b2-48e3-8fcb-8ba000a3019a','81e97469-2fd1-4b3c-b3ac-593e5bd1ec6c','\n<table>\n	<tr>\n        <td class=\"text-right\">项目审批号：</td>\n        <td>项目一号</td>\n	</tr>\n	<tr>\n        <td class=\"text-right\">项目名称：</td>\n        <td>项目二号</td>\n	</tr>\n	<tr>\n        <td class=\"text-right\">项目分类：</td>\n        <td>先期用地项目</td>\n	</tr>\n	<tr>\n        <td class=\"text-right\">项目地址：</td>\n        <td>1123</td>\n	</tr>\n	<tr>\n        <td class=\"text-right\">项目类型：</td>\n        <td>基础设施</td>\n	</tr>\n	<tr>\n        <td class=\"text-right\">征地面积（亩）：</td>\n        <td>10</td>\n	</tr>\n	<tr>\n        <td class=\"text-right\">应拆栋数：</td>\n        <td>10</td>\n	</tr>\n	<tr>\n        <td class=\"text-right\">应拆户数：</td>\n        <td>10</td>\n	</tr>\n	<tr>\n        <td class=\"text-right\">应动迁人口：</td>\n        <td>10</td>\n	</tr>\n	<tr>\n        <td class=\"text-right\">应拆总面积（合法）（平方米）：</td>\n        <td>10</td>\n	</tr>\n	<tr>\n        <td class=\"text-right\">应拆总面积（违章）（平方米）：</td>\n        <td>10</td>\n	</tr>\n	<tr>\n        <td class=\"text-right\">项目应付补偿款（万元）：</td>\n        <td>10</td>\n	</tr>\n	<tr>\n        <td class=\"text-right\">六前项目：</td>\n        <td>是</td>\n	</tr>\n</table>\n'),('eab0bd39-ebb9-407e-bd0c-c6c0649ea406','175.8.61.167','2016-04-06','拆迁户管理','手工添加拆迁户','手工添加拆迁户',NULL,'12345','be769d24-1b19-472a-9f68-fc82c800ad29','91b075a7-f6c3-4992-bb87-87a03464e93e','\n<style type=\"text/css\">\n.autoTbale td,.autoTbale th {\n	white-space: nowrap;\n}\n</style>\n<table>\n	<tr>\n		<td class=\"text-right\">户主姓名：</td>\n		<td>马松武</td>\n	</tr>\n	<tr>\n		<td class=\"text-right\">选择所属项目：</td>\n		<td>长沙县长沙师范学校第二校区建设项目（测试</td>\n	</tr>\n	<tr>\n		<td class=\"text-right\">房屋合法面积（平方米）：</td>\n		<td></td>\n	</tr>\n	<tr>\n		<td class=\"text-right\">房屋违章面积（平方米）：</td>\n		<td></td>\n	</tr>\n	<tr>\n		<td class=\"text-right\">所属地址：</td>\n		<td>大阪街道大唐区大唐组</td>\n	</tr>\n	<tr>\n		<td class=\"text-right\">批证及其他情况说明：</td>\n		<td></td>\n	</tr>\n	<tr>\n		<td class=\"text-right\">拟定处理方案：</td>\n		<td></td>\n	</tr>\n	<tr>\n		<td class=\"text-right\">联合会审意见：</td>\n		<td></td>\n	</tr>\n	<tr>\n		<td class=\"text-right\">备注：</td>\n		<td></td>\n	</tr>\n	<tr>\n		<td class=\"text-right\">联合会审附件：</td>\n		<td></td>\n	</tr>\n	<tr>\n		<td class=\"text-right\">高拍仪拍照：</td>\n		<td></td>\n	</tr>\n	<tr>\n		<td class=\"text-right\">房屋照片管理：</td>\n		<td></td>\n	</tr>\n	<tr>\n		<td class=\"text-right\">家庭成员数：</td>\n		<td>4</td>\n	</tr>\n</table>\n<div style=\"overflow-x:auto;width: 100%;\">\n	<table class=\"table table-hover table-bordered autoTbale\">\n		<thead>\n			<tr>\n				<td>姓名</td>\n				<td>与户主关系</td>\n				<td>身份证件</td>\n				<td>性别</td>\n				<td>户口性质</td>\n				<td>出生日期</td>\n				<td>文化程度</td>\n				<td>在读情况</td>\n				<td>从事农业劳动时间</td>\n				<td>服兵役/劳改/劳教情况及时间起止段</td>\n				<td>联系电话</td>\n				<td>独生子女证件号</td>\n				<td>是否半边户</td>\n				<td>是否参加过社会保险</td>\n				<td>备注</td>\n			</tr>\n		</thead>\n		<tbody>\n			<tr>\n				<td>马松武</td>\n				<td>户主</td>\n				<td>430121197003167914</td>\n				<td>男</td>\n				<td>农村居民</td>\n				<td>1970/03/16</td>\n				<td></td>\n				<td></td>\n				<td></td>\n				<td></td>\n				<td></td>\n				<td></td>\n				<td>否</td>\n				<td>否</td>\n				<td>测试</td>\n			</tr>\n			<tr>\n				<td>梁欣玲</td>\n				<td>妻子</td>\n				<td>432503197205060825</td>\n				<td>女</td>\n				<td>农村居民</td>\n				<td>1972/05/06</td>\n				<td></td>\n				<td></td>\n				<td></td>\n				<td></td>\n				<td></td>\n				<td></td>\n				<td>否</td>\n				<td>否</td>\n				<td>测试</td>\n			</tr>\n			<tr>\n				<td>马沁怡</td>\n				<td>女儿</td>\n				<td>43012120100920018x</td>\n				<td>女</td>\n				<td>农村居民</td>\n				<td>2010/09/20</td>\n				<td></td>\n				<td></td>\n				<td></td>\n				<td></td>\n				<td></td>\n				<td></td>\n				<td>否</td>\n				<td>否</td>\n				<td>测试</td>\n			</tr>\n			<tr>\n				<td>马沁沁</td>\n				<td>女儿</td>\n				<td>430121200108227324</td>\n				<td>女</td>\n				<td>农村居民</td>\n				<td>2001/08/22</td>\n				<td></td>\n				<td></td>\n				<td></td>\n				<td></td>\n				<td></td>\n				<td></td>\n				<td>否</td>\n				<td>否</td>\n				<td>测试</td>\n			</tr>\n		</tbody>\n	</table>\n</div>\n'),('eb566a06-1646-4e2e-bba4-e6bc7cbe2f36','125.70.79.216','2016-04-22','项目管理','修改项目信息','修改项目信息',NULL,'admin','a538004f-b6b2-48e3-8fcb-8ba000a3019a','81e97469-2fd1-4b3c-b3ac-593e5bd1ec6c','\n<table>\n	<tr>\n		<td class=\"text-right\">项目审批号：</td>\n		<td>测试项目审批号</td>\n	</tr>\n	<tr>\n		<td class=\"text-right\">项目名称：</td>\n		<td>测试项目</td>\n	</tr>\n	<tr>\n		<td class=\"text-right\">项目分类：</td>\n		<td></td>\n	</tr>\n	<tr>\n		<td class=\"text-right\">项目地址：</td>\n		<td>高唐街道天河区,大阪街道雨花区,项目地址其他信息</td>\n	</tr>\n	<tr>\n		<td class=\"text-right\">项目类型：</td>\n		<td>其他</td>\n	</tr>\n	<tr>\n		<td class=\"text-right\">征地面积（亩）：</td>\n		<td>100</td>\n	</tr>\n	<tr>\n		<td class=\"text-right\">应拆栋数：</td>\n		<td>100</td>\n	</tr>\n	<tr>\n		<td class=\"text-right\">应拆户数：</td>\n		<td>100</td>\n	</tr>\n	<tr>\n		<td class=\"text-right\">应动迁人口：</td>\n		<td>100</td>\n	</tr>\n	<tr>\n		<td class=\"text-right\">应拆总面积（合法）（平方米）：</td>\n		<td>100</td>\n	</tr>\n	<tr>\n		<td class=\"text-right\">应拆总面积（违章）（平方米）：</td>\n		<td>100</td>\n	</tr>\n	<tr>\n		<td class=\"text-right\">项目应付补偿款（万元）：</td>\n		<td>100</td>\n	</tr>\n	<tr>\n		<td class=\"text-right\">六前项目：</td>\n		<td>是</td>\n	</tr>\n</table>\n'),('ebf50a17-eaa2-469e-91fe-8a35092acd1d','118.112.56.76','2016-03-29','项目管理','增加项目公告','增加项目公告',NULL,'admin','a538004f-b6b2-48e3-8fcb-8ba000a3019a','81e97469-2fd1-4b3c-b3ac-593e5bd1ec6c','\n<table>\n	<tr>\n		<td class=\"text-right\">所属项目名称：</td>\n		<td>测试项目</td>\n	</tr>\n	<tr>\n		<td class=\"text-right\">公告进度：</td>\n		<td>二公告</td>\n	</tr>\n	<tr>\n		<td class=\"text-right\">公告文号：</td>\n		<td>3332</td>\n	</tr>\n	<tr>\n		<td class=\"text-right\">公告时间：</td>\n		<td>2016/03/29</td>\n	</tr>\n	<tr>\n		<td class=\"text-right\">公告批文：</td>\n		<td></td>\n	</tr>\n</table>\n'),('ec600dff-7d0f-4644-b5d5-811ab76c5cf9','125.70.179.235','2016-04-26','已迁户信息管理','导入拆迁户','导入拆迁户信息',NULL,'admin','bac2388a-3e8c-494f-8525-62c2a3370229','81e97469-2fd1-4b3c-b3ac-593e5bd1ec6c','\n<style type=\"text/css\">\n.autoTbale td,.autoTbale th {\n	white-space: nowrap;\n}\n</style>\n<div style=\"overflow-x:auto;width: 100%;\">\n	<table class=\"table table-hover table-bordered autoTbale\">\n		<thead>\n			<tr>\n				<td>迁户人姓名</td>\n				<td>适用政策</td>\n				<td>迁户人身份证</td>\n				<td>出生日期</td>\n				<td>拆迁日期</td>\n				<td>迁户人地址</td>\n			</tr>\n		</thead>\n		<tbody>\n		</tbody>\n	</table>\n</div>\n'),('eca2f5ca-4f09-468e-b9f9-756ad6765c22','175.9.110.132','2016-04-26','项目管理','录入项目月进度','录入项目月进度',NULL,'12345','a538004f-b6b2-48e3-8fcb-8ba000a3019a','91b075a7-f6c3-4992-bb87-87a03464e93e','\n<table>\n	<tr>\n		<td class=\"text-right\">所属项目名称：</td>\n		<td>万家丽北路安沙联络线建设项目 （安沙物流大道）</td>\n	</tr>\n	<tr>\n		<td class=\"text-right\">选择录入的所属年/月：</td>\n		<td>2013/09/01</td>\n	</tr>\n	<tr>\n		<td class=\"text-right\">本月拆除栋数(合法)：</td>\n		<td>30</td>\n	</tr>\n	<tr>\n		<td class=\"text-right\">本月腾地数（亩）：</td>\n		<td>84.00</td>\n	</tr>\n	<tr>\n		<td class=\"text-right\">本月拆除面积（合法）（平方米）：</td>\n		<td>9000</td>\n	</tr>\n	<tr>\n		<td class=\"text-right\">本月动迁的人口：</td>\n		<td>90</td>\n	</tr>\n	<tr>\n		<td class=\"text-right\">本月下达期限腾地决定书：</td>\n		<td>0</td>\n	</tr>\n	<tr>\n		<td class=\"text-right\">本月申请法院执行数：</td>\n		<td>0</td>\n	</tr>\n	<tr>\n		<td class=\"text-right\">本月实施强制户数：</td>\n		<td>0</td>\n	</tr>\n	<tr>\n		<td class=\"text-right\">启动时间：</td>\n		<td>2013/09/01</td>\n	</tr>\n	<tr>\n		<td class=\"text-right\">是否为本月完成结算项目：</td>\n		<td>否</td>\n	</tr>\n	<tr>\n		<td class=\"text-right\">备注：</td>\n		<td></td>\n	</tr>\n</table>\n'),('eeb64143-3ccb-43f1-98e4-76d9a3d9ef21','125.70.79.216','2016-04-22','项目管理','增加项目公告','增加项目公告',NULL,'admin','a538004f-b6b2-48e3-8fcb-8ba000a3019a','81e97469-2fd1-4b3c-b3ac-593e5bd1ec6c','\n<table>\n	<tr>\n		<td class=\"text-right\">所属项目名称：</td>\n		<td>测试项目</td>\n	</tr>\n	<tr>\n		<td class=\"text-right\">公告进度：</td>\n		<td>\n							一公告</td>\n	</tr>\n	<tr>\n		<td class=\"text-right\">公告文号：</td>\n		<td>1</td>\n	</tr>\n	<tr>\n		<td class=\"text-right\">公告时间：</td>\n		<td>2016/04/22</td>\n	</tr>\n	<tr>\n		<td class=\"text-right\">公告批文：</td>\n		<td></td>\n	</tr>\n</table>\n'),('ef2e188e-0507-4055-b617-c663f84cf0da','125.70.79.216','2016-04-22','项目管理','修改项目公告','修改项目公告',NULL,'admin','a538004f-b6b2-48e3-8fcb-8ba000a3019a','81e97469-2fd1-4b3c-b3ac-593e5bd1ec6c','\n<table>\n	<tr>\n		<td class=\"text-right\">所属项目名称：</td>\n		<td>湖南长沙农产品物流中心二期建设项目用地</td>\n	</tr>\n	<tr>\n		<td class=\"text-right\">公告进度：</td>\n		<td>二公告</td>\n	</tr>\n	<tr>\n		<td class=\"text-right\">公告文号：</td>\n		<td>二</td>\n	</tr>\n	<tr>\n		<td class=\"text-right\">公告时间：</td>\n		<td>2016/04/22</td>\n	</tr>\n	<tr>\n		<td class=\"text-right\">公告批文：</td>\n		<td></td>\n	</tr>\n</table>\n'),('ef45c4a4-c006-4c45-a18c-b4ae68888b08','182.148.57.207','2016-04-07','拆迁户管理','删除人员信息','删除人员信息',NULL,'admin','be769d24-1b19-472a-9f68-fc82c800ad29','81e97469-2fd1-4b3c-b3ac-593e5bd1ec6c','\n<table>\n	<tr>\n		<td class=\"text-right\">人员姓名：</td>\n		<td>购房添加A</td>\n	</tr>\n	<tr>\n		<td class=\"text-right\">人员身份证：</td>\n		<td>51515</td>\n	</tr>\n	<tr>\n		<td class=\"text-right\">地址：</td>\n		<td>地址A</td>\n	</tr>\n	<tr>\n		<td class=\"text-right\">出生时间：</td>\n		<td>2016/04/06</td>\n	</tr>\n	<tr>\n		<td class=\"text-right\">户口类型：</td>\n		<td>城镇居民</td>\n	</tr>\n	<tr>\n		<td class=\"text-right\">与户主关系：</td>\n		<td>女儿</td>\n	</tr>\n	<tr>\n		<td class=\"text-right\">性别：</td>\n		<td>女</td>\n	</tr>\n	<tr>\n		<td class=\"text-right\">文化程度：</td>\n		<td>文化程度</td>\n	</tr>\n	<tr>\n		<td class=\"text-right\">在读情况：</td>\n		<td>在读情况</td>\n	</tr>\n	<tr>\n		<td class=\"text-right\">从事农业劳动时间：</td>\n		<td>从事农业劳动时间</td>\n	</tr>\n</table>\n'),('f070bfde-7ab9-4ca3-b3af-587d46011683','182.148.57.207','2016-04-07','项目管理','手工添加项目信息','手工添加项目信息',NULL,'admin','a538004f-b6b2-48e3-8fcb-8ba000a3019a','81e97469-2fd1-4b3c-b3ac-593e5bd1ec6c','\n<table>\n	<tr>\n        <td class=\"text-right\">项目审批号：</td>\n        <td>项目B</td>\n	</tr>\n	<tr>\n        <td class=\"text-right\">项目名称：</td>\n        <td>项目名称B</td>\n	</tr>\n	<tr>\n        <td class=\"text-right\">项目分类：</td>\n        <td>省市重点项目</td>\n	</tr>\n	<tr>\n        <td class=\"text-right\">项目地址：</td>\n        <td>项目地址</td>\n	</tr>\n	<tr>\n        <td class=\"text-right\">项目类型：</td>\n        <td>基础设施</td>\n	</tr>\n	<tr>\n        <td class=\"text-right\">征地面积（亩）：</td>\n        <td>100</td>\n	</tr>\n	<tr>\n        <td class=\"text-right\">应拆栋数：</td>\n        <td>100</td>\n	</tr>\n	<tr>\n        <td class=\"text-right\">应拆户数：</td>\n        <td>100</td>\n	</tr>\n	<tr>\n        <td class=\"text-right\">应动迁人口：</td>\n        <td>100</td>\n	</tr>\n	<tr>\n        <td class=\"text-right\">应拆总面积（合法）（平方米）：</td>\n        <td>100</td>\n	</tr>\n	<tr>\n        <td class=\"text-right\">应拆总面积（违章）（平方米）：</td>\n        <td>100</td>\n	</tr>\n	<tr>\n        <td class=\"text-right\">项目应付补偿款（万元）：</td>\n        <td>100</td>\n	</tr>\n	<tr>\n        <td class=\"text-right\">六前项目：</td>\n        <td>是</td>\n	</tr>\n</table>\n'),('f14d0ad5-4b57-4331-9b9a-98c86373165a','125.70.179.235','2016-04-26','社保管理','导入社保信息','导入社保信息',NULL,'admin','8502199d-390e-49e1-a37a-43b5677bc705','81e97469-2fd1-4b3c-b3ac-593e5bd1ec6c','\n<style type=\"text/css\">\n.autoTbale td,.autoTbale th {\n	white-space: nowrap;\n}\n</style>\n<div style=\"overflow-x:auto;width: 100%;\">\n	<table class=\"table table-hover table-bordered autoTbale\">\n		<thead>\n			<tr>\n				<td>姓名</td>\n				<td>身份证件号</td>\n				<td>性别</td>\n				<td>出生日期</td>\n				<td>年龄段</td>\n				<td>从事农业生产时间</td>\n				<td>服刑或劳动教养时间(月)</td>\n				<td>军队服役时间(月)</td>\n				<td>养老保险补缴年限</td>\n				<td>医疗保险视同缴费月数</td>\n				<td>参加何种医疗保险</td>\n				<td>是否参加过社会保险</td>\n				<td>所属社区</td>\n				<td>联系电话</td>\n				<td>征地名称</td>\n			</tr>\n		</thead>\n		<tbody>\n		</tbody>\n	</table>\n</div>\n'),('f255ba0b-e13c-432f-b3f0-bf1fa280eb76','125.70.177.160','2016-04-05','项目管理','修改项目公告','修改项目公告',NULL,'admin','a538004f-b6b2-48e3-8fcb-8ba000a3019a','81e97469-2fd1-4b3c-b3ac-593e5bd1ec6c','\n<table>\n	<tr>\n		<td class=\"text-right\">所属项目名称：</td>\n		<td>测试项目</td>\n	</tr>\n	<tr>\n		<td class=\"text-right\">公告进度：</td>\n		<td>三公告</td>\n	</tr>\n	<tr>\n		<td class=\"text-right\">公告文号：</td>\n		<td>3332</td>\n	</tr>\n	<tr>\n		<td class=\"text-right\">公告时间：</td>\n		<td>2016/03/29</td>\n	</tr>\n	<tr>\n		<td class=\"text-right\">公告批文：</td>\n		<td></td>\n	</tr>\n</table>\n'),('f388dfde-e18f-42f5-880e-a48d3f0d3580','125.70.79.216','2016-04-22','项目管理','增加项目公告','增加项目公告',NULL,'admin','a538004f-b6b2-48e3-8fcb-8ba000a3019a','81e97469-2fd1-4b3c-b3ac-593e5bd1ec6c','\n<table>\n	<tr>\n		<td class=\"text-right\">所属项目名称：</td>\n		<td>会展酒店</td>\n	</tr>\n	<tr>\n		<td class=\"text-right\">公告进度：</td>\n		<td>\n							一公告</td>\n	</tr>\n	<tr>\n		<td class=\"text-right\">公告文号：</td>\n		<td>1</td>\n	</tr>\n	<tr>\n		<td class=\"text-right\">公告时间：</td>\n		<td>2016/04/22</td>\n	</tr>\n	<tr>\n		<td class=\"text-right\">公告批文：</td>\n		<td></td>\n	</tr>\n</table>\n'),('f40333dd-7eca-4b2d-9f92-20e377d48e90','175.9.111.33','2016-04-20','拆迁户管理','修改拆迁户户信息','修改拆迁户户信息',NULL,'12345','be769d24-1b19-472a-9f68-fc82c800ad29','91b075a7-f6c3-4992-bb87-87a03464e93e','\n<table>\n	<tr>\n		<td class=\"text-right\">户主姓名：</td>\n		<td>杜金明</td>\n	</tr>\n	<tr>\n		<td class=\"text-right\">选择所属项目：</td>\n		<td>长沙国际会展中心（测试）</td>\n	</tr>\n	<tr>\n		<td class=\"text-right\">房屋合法面积（平方米）：</td>\n		<td>300</td>\n	</tr>\n	<tr>\n		<td class=\"text-right\">房屋违章面积（平方米）：</td>\n		<td>0</td>\n	</tr>\n	<tr>\n		<td class=\"text-right\">所属地址：</td>\n		<td>黄兴镇光达村梯塘组</td>\n	</tr>\n	<tr>\n		<td class=\"text-right\">批证及其他情况说明：</td>\n		<td></td>\n	</tr>\n	<tr>\n		<td class=\"text-right\">拟定处理方案：</td>\n		<td></td>\n	</tr>\n	<tr>\n		<td class=\"text-right\">联合会审意见：</td>\n		<td></td>\n	</tr>\n	<tr>\n		<td class=\"text-right\">备注：</td>\n		<td></td>\n	</tr>\n	<tr>\n		<td class=\"text-right\">联合会审附件：</td>\n		<td></td>\n	</tr>\n	<tr>\n		<td class=\"text-right\">高拍仪拍照：</td>\n		<td></td>\n	</tr>\n	<tr>\n		<td class=\"text-right\">房屋照片管理：</td>\n		<td></td>\n	</tr>\n	<tr>\n		<td class=\"text-right\">家庭成员数：</td>\n		<td>3</td>\n	</tr>\n</table>\n'),('f430e7db-165e-4e0d-9d8e-5de7ef3eafd2','175.9.38.127','2016-04-21','项目管理','修改项目公告','修改项目公告',NULL,'12345','a538004f-b6b2-48e3-8fcb-8ba000a3019a','91b075a7-f6c3-4992-bb87-87a03464e93e','\n<table>\n	<tr>\n		<td class=\"text-right\">所属项目名称：</td>\n		<td>长沙县长沙师范学校第二校区建设项目（测试专用）</td>\n	</tr>\n	<tr>\n		<td class=\"text-right\">公告进度：</td>\n		<td>三公告</td>\n	</tr>\n	<tr>\n		<td class=\"text-right\">公告文号：</td>\n		<td>〔2013〕征字第45号66</td>\n	</tr>\n	<tr>\n		<td class=\"text-right\">公告时间：</td>\n		<td>2013/03/20</td>\n	</tr>\n	<tr>\n		<td class=\"text-right\">公告批文：</td>\n		<td></td>\n	</tr>\n</table>\n'),('f486b02b-2ed0-4a98-9779-0993bbf3a906','125.70.79.71','2016-04-06','项目管理','修改项目公告','修改项目公告',NULL,'admin','a538004f-b6b2-48e3-8fcb-8ba000a3019a','81e97469-2fd1-4b3c-b3ac-593e5bd1ec6c','\n<table>\n	<tr>\n		<td class=\"text-right\">所属项目名称：</td>\n		<td>测试项目</td>\n	</tr>\n	<tr>\n		<td class=\"text-right\">公告进度：</td>\n		<td>三公告</td>\n	</tr>\n	<tr>\n		<td class=\"text-right\">公告文号：</td>\n		<td>3332才</td>\n	</tr>\n	<tr>\n		<td class=\"text-right\">公告时间：</td>\n		<td>2016/03/29</td>\n	</tr>\n	<tr>\n		<td class=\"text-right\">公告批文：</td>\n		<td></td>\n	</tr>\n</table>\n'),('f5336cb6-722b-47e1-a1af-cc332aa6a4da','182.148.57.207','2016-04-07','社保管理','批量录入社保信息','批量录入社保信息',NULL,'admin','8502199d-390e-49e1-a37a-43b5677bc705','81e97469-2fd1-4b3c-b3ac-593e5bd1ec6c','\n<style type=\"text/css\">\n.autoTbale td,.autoTbale th {\n	white-space: nowrap;\n}\n</style>\n<div style=\"overflow-x:auto;width: 100%;\">\n<table class=\"table table-hover table-bordered autoTbale\">\n	<thead>\n		<tr>\n		    <td>姓名</td>\n		    <td>身份证件</td>\n		    <td>待遇标准</td>\n		    <td>社保时间</td>\n		    <td>年龄段</td>\n		    <td>所属社区</td>\n		    <td>参加何种医疗保险</td>\n		    <td>养老保险补缴年限</td>\n		    <td>医疗保险视同缴费月数</td>\n		    <td>服刑或劳动教养时间(月)</td>\n		    <td>军队服役时间(月)</td>\n		</tr>\n	</thead>\n	<tbody>\n		<tr>\n		    <td>小春</td>\n		    <td>5511155511</td>\n		    <td>基本养老金</td>\n		    <td>2016/04/21</td>\n		    <td>第一年龄段</td>\n		    <td>1</td>\n		    <td>2</td>\n		    <td>3</td>\n		    <td>4</td>\n		    <td>5</td>\n		    <td>6</td>\n		</tr>\n	</tbody>\n</table>\n</div>\n'),('f6a27381-2967-451e-a346-79698a21f024','125.70.79.216','2016-04-22','项目管理','修改项目公告','修改项目公告',NULL,'admin','a538004f-b6b2-48e3-8fcb-8ba000a3019a','81e97469-2fd1-4b3c-b3ac-593e5bd1ec6c','\n<table>\n	<tr>\n		<td class=\"text-right\">所属项目名称：</td>\n		<td>星沙联络线</td>\n	</tr>\n	<tr>\n		<td class=\"text-right\">公告进度：</td>\n		<td>三公告</td>\n	</tr>\n	<tr>\n		<td class=\"text-right\">公告文号：</td>\n		<td>3</td>\n	</tr>\n	<tr>\n		<td class=\"text-right\">公告时间：</td>\n		<td>2016/04/21</td>\n	</tr>\n	<tr>\n		<td class=\"text-right\">公告批文：</td>\n		<td></td>\n	</tr>\n</table>\n'),('f6c2ae20-1ad3-4228-8301-0f21ec9527fe','182.148.57.207','2016-04-07','拆迁户管理','删除人员信息','删除人员信息',NULL,'admin','be769d24-1b19-472a-9f68-fc82c800ad29','81e97469-2fd1-4b3c-b3ac-593e5bd1ec6c','\n<table>\n	<tr>\n		<td class=\"text-right\">人员姓名：</td>\n		<td>1233</td>\n	</tr>\n	<tr>\n		<td class=\"text-right\">人员身份证：</td>\n		<td>3213</td>\n	</tr>\n</table>\n'),('f7b5a957-453a-4542-ba8e-f5a568e2d220','125.70.179.235','2016-04-26','社保管理','导入社保信息','导入社保信息',NULL,'admin','8502199d-390e-49e1-a37a-43b5677bc705','81e97469-2fd1-4b3c-b3ac-593e5bd1ec6c','\n<style type=\"text/css\">\n.autoTbale td,.autoTbale th {\n	white-space: nowrap;\n}\n</style>\n<div style=\"overflow-x:auto;width: 100%;\">\n	<table class=\"table table-hover table-bordered autoTbale\">\n		<thead>\n			<tr>\n				<td>姓名</td>\n				<td>身份证件号</td>\n				<td>性别</td>\n				<td>出生日期</td>\n				<td>年龄段</td>\n				<td>从事农业生产时间</td>\n				<td>服刑或劳动教养时间(月)</td>\n				<td>军队服役时间(月)</td>\n				<td>养老保险补缴年限</td>\n				<td>医疗保险视同缴费月数</td>\n				<td>参加何种医疗保险</td>\n				<td>是否参加过社会保险</td>\n				<td>所属社区</td>\n				<td>联系电话</td>\n				<td>征地名称</td>\n			</tr>\n		</thead>\n		<tbody>\n		</tbody>\n	</table>\n</div>\n'),('f831fb7b-f3c3-42a3-a274-3e542a97cd0e','125.70.179.235','2016-04-26','社保管理','导入社保信息','导入社保信息',NULL,'admin','8502199d-390e-49e1-a37a-43b5677bc705','81e97469-2fd1-4b3c-b3ac-593e5bd1ec6c','\n<style type=\"text/css\">\n.autoTbale td,.autoTbale th {\n	white-space: nowrap;\n}\n</style>\n<div style=\"overflow-x:auto;width: 100%;\">\n	<table class=\"table table-hover table-bordered autoTbale\">\n		<thead>\n			<tr>\n				<td>姓名</td>\n				<td>身份证件号</td>\n				<td>性别</td>\n				<td>出生日期</td>\n				<td>年龄段</td>\n				<td>从事农业生产时间</td>\n				<td>服刑或劳动教养时间(月)</td>\n				<td>军队服役时间(月)</td>\n				<td>养老保险补缴年限</td>\n				<td>医疗保险视同缴费月数</td>\n				<td>参加何种医疗保险</td>\n				<td>是否参加过社会保险</td>\n				<td>所属社区</td>\n				<td>联系电话</td>\n				<td>征地名称</td>\n			</tr>\n		</thead>\n		<tbody>\n		</tbody>\n	</table>\n</div>\n'),('f855e1f9-75d6-44d5-8652-5ca84c7e8117','175.8.6.104','2016-04-06','拆迁户管理','手工添加拆迁户','手工添加拆迁户',NULL,'12345','be769d24-1b19-472a-9f68-fc82c800ad29','91b075a7-f6c3-4992-bb87-87a03464e93e','\n<style type=\"text/css\">\n.autoTbale td,.autoTbale th {\n	white-space: nowrap;\n}\n</style>\n<table>\n	<tr>\n		<td class=\"text-right\">户主姓名：</td>\n		<td>罗国华</td>\n	</tr>\n	<tr>\n		<td class=\"text-right\">选择所属项目：</td>\n		<td>长沙国际会展中心（测试）</td>\n	</tr>\n	<tr>\n		<td class=\"text-right\">房屋合法面积（平方米）：</td>\n		<td>362.81</td>\n	</tr>\n	<tr>\n		<td class=\"text-right\">房屋违章面积（平方米）：</td>\n		<td></td>\n	</tr>\n	<tr>\n		<td class=\"text-right\">所属地址：</td>\n		<td>高唐街道天河区天河1组</td>\n	</tr>\n	<tr>\n		<td class=\"text-right\">批证及其他情况说明：</td>\n		<td>乡土管字第0031982号，限建筑占地160㎡</td>\n	</tr>\n	<tr>\n		<td class=\"text-right\">拟定处理方案：</td>\n		<td>认定合法面积350平方米</td>\n	</tr>\n	<tr>\n		<td class=\"text-right\">联合会审意见：</td>\n		<td></td>\n	</tr>\n	<tr>\n		<td class=\"text-right\">备注：</td>\n		<td></td>\n	</tr>\n	<tr>\n		<td class=\"text-right\">联合会审附件：</td>\n		<td></td>\n	</tr>\n	<tr>\n		<td class=\"text-right\">高拍仪拍照：</td>\n		<td></td>\n	</tr>\n	<tr>\n		<td class=\"text-right\">房屋照片管理：</td>\n		<td></td>\n	</tr>\n	<tr>\n		<td class=\"text-right\">家庭成员数：</td>\n		<td>2</td>\n	</tr>\n</table>\n<div style=\"overflow-x:auto;width: 100%;\">\n	<table class=\"table table-hover table-bordered autoTbale\">\n		<thead>\n			<tr>\n				<td>姓名</td>\n				<td>与户主关系</td>\n				<td>身份证件</td>\n				<td>性别</td>\n				<td>户口性质</td>\n				<td>出生日期</td>\n				<td>文化程度</td>\n				<td>在读情况</td>\n				<td>从事农业劳动时间</td>\n				<td>服兵役/劳改/劳教情况及时间起止段</td>\n				<td>联系电话</td>\n				<td>独生子女证件号</td>\n				<td>是否半边户</td>\n				<td>是否参加过社会保险</td>\n				<td>备注</td>\n			</tr>\n		</thead>\n		<tbody>\n			<tr>\n				<td>罗国华</td>\n				<td>户主</td>\n				<td>430121194706140917</td>\n				<td>男</td>\n				<td>农村居民</td>\n				<td>1947/06/14</td>\n				<td></td>\n				<td></td>\n				<td></td>\n				<td></td>\n				<td></td>\n				<td></td>\n				<td>否</td>\n				<td>否</td>\n				<td></td>\n			</tr>\n			<tr>\n				<td>罗杰</td>\n				<td>儿子</td>\n				<td>43012119740808093x</td>\n				<td>男</td>\n				<td>农村居民</td>\n				<td>1974/08/08</td>\n				<td></td>\n				<td></td>\n				<td></td>\n				<td></td>\n				<td></td>\n				<td></td>\n				<td>否</td>\n				<td>否</td>\n				<td></td>\n			</tr>\n		</tbody>\n	</table>\n</div>\n'),('f8b62c0f-0da5-47a9-b5ac-138d2bee4a5a','175.8.6.104','2016-04-06','项目管理','增加项目公告','增加项目公告',NULL,'12345','a538004f-b6b2-48e3-8fcb-8ba000a3019a','91b075a7-f6c3-4992-bb87-87a03464e93e','\n<table>\n	<tr>\n		<td class=\"text-right\">所属项目名称：</td>\n		<td>长沙县长沙师范学校第二校区建设项目（测试</td>\n	</tr>\n	<tr>\n		<td class=\"text-right\">公告进度：</td>\n		<td>二公告</td>\n	</tr>\n	<tr>\n		<td class=\"text-right\">公告文号：</td>\n		<td>〔2013〕征字第45号</td>\n	</tr>\n	<tr>\n		<td class=\"text-right\">公告时间：</td>\n		<td>2013/03/20</td>\n	</tr>\n	<tr>\n		<td class=\"text-right\">公告批文：</td>\n		<td></td>\n	</tr>\n</table>\n'),('fa7fd8cc-d11c-49fc-9e27-0660c5ac9d16','175.9.110.132','2016-04-26','项目管理','增加项目公告','增加项目公告',NULL,'12345','a538004f-b6b2-48e3-8fcb-8ba000a3019a','91b075a7-f6c3-4992-bb87-87a03464e93e','\n<table>\n	<tr>\n		<td class=\"text-right\">所属项目名称：</td>\n		<td>万家丽北路安沙联络线建设项目 （安沙物流大道）</td>\n	</tr>\n	<tr>\n		<td class=\"text-right\">公告进度：</td>\n		<td>\n							一公告</td>\n	</tr>\n	<tr>\n		<td class=\"text-right\">公告文号：</td>\n		<td>长县政发（2013）88号</td>\n	</tr>\n	<tr>\n		<td class=\"text-right\">公告时间：</td>\n		<td>2013/09/24</td>\n	</tr>\n	<tr>\n		<td class=\"text-right\">公告批文：</td>\n		<td></td>\n	</tr>\n</table>\n'),('fb2cef5b-8cbd-4e6e-8642-a0e8d1155a39','110.184.69.21','2016-04-09','档案文件管理','编辑档案文件','编辑档案文件',NULL,'12345','9349a42d-2b03-4370-8b77-04a39f2caa5d','91b075a7-f6c3-4992-bb87-87a03464e93e','\n<table>\n	<tr>\n		<td class=\"text-right\">档案文件标题：</td>\n		<td>ddd</td>\n	</tr>\n	<tr>\n		<td class=\"text-right\">档案文件类型：</td>\n		<td>征地补偿办法</td>\n	</tr>\n	<tr>\n		<td class=\"text-right\">高拍仪拍照：</td>\n		<td></td>\n	</tr>\n	<tr>\n		<td class=\"text-right\">附件：</td>\n		<td></td>\n	</tr>\n	<tr>\n		<td class=\"text-right\">内容：</td>\n		<td><p><span style=\"font-weight: bold;\">ddd<span style=\"background-color: yellow;\"></span></span></p></td>\n	</tr>\n</table>\n'),('fc848be5-4058-4f23-84bc-4b6971c32c55','175.8.6.104','2016-04-06','项目管理','录入项目月进度','录入项目月进度',NULL,'12345','a538004f-b6b2-48e3-8fcb-8ba000a3019a','91b075a7-f6c3-4992-bb87-87a03464e93e','\n<table>\n	<tr>\n		<td class=\"text-right\">所属项目名称：</td>\n		<td>长沙县长沙师范学校第二校区建设项目（测试</td>\n	</tr>\n	<tr>\n		<td class=\"text-right\">选择录入的所属年/月：</td>\n		<td>2016/03/01</td>\n	</tr>\n	<tr>\n		<td class=\"text-right\">本月拆除栋数(合法)：</td>\n		<td>50</td>\n	</tr>\n	<tr>\n		<td class=\"text-right\">本月腾地数（亩）：</td>\n		<td>454.47273</td>\n	</tr>\n	<tr>\n		<td class=\"text-right\">本月拆除面积（合法）（平方米）：</td>\n		<td>54540</td>\n	</tr>\n	<tr>\n		<td class=\"text-right\">本月动迁的人口：</td>\n		<td>181</td>\n	</tr>\n	<tr>\n		<td class=\"text-right\">本月下达期限腾地决定书：</td>\n		<td>0</td>\n	</tr>\n	<tr>\n		<td class=\"text-right\">本月申请法院执行数：</td>\n		<td>0</td>\n	</tr>\n	<tr>\n		<td class=\"text-right\">本月实施强制户数：</td>\n		<td>1</td>\n	</tr>\n	<tr>\n		<td class=\"text-right\">启动时间：</td>\n		<td>2012/02/01</td>\n	</tr>\n	<tr>\n		<td class=\"text-right\">是否为本月完成结算项目：</td>\n		<td>否</td>\n	</tr>\n	<tr>\n		<td class=\"text-right\">备注：</td>\n		<td></td>\n	</tr>\n</table>\n'),('fcb1675b-9507-49e6-9775-08c9e11679f7','125.70.79.71','2016-04-06','项目管理','修改项目信息','修改项目信息',NULL,'admin','a538004f-b6b2-48e3-8fcb-8ba000a3019a','81e97469-2fd1-4b3c-b3ac-593e5bd1ec6c','\n<table>\n	<tr>\n		<td class=\"text-right\">项目审批号：</td>\n		<td>测试好好</td>\n	</tr>\n	<tr>\n		<td class=\"text-right\">项目名称：</td>\n		<td>测试项目等等</td>\n	</tr>\n	<tr>\n		<td class=\"text-right\">项目分类：</td>\n		<td></td>\n	</tr>\n	<tr>\n		<td class=\"text-right\">项目地址：</td>\n		<td>地址地址1233123</td>\n	</tr>\n	<tr>\n		<td class=\"text-right\">项目类型：</td>\n		<td>其他</td>\n	</tr>\n	<tr>\n		<td class=\"text-right\">征地面积（亩）：</td>\n		<td>100</td>\n	</tr>\n	<tr>\n		<td class=\"text-right\">应拆栋数：</td>\n		<td>100</td>\n	</tr>\n	<tr>\n		<td class=\"text-right\">应拆户数：</td>\n		<td>100</td>\n	</tr>\n	<tr>\n		<td class=\"text-right\">应动迁人口：</td>\n		<td>100</td>\n	</tr>\n	<tr>\n		<td class=\"text-right\">应拆总面积（合法）（平方米）：</td>\n		<td>100</td>\n	</tr>\n	<tr>\n		<td class=\"text-right\">应拆总面积（违章）（平方米）：</td>\n		<td>100</td>\n	</tr>\n	<tr>\n		<td class=\"text-right\">项目应付补偿款（万元）：</td>\n		<td>100</td>\n	</tr>\n	<tr>\n		<td class=\"text-right\">六前项目：</td>\n		<td>是</td>\n	</tr>\n</table>\n'),('fdfcad21-e378-4df5-9b51-5faf2ed26026','125.70.79.216','2016-04-22','项目管理','修改项目公告','修改项目公告',NULL,'admin','a538004f-b6b2-48e3-8fcb-8ba000a3019a','81e97469-2fd1-4b3c-b3ac-593e5bd1ec6c','\n<table>\n	<tr>\n		<td class=\"text-right\">所属项目名称：</td>\n		<td>湖南长沙农产品物流中心二期建设项目用地</td>\n	</tr>\n	<tr>\n		<td class=\"text-right\">公告进度：</td>\n		<td>\n							一公告</td>\n	</tr>\n	<tr>\n		<td class=\"text-right\">公告文号：</td>\n		<td>二公告</td>\n	</tr>\n	<tr>\n		<td class=\"text-right\">公告时间：</td>\n		<td>2016/04/22</td>\n	</tr>\n	<tr>\n		<td class=\"text-right\">公告批文：</td>\n		<td></td>\n	</tr>\n</table>\n'),('fe7385ff-d892-47ff-80f7-d352acf71abc','118.112.58.104','2016-04-21','项目管理','修改项目公告','修改项目公告',NULL,'12345','a538004f-b6b2-48e3-8fcb-8ba000a3019a','91b075a7-f6c3-4992-bb87-87a03464e93e','\n<table>\n	<tr>\n		<td class=\"text-right\">所属项目名称：</td>\n		<td>长沙县长沙师范学校第二校区建设项目（测试专用）</td>\n	</tr>\n	<tr>\n		<td class=\"text-right\">公告进度：</td>\n		<td>三公告</td>\n	</tr>\n	<tr>\n		<td class=\"text-right\">公告文号：</td>\n		<td>51111111〔2013〕征字第45号</td>\n	</tr>\n	<tr>\n		<td class=\"text-right\">公告时间：</td>\n		<td>2013/03/20</td>\n	</tr>\n	<tr>\n		<td class=\"text-right\">公告批文：</td>\n		<td></td>\n	</tr>\n</table>\n'),('fe993129-f640-4989-888e-b234e6de01e5','175.9.110.132','2016-04-26','拆迁户管理','手工添加拆迁户','手工添加拆迁户',NULL,'12345','be769d24-1b19-472a-9f68-fc82c800ad29','91b075a7-f6c3-4992-bb87-87a03464e93e','\n<style type=\"text/css\">\n.autoTbale td,.autoTbale th {\n	white-space: nowrap;\n}\n</style>\n<table>\n	<tr>\n		<td class=\"text-right\">户主姓名：</td>\n		<td>马国强</td>\n	</tr>\n	<tr>\n		<td class=\"text-right\">选择所属项目：</td>\n		<td>万家丽北路安沙联络线建设项目 （安沙物流大道）</td>\n	</tr>\n	<tr>\n		<td class=\"text-right\">房屋合法面积（平方米）：</td>\n		<td>300</td>\n	</tr>\n	<tr>\n		<td class=\"text-right\">房屋违章面积（平方米）：</td>\n		<td>0</td>\n	</tr>\n	<tr>\n		<td class=\"text-right\">所属地址：</td>\n		<td>安沙镇</td>\n	</tr>\n	<tr>\n		<td class=\"text-right\">批证及其他情况说明：</td>\n		<td></td>\n	</tr>\n	<tr>\n		<td class=\"text-right\">拟定处理方案：</td>\n		<td></td>\n	</tr>\n	<tr>\n		<td class=\"text-right\">联合会审意见：</td>\n		<td></td>\n	</tr>\n	<tr>\n		<td class=\"text-right\">备注：</td>\n		<td></td>\n	</tr>\n	<tr>\n		<td class=\"text-right\">联合会审附件：</td>\n		<td></td>\n	</tr>\n	<tr>\n		<td class=\"text-right\">高拍仪拍照：</td>\n		<td></td>\n	</tr>\n	<tr>\n		<td class=\"text-right\">房屋照片管理：</td>\n		<td></td>\n	</tr>\n	<tr>\n		<td class=\"text-right\">家庭成员数：</td>\n		<td>3</td>\n	</tr>\n</table>\n<div style=\"overflow-x:auto;width: 100%;\">\n	<table class=\"table table-hover table-bordered autoTbale\">\n		<thead>\n			<tr>\n				<td>姓名</td>\n				<td>与户主关系</td>\n				<td>身份证件</td>\n				<td>性别</td>\n				<td>户口性质</td>\n				<td>出生日期</td>\n				<td>文化程度</td>\n				<td>在读情况</td>\n				<td>从事农业劳动时间</td>\n				<td>服兵役/劳改/劳教情况及时间起止段</td>\n				<td>联系电话</td>\n				<td>独生子女证件号</td>\n				<td>是否半边户</td>\n				<td>是否参加过社会保险</td>\n				<td>备注</td>\n			</tr>\n		</thead>\n		<tbody>\n			<tr>\n				<td>马国强</td>\n				<td>户主</td>\n				<td>43012119400808791x</td>\n				<td>男</td>\n				<td>农村居民</td>\n				<td>1940/08/08</td>\n				<td></td>\n				<td></td>\n				<td></td>\n				<td></td>\n				<td></td>\n				<td></td>\n				<td>否</td>\n				<td>否</td>\n				<td></td>\n			</tr>\n			<tr>\n				<td>马三友</td>\n				<td>女儿</td>\n				<td>430121197111237924</td>\n				<td>女</td>\n				<td>农村居民</td>\n				<td>1971/11/23</td>\n				<td></td>\n				<td></td>\n				<td></td>\n				<td></td>\n				<td></td>\n				<td></td>\n				<td>否</td>\n				<td>否</td>\n				<td></td>\n			</tr>\n			<tr>\n				<td>李树元</td>\n				<td>妻子</td>\n				<td>430121194410077920</td>\n				<td>女</td>\n				<td>农村居民</td>\n				<td>1944/10/07</td>\n				<td></td>\n				<td></td>\n				<td></td>\n				<td></td>\n				<td></td>\n				<td></td>\n				<td>否</td>\n				<td>否</td>\n				<td></td>\n			</tr>\n		</tbody>\n	</table>\n</div>\n'),('fed41fcb-d401-4a49-b7fe-ebff0a44c085','125.70.76.222','2016-03-18','拆迁户管理','手工添加拆迁户','手工添加拆迁户',NULL,'admin','be769d24-1b19-472a-9f68-fc82c800ad29','81e97469-2fd1-4b3c-b3ac-593e5bd1ec6c','\n<style type=\"text/css\">\n.autoTbale td,.autoTbale th {\n	white-space: nowrap;\n}\n</style>\n<table>\n	<tr>\n		<td class=\"text-right\">户主姓名：</td>\n		<td>小明</td>\n	</tr>\n	<tr>\n		<td class=\"text-right\">选择所属项目：</td>\n		<td>测试项目</td>\n	</tr>\n	<tr>\n		<td class=\"text-right\">房屋合法面积（平方米）：</td>\n		<td></td>\n	</tr>\n	<tr>\n		<td class=\"text-right\">房屋违章面积（平方米）：</td>\n		<td></td>\n	</tr>\n	<tr>\n		<td class=\"text-right\">所属地址：</td>\n		<td>高唐街道天河区天河1组</td>\n	</tr>\n	<tr>\n		<td class=\"text-right\">批证及其他情况说明：</td>\n		<td></td>\n	</tr>\n	<tr>\n		<td class=\"text-right\">拟定处理方案：</td>\n		<td></td>\n	</tr>\n	<tr>\n		<td class=\"text-right\">联合会审意见：</td>\n		<td></td>\n	</tr>\n	<tr>\n		<td class=\"text-right\">备注：</td>\n		<td></td>\n	</tr>\n	<tr>\n		<td class=\"text-right\">联合会审附件：</td>\n		<td></td>\n	</tr>\n	<tr>\n		<td class=\"text-right\">高拍仪拍照：</td>\n		<td></td>\n	</tr>\n	<tr>\n		<td class=\"text-right\">房屋照片管理：</td>\n		<td></td>\n	</tr>\n	<tr>\n		<td class=\"text-right\">家庭成员数：</td>\n		<td>1</td>\n	</tr>\n</table>\n<div style=\"overflow-x:auto;width: 100%;\">\n	<table class=\"table table-hover table-bordered autoTbale\">\n		<thead>\n			<tr>\n				<td>姓名</td>\n				<td>与户主关系</td>\n				<td>身份证</td>\n				<td>性别</td>\n				<td>户口性质</td>\n				<td>出生日期</td>\n				<td>文化程度</td>\n				<td>在读情况</td>\n				<td>从事农业劳动时间</td>\n				<td>服兵役/劳改/劳教情况及时间起止段</td>\n				<td>联系电话</td>\n				<td>独生子女证件号</td>\n				<td>是否半边户</td>\n				<td>是否参加过社会保险</td>\n				<td>备注</td>\n			</tr>\n		</thead>\n		<tbody>\n			<tr>\n				<td>小明</td>\n				<td>户主</td>\n				<td>123025541</td>\n				<td>女</td>\n				<td>城镇居民</td>\n				<td>2016/03/18</td>\n				<td></td>\n				<td></td>\n				<td></td>\n				<td></td>\n				<td></td>\n				<td>2151</td>\n				<td>是</td>\n				<td>否</td>\n				<td>审批</td>\n			</tr>\n		</tbody>\n	</table>\n</div>\n'),('ff44c28c-ead7-4ff1-98af-00a6e88d6970','175.9.110.132','2016-04-26','项目管理','手工添加项目信息','手工添加项目信息',NULL,'12345','a538004f-b6b2-48e3-8fcb-8ba000a3019a','91b075a7-f6c3-4992-bb87-87a03464e93e','\n<table>\n	<tr>\n        <td class=\"text-right\">项目审批号：</td>\n        <td>省政府（2013）政国土字第1730</td>\n	</tr>\n	<tr>\n        <td class=\"text-right\">项目名称：</td>\n        <td>万家丽北路安沙联络线建设项目 （安沙物流大道）</td>\n	</tr>\n	<tr>\n        <td class=\"text-right\">项目分类：</td>\n        <td>非重点项目</td>\n	</tr>\n	<tr>\n        <td class=\"text-right\">项目地址：</td>\n        <td>安沙镇</td>\n	</tr>\n	<tr>\n        <td class=\"text-right\">项目类型：</td>\n        <td>基础设施</td>\n	</tr>\n	<tr>\n        <td class=\"text-right\">征地面积（亩）：</td>\n        <td>140</td>\n	</tr>\n	<tr>\n        <td class=\"text-right\">应拆栋数：</td>\n        <td>50</td>\n	</tr>\n	<tr>\n        <td class=\"text-right\">应拆户数：</td>\n        <td>50</td>\n	</tr>\n	<tr>\n        <td class=\"text-right\">应动迁人口：</td>\n        <td>150</td>\n	</tr>\n	<tr>\n        <td class=\"text-right\">应拆总面积（合法）（平方米）：</td>\n        <td>15000</td>\n	</tr>\n	<tr>\n        <td class=\"text-right\">应拆总面积（违章）（平方米）：</td>\n        <td>0</td>\n	</tr>\n	<tr>\n        <td class=\"text-right\">项目应付补偿款（万元）：</td>\n        <td>0</td>\n	</tr>\n	<tr>\n        <td class=\"text-right\">六前项目：</td>\n        <td>是</td>\n	</tr>\n</table>\n');

/*Table structure for table `tb_org` */

DROP TABLE IF EXISTS `tb_org`;

CREATE TABLE `tb_org` (
  `id` varchar(70) NOT NULL,
  `org_name` varchar(30) NOT NULL,
  `is_del` tinyint(1) NOT NULL,
  `org_number` varchar(30) NOT NULL,
  PRIMARY KEY (`id`),
  UNIQUE KEY `org_name` (`org_name`),
  UNIQUE KEY `org_number` (`org_number`)
) ENGINE=InnoDB DEFAULT CHARSET=utf8;

/*Data for the table `tb_org` */

insert  into `tb_org`(`id`,`org_name`,`is_del`,`org_number`) values ('128cdb8b-574c-4b20-8a51-b8265ec06e3a','住保局',0,'5'),('2fdbaaa8-dddb-4dff-af58-2564ca50efc9','公安局',0,'2'),('682e3faa-f4b3-4159-b8da-7c0e04c984e8','拆迁中心',0,'1'),('9af37945-e827-465c-b97d-7afa867cb7ae','FBI',0,'#001'),('a0671c9d-5ca9-40fc-8217-f1caa072430f','CIA',0,'#002'),('b06f832c-f4b7-4e0d-8282-8deff0cd2edf','征地办',0,'4'),('ce9d598b-1732-462a-b5c4-e9176e4980b8','人社局',0,'3'),('fe3642e5-6b65-49a7-805b-12ab65b83155','国土局',0,'001');

/*Table structure for table `tb_permission` */

DROP TABLE IF EXISTS `tb_permission`;

CREATE TABLE `tb_permission` (
  `id` varchar(70) NOT NULL,
  `res_id` varchar(70) NOT NULL,
  `role_id` varchar(70) NOT NULL,
  PRIMARY KEY (`id`)
) ENGINE=InnoDB DEFAULT CHARSET=utf8;

/*Data for the table `tb_permission` */

insert  into `tb_permission`(`id`,`res_id`,`role_id`) values ('0148450e-e727-482b-a881-5b6a5a9e68f5','a538004f-b6b2-48e3-8fcb-8ba000a3019a','c5a262de-0125-4d49-8d88-dfa807723b55'),('0422b05f-4d00-4f17-b31c-640aa6c2e192','a594059d-f3bf-42c7-bb8d-5654c999e1af','c5a262de-0125-4d49-8d88-dfa807723b55'),('06def875-96b6-496d-8719-c6d8905c50e9','ef7420c3-0a6f-4667-827d-cb4aa55f0efc','c67f6e00-560e-4abb-96f0-967a4c558135'),('0928875e-4295-4aec-877d-1835a3414f87','584358c1-0e68-46ee-a099-10e654ca3191','c5a262de-0125-4d49-8d88-dfa807723b55'),('09af47dd-d773-4b3e-9f8f-798585c454f6','9349a42d-2b03-4370-8b77-04a39f2caa5d','826e9b60-ebfc-43f3-8e12-bcecdcbf2e65'),('0c691529-7c38-4b14-bce5-5f92ae43774b','611cb245-07af-4c20-9712-9e74ce22ccd1','826e9b60-ebfc-43f3-8e12-bcecdcbf2e65'),('0da0f40b-8927-4d13-9619-2e031e4146f9','fc50914f-aa91-4bf8-b196-f889ddf34784','c5a262de-0125-4d49-8d88-dfa807723b55'),('0e77a001-af73-40e7-ba89-3ebda4213ef9','611cb245-07af-4c20-9712-9e74ce22ccd1','85c54219-d15b-49d9-82da-b0a0fd2b2339'),('11083d4f-979e-4bea-aa22-60de108f8097','6f706e28-face-42ee-8978-89ba36751d78','8005c12e-b75a-44b1-b6fc-034eb6a697bc'),('14eb25e2-0b92-4b33-9b49-108d6419246b','3c2f65ad-a8e8-4978-a5c5-b83b5b3afccf','85c54219-d15b-49d9-82da-b0a0fd2b2339'),('1b18dcb3-a1d2-4275-b121-af34a5faac09','9349a42d-2b03-4370-8b77-04a39f2caa5d','8005c12e-b75a-44b1-b6fc-034eb6a697bc'),('1f7808a1-1a21-43e9-a771-335caad8ea02','1151395a-7d71-40ce-9435-a24167186175','6d7ac88e-24b1-4043-a95f-c5fde62dbafd'),('280ba916-3f79-43b3-b2b3-5e2ac4efa281','6c95c954-584f-4bbc-a583-04d2420b8174','8005c12e-b75a-44b1-b6fc-034eb6a697bc'),('2ebda67f-d8f9-4275-abc3-20e791403e6c','635a3873-75b5-4725-8391-2cecfc448714','c5a262de-0125-4d49-8d88-dfa807723b55'),('349a11e7-ddf6-4ee0-9e4d-34ccff3b5a3d','fabf3a8a-153b-421f-9ba4-d531807f8c6a','85c54219-d15b-49d9-82da-b0a0fd2b2339'),('3675fdb5-311b-4212-be89-3a668d18f1e6','6f706e28-face-42ee-8978-89ba36751d78','826e9b60-ebfc-43f3-8e12-bcecdcbf2e65'),('37ec50dd-bda9-4180-9122-15441f0f08f3','a538004f-b6b2-48e3-8fcb-8ba000a3019a','85c54219-d15b-49d9-82da-b0a0fd2b2339'),('38710a0d-bcbb-41fd-891e-47572c821017','584358c1-0e68-46ee-a099-10e654ca3191','6d7ac88e-24b1-4043-a95f-c5fde62dbafd'),('3880b511-0397-463e-8dc5-4f18bcbffc3f','af147a27-2b7e-4c62-bb3c-b9dbffe97c14','c5a262de-0125-4d49-8d88-dfa807723b55'),('39421804-d333-474a-b699-1fb2373a9007','ef7420c3-0a6f-4667-827d-cb4aa55f0efc','826e9b60-ebfc-43f3-8e12-bcecdcbf2e65'),('3b6f43e8-9f1a-4f24-8957-ce926b5375e0','0e3827d5-fa84-4aed-983a-b290da99052f','8005c12e-b75a-44b1-b6fc-034eb6a697bc'),('41af9c54-1a14-43e3-85c0-29de4adc2ab7','611cb245-07af-4c20-9712-9e74ce22ccd1','6d7ac88e-24b1-4043-a95f-c5fde62dbafd'),('4202922b-9b0c-4318-82fb-17acfdffa902','2e27e9cc-b43c-4c3a-8134-cc2d3631b7ef','826e9b60-ebfc-43f3-8e12-bcecdcbf2e65'),('43c2e029-e2c5-4eee-9bac-fa6f16317a91','fc50914f-aa91-4bf8-b196-f889ddf34784','85c54219-d15b-49d9-82da-b0a0fd2b2339'),('4638f4ea-5d9d-4f90-80c5-260ef8d1704a','e746da4a-c40f-409b-9130-270e372efb04','85c54219-d15b-49d9-82da-b0a0fd2b2339'),('465b3437-62f3-4ac1-a5ce-d3f87f59fbfa','611cb245-07af-4c20-9712-9e74ce22ccd1','8005c12e-b75a-44b1-b6fc-034eb6a697bc'),('49f69e3b-60c2-44de-b9c2-d88463728058','af147a27-2b7e-4c62-bb3c-b9dbffe97c14','85c54219-d15b-49d9-82da-b0a0fd2b2339'),('4a3a1ce9-8804-48fc-a299-2a1be7587695','6c95c954-584f-4bbc-a583-04d2420b8174','c5a262de-0125-4d49-8d88-dfa807723b55'),('4ade7fed-63a0-4367-9126-b6c9acf49fbd','be769d24-1b19-472a-9f68-fc82c800ad29','c5a262de-0125-4d49-8d88-dfa807723b55'),('4cc905fd-db62-439c-8380-eacf9e5d4698','584358c1-0e68-46ee-a099-10e654ca3191','8005c12e-b75a-44b1-b6fc-034eb6a697bc'),('4d517ee3-6e26-494d-9da4-ee2a02fcbaa4','f6dd3faa-0801-4d37-a6c9-2bc9cf2e6705','85c54219-d15b-49d9-82da-b0a0fd2b2339'),('4ebe4626-d21a-452a-aa9f-a08c86f54809','d78127f1-4573-434e-bbce-95cbb6e27b37','85c54219-d15b-49d9-82da-b0a0fd2b2339'),('4f7d157e-324f-48a8-958f-507a807c3934','0e3827d5-fa84-4aed-983a-b290da99052f','85c54219-d15b-49d9-82da-b0a0fd2b2339'),('51a23bc3-6113-4c9f-9c30-0be7b58a0af1','15633e32-a4cc-4c43-9a92-e2089467d423','85c54219-d15b-49d9-82da-b0a0fd2b2339'),('51cb814a-c6af-492b-b426-46001e394d38','591d7a48-3d07-4072-8f75-bc8bf8bd7d88','c5a262de-0125-4d49-8d88-dfa807723b55'),('5212b893-2316-4144-8fa2-19aa5cf37c14','6f706e28-face-42ee-8978-89ba36751d78','c5a262de-0125-4d49-8d88-dfa807723b55'),('5281ea9d-cc83-4708-bd99-44f36adf2714','611cb245-07af-4c20-9712-9e74ce22ccd1','c5a262de-0125-4d49-8d88-dfa807723b55'),('547ecd68-15ed-4d9b-a9df-10a281a5af12','eb106090-a2d1-462c-a371-bb935a93ed2d','6d7ac88e-24b1-4043-a95f-c5fde62dbafd'),('5670023b-b8ef-4acb-82a6-6c5dc4128dd8','6f706e28-face-42ee-8978-89ba36751d78','6d7ac88e-24b1-4043-a95f-c5fde62dbafd'),('59fbf152-34c3-43d2-aef2-452185251808','fc50914f-aa91-4bf8-b196-f889ddf34784','6d7ac88e-24b1-4043-a95f-c5fde62dbafd'),('5a7fc393-83a9-45b8-bed4-2946a7ba9314','6c95c954-584f-4bbc-a583-04d2420b8174','c67f6e00-560e-4abb-96f0-967a4c558135'),('5cfc3b97-8f00-4752-9680-522c491de8fd','ef7420c3-0a6f-4667-827d-cb4aa55f0efc','6d7ac88e-24b1-4043-a95f-c5fde62dbafd'),('6050bb2d-39e1-40fe-afce-31528db8dbbe','8748319a-7534-4449-8148-1a216b585cb0','c5a262de-0125-4d49-8d88-dfa807723b55'),('637cd15b-6f2b-4cb6-b472-41abce8ee4ac','91dcf05a-a394-43f3-b789-2461b6956d4a','8005c12e-b75a-44b1-b6fc-034eb6a697bc'),('6415f8df-5d41-4749-8509-c3918a8114e5','591d7a48-3d07-4072-8f75-bc8bf8bd7d88','6d7ac88e-24b1-4043-a95f-c5fde62dbafd'),('656cdc83-5392-4823-8986-ae29d7b57b08','ef7420c3-0a6f-4667-827d-cb4aa55f0efc','c5a262de-0125-4d49-8d88-dfa807723b55'),('659b71a9-bee7-4601-a9c4-e6856b144496','6f706e28-face-42ee-8978-89ba36751d78','c67f6e00-560e-4abb-96f0-967a4c558135'),('6638f169-2952-4083-a0ec-d83efbccf579','9349a42d-2b03-4370-8b77-04a39f2caa5d','85c54219-d15b-49d9-82da-b0a0fd2b2339'),('69be2971-1304-403e-bd08-1115d81b6d95','31444c7b-38bf-4f77-9f26-528ef4cd292e','85c54219-d15b-49d9-82da-b0a0fd2b2339'),('6a474f67-5490-4dfd-bc34-1f0953d01991','635a3873-75b5-4725-8391-2cecfc448714','85c54219-d15b-49d9-82da-b0a0fd2b2339'),('70ae82f2-ff32-4781-b5d6-b93ec30cde78','eb106090-a2d1-462c-a371-bb935a93ed2d','85c54219-d15b-49d9-82da-b0a0fd2b2339'),('70b49800-ba02-4c3a-9f55-3293ec502944','fc50914f-aa91-4bf8-b196-f889ddf34784','c67f6e00-560e-4abb-96f0-967a4c558135'),('72364565-e2c9-4fb7-b588-180a786c2795','bac2388a-3e8c-494f-8525-62c2a3370229','6d7ac88e-24b1-4043-a95f-c5fde62dbafd'),('7269ac03-1cd1-4793-bc31-fa4a7efc9811','584358c1-0e68-46ee-a099-10e654ca3191','85c54219-d15b-49d9-82da-b0a0fd2b2339'),('73a1d949-3015-40a7-8f2f-d6559b6f9f9e','1cfabb66-ec73-42e3-89ac-1752e840584b','85c54219-d15b-49d9-82da-b0a0fd2b2339'),('73cebfec-29bb-4603-a549-5c5c4d9db940','8748319a-7534-4449-8148-1a216b585cb0','85c54219-d15b-49d9-82da-b0a0fd2b2339'),('76b98b7b-7076-45c0-8475-00ddebd93b07','fea7a829-e918-4a46-bc5a-0ad575959088','85c54219-d15b-49d9-82da-b0a0fd2b2339'),('76c23540-0517-466c-ba40-f69aa0d29e14','1151395a-7d71-40ce-9435-a24167186175','c5a262de-0125-4d49-8d88-dfa807723b55'),('7781a9fb-39a0-43e9-9894-fc048ef04143','fc50914f-aa91-4bf8-b196-f889ddf34784','8005c12e-b75a-44b1-b6fc-034eb6a697bc'),('77f00708-7297-4148-9714-4b3ea5ac53c6','9349a42d-2b03-4370-8b77-04a39f2caa5d','6d7ac88e-24b1-4043-a95f-c5fde62dbafd'),('78ca2d4e-a9f7-4c6d-bb04-5a9002e06234','6c95c954-584f-4bbc-a583-04d2420b8174','6d7ac88e-24b1-4043-a95f-c5fde62dbafd'),('7a18f8d6-4910-4a5a-814c-ce97da5b48a0','2e27e9cc-b43c-4c3a-8134-cc2d3631b7ef','85c54219-d15b-49d9-82da-b0a0fd2b2339'),('7e9a8084-966b-4923-a8f2-ec9f55619b21','8b774553-e40a-48e6-858e-c37a8d7751f3','6d7ac88e-24b1-4043-a95f-c5fde62dbafd'),('7ffa9329-1ada-4984-a851-702facb93a95','6b3dac14-8116-4aad-8643-c54821ebf93c','6d7ac88e-24b1-4043-a95f-c5fde62dbafd'),('8120a5b4-1ebf-4bb5-bf8e-039889817e21','9349a42d-2b03-4370-8b77-04a39f2caa5d','c67f6e00-560e-4abb-96f0-967a4c558135'),('82f71b65-2b79-4c2b-b2b9-6b987ba5b387','3c2f65ad-a8e8-4978-a5c5-b83b5b3afccf','c5a262de-0125-4d49-8d88-dfa807723b55'),('8bc67095-dc4b-44c4-8156-14410e6f5203','598a9f57-4d74-4dca-b63f-b879b4436fae','85c54219-d15b-49d9-82da-b0a0fd2b2339'),('8c220b7a-e2e7-4827-9755-26fd4ca11778','591d7a48-3d07-4072-8f75-bc8bf8bd7d88','8005c12e-b75a-44b1-b6fc-034eb6a697bc'),('8cf384a3-20d2-43d7-b23f-6985deaf7e43','87428992-c17a-4e50-bb12-d325e7e428e3','85c54219-d15b-49d9-82da-b0a0fd2b2339'),('8d9eb4d6-9bea-4fd7-883a-e4e48b1a3886','635a3873-75b5-4725-8391-2cecfc448714','6d7ac88e-24b1-4043-a95f-c5fde62dbafd'),('90c30677-449a-4924-8294-2c98f95444b0','a594059d-f3bf-42c7-bb8d-5654c999e1af','c67f6e00-560e-4abb-96f0-967a4c558135'),('9144aa85-3dea-4193-91ee-2d9811f4561d','ce2209b6-70aa-46da-a557-94378cad2afe','85c54219-d15b-49d9-82da-b0a0fd2b2339'),('946a2d7f-d2f5-4113-aea2-728b0ca33b50','9349a42d-2b03-4370-8b77-04a39f2caa5d','c5a262de-0125-4d49-8d88-dfa807723b55'),('94db3c03-1347-4b18-a3cd-20effb28c35f','ab473b93-7594-467a-8a34-80e2980f85ed','85c54219-d15b-49d9-82da-b0a0fd2b2339'),('96c49d73-b468-4613-9bd6-743191414729','fd190a39-295f-4491-a020-f4f2cf5f58a4','85c54219-d15b-49d9-82da-b0a0fd2b2339'),('989fa0fc-7642-493b-9837-7243d747b288','99a49750-a414-4e06-be6a-dc7aa15c3c12','85c54219-d15b-49d9-82da-b0a0fd2b2339'),('9b9e4d34-7e48-4500-8b6e-5cf72ba7710f','291ddf56-70b7-4917-97c1-85e2a032e362','c5a262de-0125-4d49-8d88-dfa807723b55'),('9cf179d9-7900-4de0-96d3-070f472e3943','8502199d-390e-49e1-a37a-43b5677bc705','85c54219-d15b-49d9-82da-b0a0fd2b2339'),('9efc1d40-c508-43a6-81fd-1958cd8dcb6b','ef7420c3-0a6f-4667-827d-cb4aa55f0efc','85c54219-d15b-49d9-82da-b0a0fd2b2339'),('9f090f9d-05f1-42fa-a6f3-f596c6d6bbd9','87428992-c17a-4e50-bb12-d325e7e428e3','6d7ac88e-24b1-4043-a95f-c5fde62dbafd'),('a18ec21b-f2df-4550-83b5-6784786c04bd','611cb245-07af-4c20-9712-9e74ce22ccd1','c67f6e00-560e-4abb-96f0-967a4c558135'),('a1f46c2d-9d34-47e1-9042-0fe1e9d6b3e6','598a9f57-4d74-4dca-b63f-b879b4436fae','c5a262de-0125-4d49-8d88-dfa807723b55'),('a36deb98-fce0-4738-9e4f-09daa8e63980','584358c1-0e68-46ee-a099-10e654ca3191','826e9b60-ebfc-43f3-8e12-bcecdcbf2e65'),('a41f6dd9-9b3b-4e77-a0f7-0f88ebe4e797','24761d7a-3b15-49ff-adb1-0bf1ad9e7c05','6d7ac88e-24b1-4043-a95f-c5fde62dbafd'),('a46f29e1-ce09-4c22-acf3-087f878e26cf','fd190a39-295f-4491-a020-f4f2cf5f58a4','826e9b60-ebfc-43f3-8e12-bcecdcbf2e65'),('a599a86c-6a3f-4cc3-88ce-82f34be89065','b9229f63-b658-4280-a609-16da8bcce156','85c54219-d15b-49d9-82da-b0a0fd2b2339'),('a810cb83-7b75-4967-9977-7c4a8eacfa0e','66a87ece-4473-4db4-97df-97cfded49049','85c54219-d15b-49d9-82da-b0a0fd2b2339'),('a85e2ebc-448a-48f0-aaf6-cf1a8e751334','1151395a-7d71-40ce-9435-a24167186175','85c54219-d15b-49d9-82da-b0a0fd2b2339'),('a93be3e1-f536-4460-a397-d7e859eef6f1','b9229f63-b658-4280-a609-16da8bcce156','c5a262de-0125-4d49-8d88-dfa807723b55'),('af0a289e-fafd-4596-ac91-da371b3ef042','e746da4a-c40f-409b-9130-270e372efb04','c5a262de-0125-4d49-8d88-dfa807723b55'),('b0053985-704e-40b4-bd0a-c88958a3d3ec','e746da4a-c40f-409b-9130-270e372efb04','8005c12e-b75a-44b1-b6fc-034eb6a697bc'),('b048f431-b80e-4500-9644-1da1d7b9b9b2','fc50914f-aa91-4bf8-b196-f889ddf34784','826e9b60-ebfc-43f3-8e12-bcecdcbf2e65'),('b918064d-21de-4c38-9fc3-a17757f87459','e746da4a-c40f-409b-9130-270e372efb04','c67f6e00-560e-4abb-96f0-967a4c558135'),('b9353003-5709-4fe2-9edd-634140b2d76f','82304be1-8caa-4047-96fe-7bc3ac15dd11','85c54219-d15b-49d9-82da-b0a0fd2b2339'),('ba2e81ae-7c88-41bc-9c34-69268877fd05','e746da4a-c40f-409b-9130-270e372efb04','826e9b60-ebfc-43f3-8e12-bcecdcbf2e65'),('bfb210e0-fbd7-4c14-8e0c-8b2e7c843ecc','bac2388a-3e8c-494f-8525-62c2a3370229','85c54219-d15b-49d9-82da-b0a0fd2b2339'),('c1495e7b-3052-4ebb-a6e1-3443f81edf3e','af147a27-2b7e-4c62-bb3c-b9dbffe97c14','6d7ac88e-24b1-4043-a95f-c5fde62dbafd'),('c1931335-7229-4229-9829-335ea5bb45f0','7ec96129-09ab-413c-924f-6c25aa32d25e','c5a262de-0125-4d49-8d88-dfa807723b55'),('cb65ddfe-284c-44a0-bc7a-46115ec7e46c','66b23947-9c39-48a2-817e-0791a93a5ccf','85c54219-d15b-49d9-82da-b0a0fd2b2339'),('cc44b1ed-546c-41a7-975e-3ddc47796c45','fabf3a8a-153b-421f-9ba4-d531807f8c6a','c5a262de-0125-4d49-8d88-dfa807723b55'),('cc8015f2-f30d-4c55-9619-c0b2494753ae','15633e32-a4cc-4c43-9a92-e2089467d423','6d7ac88e-24b1-4043-a95f-c5fde62dbafd'),('ccccc81b-1403-4d52-a1a8-92a0efc74cc9','c8dd58dc-da50-41d6-9d87-f188c1497933','85c54219-d15b-49d9-82da-b0a0fd2b2339'),('cd79b78d-8474-4c8e-a403-a6f7d1ac3a29','cb7d46b0-25f2-4a2d-b021-4032d209951b','8005c12e-b75a-44b1-b6fc-034eb6a697bc'),('ce40665c-d7e1-4b34-9eed-f9c2398ea5b2','24761d7a-3b15-49ff-adb1-0bf1ad9e7c05','85c54219-d15b-49d9-82da-b0a0fd2b2339'),('d2b214ac-6205-46f5-a4a1-312d3f0d09e5','591d7a48-3d07-4072-8f75-bc8bf8bd7d88','85c54219-d15b-49d9-82da-b0a0fd2b2339'),('d4ac83f8-44fb-4e77-8bf7-2385ad1e7027','be769d24-1b19-472a-9f68-fc82c800ad29','85c54219-d15b-49d9-82da-b0a0fd2b2339'),('d503ef5f-a1d6-418d-b18c-c0cb93bb8a73','591d7a48-3d07-4072-8f75-bc8bf8bd7d88','826e9b60-ebfc-43f3-8e12-bcecdcbf2e65'),('d5c46284-e4d8-4b40-8529-b4ad29c94650','a594059d-f3bf-42c7-bb8d-5654c999e1af','85c54219-d15b-49d9-82da-b0a0fd2b2339'),('d7d76f96-23e2-4d77-a70f-febcee4c129a','91dcf05a-a394-43f3-b789-2461b6956d4a','85c54219-d15b-49d9-82da-b0a0fd2b2339'),('d9377943-57e2-4488-bdc1-79090a4f62eb','cb7d46b0-25f2-4a2d-b021-4032d209951b','85c54219-d15b-49d9-82da-b0a0fd2b2339'),('dad6f57c-1949-45f3-9da0-cf736a86a250','6c95c954-584f-4bbc-a583-04d2420b8174','85c54219-d15b-49d9-82da-b0a0fd2b2339'),('df7bfcc5-ec60-4955-ab5e-01ca4af37796','8748319a-7534-4449-8148-1a216b585cb0','6d7ac88e-24b1-4043-a95f-c5fde62dbafd'),('e010a0d0-66b3-47b7-ae7a-82ed2607f7b3','e746da4a-c40f-409b-9130-270e372efb04','6d7ac88e-24b1-4043-a95f-c5fde62dbafd'),('e0ea925a-5c5c-432f-bbb6-ec9cf1636e3c','a594059d-f3bf-42c7-bb8d-5654c999e1af','826e9b60-ebfc-43f3-8e12-bcecdcbf2e65'),('e4fb98dd-10a8-45aa-934e-a9923f75e149','ef7420c3-0a6f-4667-827d-cb4aa55f0efc','8005c12e-b75a-44b1-b6fc-034eb6a697bc'),('e5c7bd4d-2445-4a99-946d-412dcd1eff9c','d78127f1-4573-434e-bbce-95cbb6e27b37','c5a262de-0125-4d49-8d88-dfa807723b55'),('e7848bcb-fd08-497a-9d5b-d513910a901b','6f706e28-face-42ee-8978-89ba36751d78','85c54219-d15b-49d9-82da-b0a0fd2b2339'),('e78c1c48-08c4-4eff-828f-b03cbc869fc4','8b774553-e40a-48e6-858e-c37a8d7751f3','85c54219-d15b-49d9-82da-b0a0fd2b2339'),('ea411fc5-c72f-49b9-8b77-c432db213ccc','6b3dac14-8116-4aad-8643-c54821ebf93c','85c54219-d15b-49d9-82da-b0a0fd2b2339'),('eac24c4b-3cec-44e5-8a86-9407f781b8ba','99a49750-a414-4e06-be6a-dc7aa15c3c12','826e9b60-ebfc-43f3-8e12-bcecdcbf2e65'),('eac26e4d-c0f6-4b8f-8c69-163936533e91','591d7a48-3d07-4072-8f75-bc8bf8bd7d88','c67f6e00-560e-4abb-96f0-967a4c558135'),('ee6c1f04-0147-483e-93c5-7e9f2bfff942','a594059d-f3bf-42c7-bb8d-5654c999e1af','6d7ac88e-24b1-4043-a95f-c5fde62dbafd'),('ef5398ff-9fa0-4bfc-aadd-2fb57fa70503','7ec96129-09ab-413c-924f-6c25aa32d25e','85c54219-d15b-49d9-82da-b0a0fd2b2339'),('f373cb4f-04c2-49bf-8607-21afbb2312bb','bac2388a-3e8c-494f-8525-62c2a3370229','c5a262de-0125-4d49-8d88-dfa807723b55'),('f5020bf3-7a15-4e3f-b468-dced83a9fb58','291ddf56-70b7-4917-97c1-85e2a032e362','85c54219-d15b-49d9-82da-b0a0fd2b2339'),('f61f6458-be70-44fa-9563-dff4aed41552','66a87ece-4473-4db4-97df-97cfded49049','6d7ac88e-24b1-4043-a95f-c5fde62dbafd'),('f74fa430-357e-4881-90f4-41e5488b2b55','8502199d-390e-49e1-a37a-43b5677bc705','826e9b60-ebfc-43f3-8e12-bcecdcbf2e65'),('f817443f-eedf-4b6c-9416-4aab4e92decf','a594059d-f3bf-42c7-bb8d-5654c999e1af','8005c12e-b75a-44b1-b6fc-034eb6a697bc'),('f8cfb155-96fd-425b-becd-6537cb1f7cb1','a43f80a2-33e9-4fe9-b71c-dc707fda5a8f','85c54219-d15b-49d9-82da-b0a0fd2b2339'),('f9f1c515-395e-4c85-92a7-dd7d28c450ac','584358c1-0e68-46ee-a099-10e654ca3191','c67f6e00-560e-4abb-96f0-967a4c558135'),('feed242e-8123-43fc-b719-73b5b9244551','291ddf56-70b7-4917-97c1-85e2a032e362','6d7ac88e-24b1-4043-a95f-c5fde62dbafd'),('ff98e6da-ff91-4a40-929e-6f8e36edb613','6c95c954-584f-4bbc-a583-04d2420b8174','826e9b60-ebfc-43f3-8e12-bcecdcbf2e65');

/*Table structure for table `tb_policy_type` */

DROP TABLE IF EXISTS `tb_policy_type`;

CREATE TABLE `tb_policy_type` (
  `id` varchar(70) NOT NULL,
  `type_code` int(11) NOT NULL,
  `type_name` varchar(50) NOT NULL,
  PRIMARY KEY (`id`),
  UNIQUE KEY `type_code` (`type_code`),
  UNIQUE KEY `type_name` (`type_name`)
) ENGINE=InnoDB DEFAULT CHARSET=utf8;

/*Data for the table `tb_policy_type` */

/*Table structure for table `tb_pro_category` */

DROP TABLE IF EXISTS `tb_pro_category`;

CREATE TABLE `tb_pro_category` (
  `id` varchar(70) NOT NULL,
  `name` varchar(50) NOT NULL,
  PRIMARY KEY (`id`),
  UNIQUE KEY `name` (`name`)
) ENGINE=InnoDB DEFAULT CHARSET=latin1;

/*Data for the table `tb_pro_category` */

/*Table structure for table `tb_project` */

DROP TABLE IF EXISTS `tb_project`;

CREATE TABLE `tb_project` (
  `id` varchar(70) NOT NULL,
  `pro_name` varchar(200) NOT NULL,
  `requisition_area` float NOT NULL,
  `should_remove_buildings` int(11) NOT NULL,
  `should_remove_houses` int(11) NOT NULL,
  `should_remove_legal_area` float NOT NULL,
  `should_remove_Illegal_area` float NOT NULL,
  `should_remove_population` int(11) NOT NULL,
  `should_pay_money` decimal(20,6) DEFAULT NULL,
  `total_paid_money` decimal(20,6) DEFAULT NULL,
  `start_date` date DEFAULT NULL,
  `pro_type` varchar(70) NOT NULL,
  `street_id` varchar(210) DEFAULT NULL,
  `community_id` varchar(210) DEFAULT NULL,
  `total_address` varchar(100) DEFAULT NULL,
  `is_new` tinyint(1) NOT NULL,
  `sequence` int(1) DEFAULT NULL,
  `requisition_land_area_total` float DEFAULT NULL,
  `requisition_land_area_year` float DEFAULT NULL,
  `removed_buildings_legal_total` int(5) DEFAULT NULL,
  `removed_buildings_legal_year` int(5) DEFAULT NULL,
  `removed_houses_legal_total` int(5) DEFAULT NULL,
  `removed_houses_legal_year` int(5) DEFAULT NULL,
  `removed_area_legal_total` float DEFAULT NULL,
  `removed_area_legal_year` float DEFAULT NULL,
  `removed_area_illegal_total` float DEFAULT NULL,
  `removed_area_illegal_year` float DEFAULT NULL,
  `removed_population_total` int(7) DEFAULT NULL,
  `removed_population_year` int(7) DEFAULT NULL,
  `category_id` varchar(70) DEFAULT NULL,
  `category_str` varchar(70) DEFAULT NULL,
  `is_cur_month_complete` varchar(70) DEFAULT NULL,
  `six_forward` varchar(70) DEFAULT NULL,
  `approval_number` varchar(200) DEFAULT NULL,
  `create_uId` varchar(70) DEFAULT NULL,
  `create_date` date DEFAULT NULL,
  `money_unit` varchar(70) DEFAULT NULL,
  `other_money_unit` varchar(70) DEFAULT NULL,
  PRIMARY KEY (`id`),
  UNIQUE KEY `pro_name` (`pro_name`)
) ENGINE=InnoDB DEFAULT CHARSET=utf8;

/*Data for the table `tb_project` */

insert  into `tb_project`(`id`,`pro_name`,`requisition_area`,`should_remove_buildings`,`should_remove_houses`,`should_remove_legal_area`,`should_remove_Illegal_area`,`should_remove_population`,`should_pay_money`,`total_paid_money`,`start_date`,`pro_type`,`street_id`,`community_id`,`total_address`,`is_new`,`sequence`,`requisition_land_area_total`,`requisition_land_area_year`,`removed_buildings_legal_total`,`removed_buildings_legal_year`,`removed_houses_legal_total`,`removed_houses_legal_year`,`removed_area_legal_total`,`removed_area_legal_year`,`removed_area_illegal_total`,`removed_area_illegal_year`,`removed_population_total`,`removed_population_year`,`category_id`,`category_str`,`is_cur_month_complete`,`six_forward`,`approval_number`,`create_uId`,`create_date`,`money_unit`,`other_money_unit`) values ('1723c67a-e18e-474f-96c5-8ab204e5028d','长沙国际会展中心（测试）',1179.66,189,270,79636,0,900,'35183.760000','0.000000','2016-04-12','1','','','黄兴镇光达村',0,3,155.95,155.95,25,25,0,0,51500,51500,0,0,80,80,NULL,'省市重点项目',NULL,'是','〔2013〕 第1282、1423号','91b075a7-f6c3-4992-bb87-87a03464e93e','2016-04-06',NULL,NULL),('26ad7fc6-5756-40f1-b8b4-eb9cf08f5ded','测试项目',100,100,100,100,100,100,'100.000000','0.000000','2016-04-22','2',NULL,NULL,'高唐街道天河区,大阪街道雨花区,项目地址其他信息',0,3,1,1,1,1,0,0,1,1,0,0,1,1,NULL,'非重点项目',NULL,'是','测试项目审批号','81e97469-2fd1-4b3c-b3ac-593e5bd1ec6c','2016-03-18','11','2'),('4873921b-975b-4b51-a617-b3c337164071','长沙项目',100,100,100,100,0,300,'1000.000000','0.000000',NULL,'2','8245bdb7-a2d2-4fa2-9ad3-7131fccc7af0','99cfbaf5-1726-4ad2-b673-e56b593c842d','高唐街道天河区',0,0,0,0,0,0,0,0,0,0,0,0,0,0,NULL,'非重点项目',NULL,'是','1111','91b075a7-f6c3-4992-bb87-87a03464e93e','2016-03-18','国土局','建设局'),('5639263f-9200-48bb-afad-1c4b2790be36','项目二号',10,10,10,10,10,10,'10.000000','0.000000','2016-04-22','1',NULL,NULL,'1123',0,0,1,1,1,1,0,0,2,2,0,0,2,2,NULL,'先期用地项目',NULL,'是','项目一号','81e97469-2fd1-4b3c-b3ac-593e5bd1ec6c','2016-04-27',NULL,NULL),('56bd5a4b-7912-4992-a981-f0eab1ea2f17','会展酒店',185.51,27,0,8021,0,88,'0.000000','0.000000',NULL,'2',NULL,NULL,'黄兴镇',0,0,144.11,0,21,0,0,0,6231,0,0,0,66,0,NULL,'省市重点项目','否','√','省人民政府（2015）政国土字第202号','81e97469-2fd1-4b3c-b3ac-593e5bd1ec6c','2016-03-29',NULL,NULL),('6d346059-ccd6-44b5-94c6-0d32399fe3e9','长沙黄花机场飞行区东扩工程',3766.61,973,0,491853,0,3409,'0.000000','0.000000',NULL,'1',NULL,NULL,'黄花镇',0,0,3766.61,0,835,0,0,0,490985,0,0,0,2895,0,NULL,'省市重点项目','否','√','省人民政府〔2014〕\n政国土字第1570号','81e97469-2fd1-4b3c-b3ac-593e5bd1ec6c','2016-03-29',NULL,NULL),('7474e7e1-bc73-4f6c-af2d-6a7214a11b1f','项目名称1',100,100,0,100,0,100,'0.000000','0.000000',NULL,'2','','','地址',0,3,100,100,100,100,0,0,100,100,0,0,100,100,NULL,'省市重点项目','√','是','审批号','81e97469-2fd1-4b3c-b3ac-593e5bd1ec6c','2016-03-22','国土局','其他出资单位'),('8567a491-7eba-4e9a-a72b-9b0e72271549','地铁轨道交通3号线龙角站',24,10,0,2506,0,34,'0.000000','0.000000',NULL,'1',NULL,NULL,'星沙街道',0,2,9.6,0,4,0,0,0,1436,0,0,0,13,0,NULL,'省市重点项目','否',NULL,NULL,'81e97469-2fd1-4b3c-b3ac-593e5bd1ec6c','2016-03-29',NULL,NULL),('8a0467f1-59b9-415f-83d4-b7c399abf71a','长沙县长沙师范学校第二校区建设项目（测试专用）',499.97,55,55,60000,0,200,'20000.000000','0.000000','2012-02-01','1',NULL,NULL,'安沙镇三合村、水塘垸村',0,3,454.473,454.473,50,50,0,0,54540,54540,0,0,181,181,NULL,'非重点项目',NULL,'是','省人民政府【2012】政国土字第577号','91b075a7-f6c3-4992-bb87-87a03464e93e','2016-04-06',NULL,NULL),('908533eb-21d4-4ded-820d-1b4a8de57a0c','浔龙河生态小镇新农村建设配套',169.998,0,0,0,0,0,'0.000000','0.000000',NULL,'2',NULL,NULL,'果园镇',0,0,80,0,12,0,0,0,3283.18,0,0,0,41,0,NULL,'省市重点项目','否','√','省人民政府(2013）政国土字第906号','81e97469-2fd1-4b3c-b3ac-593e5bd1ec6c','2016-03-29',NULL,NULL),('a09acf50-aa58-412e-88e5-66335a96ce39','县妇幼',100,10,0,3000,0,30,'0.000000','0.000000',NULL,'2',NULL,NULL,'星沙街道',0,0,100,100,10,10,0,0,3000,3000,0,0,30,30,NULL,'一般项目',NULL,NULL,'无','91b075a7-f6c3-4992-bb87-87a03464e93e','2016-04-20',NULL,NULL),('ac34bb8b-2345-4d02-ba45-249e29974295','长沙磁浮工程建设项目（测试）',407.442,57,87,24980,0,305,'19510.000000','0.000000','2014-07-01','1','','','黄兴镇太平村、光达村、荣河村，榔梨街道办事处三合村、保家村、',0,2,213.93,213.93,30,30,0,0,13143,13143,0,0,159,159,NULL,'省市重点项目',NULL,'是','省人民政府〔2014〕 政国土字第205','91b075a7-f6c3-4992-bb87-87a03464e93e','2016-04-06',NULL,NULL),('afbf0daa-3479-4d84-9174-0695810ca1db','测试项目2',100,100,100,100,100,100,'100.000000','0.000000',NULL,'2','8245bdb7-a2d2-4fa2-9ad3-7131fccc7af0,c5cb0d60-9774-44d9-b931-11089e8b807e','99cfbaf5-1726-4ad2-b673-e56b593c842d,898968cc-3731-4950-b443-92f193619b6a','高唐街道天河区,大阪街道雨花区,其他信息',0,0,0,0,0,0,0,0,0,0,0,0,0,0,NULL,'省市重点项目',NULL,'是','测试项目2审批号','81e97469-2fd1-4b3c-b3ac-593e5bd1ec6c','2016-03-22',NULL,NULL),('b6a438eb-293a-4113-8d85-7ffd21ce5791','长沙至株洲、湘潭城际铁路（测试2）',499.635,120,120,3800,1000,385,'123456789.000000','0.000000',NULL,'1',NULL,NULL,'暮云镇西湖村、南塘村、莲华村、暮云新村',0,3,0,0,0,0,0,0,0,0,0,0,0,0,NULL,'省市重点项目',NULL,'是','国土资源部办公厅[2010]国土资厅函第390号','91b075a7-f6c3-4992-bb87-87a03464e93e','2016-04-19',NULL,NULL),('db867181-dd4d-4a40-aab5-5b5c75d119d9','县公安局',50,5,0,1500,0,15,'0.000000','0.000000',NULL,'2',NULL,NULL,'星沙街道',0,0,0,0,0,0,0,0,0,0,0,0,0,0,NULL,'一般项目',NULL,NULL,'无','91b075a7-f6c3-4992-bb87-87a03464e93e','2016-04-20',NULL,NULL),('dd937fe1-719b-487d-a370-f7d9f21a5ce6','黄金大道',453,58,58,20506,0,193,'0.000000','0.000000','2016-04-12','1',NULL,NULL,'长沙县黄花镇、黄兴镇',0,1,445.16,445.16,57,57,0,0,20324,20324,0,0,191,191,NULL,'非重点项目',NULL,'是','省人民政府2015政国土字第2351号','91b075a7-f6c3-4992-bb87-87a03464e93e','2016-04-25',NULL,NULL),('e2405b91-fddf-4c9f-ad28-4f9fb896a87f','劳动路',300,20,0,6000,0,60,'0.000000','0.000000',NULL,'1',NULL,NULL,'榔梨街道',0,0,200,100,10,10,0,0,3000,3000,0,0,30,30,NULL,'重点项目',NULL,'是','2013政国土字第880号','91b075a7-f6c3-4992-bb87-87a03464e93e','2016-04-20',NULL,NULL),('f2faf8b9-0dbc-48f7-95dc-ff7c8546fd93','地铁三号线张公塘停车场',210,51,51,15473,0,128,'0.000000','0.000000','2016-02-10','1',NULL,NULL,'长龙街道、星沙街道',0,1,53.51,53.51,13,13,0,0,5161,5161,0,0,59,59,NULL,'省市重点项目',NULL,'是','省政府（2015）政国土字第2181号','91b075a7-f6c3-4992-bb87-87a03464e93e','2016-04-25',NULL,NULL),('f5467299-d642-4219-bcb7-df67f8098850','星沙联络线',340.358,302,0,48412,0,1057,'0.000000','0.000000',NULL,'1',NULL,NULL,'湘龙街道',0,3,64.24,4.508,61,4,0,0,14044,860,0,0,211,10,NULL,'省市重点项目','否','√','省人民政府〔2015〕\n政国土字第290号','81e97469-2fd1-4b3c-b3ac-593e5bd1ec6c','2016-03-29','国土局','湘龙街道'),('f9f674c7-2053-4bab-a656-1cae7c30e3fb','湖南长沙农产品物流中心二期建设项目用地',414.84,61,0,20800,0,279,'0.000000','0.000000',NULL,'2',NULL,NULL,'黄兴镇',0,0,115.61,115.61,17,17,0,0,5429.02,5429,0,0,63,63,NULL,'省市重点项目','否','√','(2015)政\n国土字1494号','81e97469-2fd1-4b3c-b3ac-593e5bd1ec6c','2016-03-29',NULL,NULL),('fa66a5e5-f12a-4523-bc7b-b2590b889f16','万家丽北路安沙联络线建设项目 （安沙物流大道）',140,50,50,15000,0,150,'0.000000','0.000000','2013-09-01','1',NULL,NULL,'安沙镇',0,3,140,140,50,50,0,0,15000,15000,0,0,150,150,NULL,'非重点项目',NULL,'是','省政府（2013）政国土字第1730','91b075a7-f6c3-4992-bb87-87a03464e93e','2016-04-26',NULL,NULL);

/*Table structure for table `tb_project_item` */

DROP TABLE IF EXISTS `tb_project_item`;

CREATE TABLE `tb_project_item` (
  `id` varchar(70) NOT NULL,
  `item_date` date NOT NULL,
  `removed_buildings` int(11) DEFAULT NULL,
  `removed_houses` int(11) DEFAULT NULL,
  `removed_legal_area` float DEFAULT NULL,
  `removed_illegal_area` float DEFAULT NULL,
  `moved_populations` int(11) DEFAULT NULL,
  `paid_money` decimal(20,6) DEFAULT NULL,
  `year_deadline_file` int(11) DEFAULT NULL,
  `year_court_execute` int(11) DEFAULT NULL,
  `year_legal_removed` int(11) DEFAULT NULL,
  `is_new_start` tinyint(1) NOT NULL,
  `removed_land_area` float NOT NULL,
  `pro_id` varchar(70) NOT NULL,
  `is_cur_month_complete` varchar(11) DEFAULT NULL,
  `remark` varchar(70) DEFAULT NULL,
  PRIMARY KEY (`id`)
) ENGINE=InnoDB DEFAULT CHARSET=utf8;

/*Data for the table `tb_project_item` */

insert  into `tb_project_item`(`id`,`item_date`,`removed_buildings`,`removed_houses`,`removed_legal_area`,`removed_illegal_area`,`moved_populations`,`paid_money`,`year_deadline_file`,`year_court_execute`,`year_legal_removed`,`is_new_start`,`removed_land_area`,`pro_id`,`is_cur_month_complete`,`remark`) values ('10754cbb-256e-4ed8-ad93-4e01d2668219','2015-01-01',0,0,0,0,0,NULL,0,0,0,0,0,'db867181-dd4d-4a40-aab5-5b5c75d119d9',NULL,NULL),('220ae0d4-8a37-4aff-a7fd-a215df752c6b','2015-01-01',0,0,0,0,0,NULL,0,0,0,0,0,'6d346059-ccd6-44b5-94c6-0d32399fe3e9','否',NULL),('2b5cad21-f369-42d6-9bf8-cedeb173044a','2016-04-01',0,0,0,0,0,NULL,0,0,0,0,0,'8a0467f1-59b9-415f-83d4-b7c399abf71a','否',''),('2c908875-d60b-4df3-af0f-100baaa1658a','2015-01-01',0,0,0,0,0,NULL,0,0,0,0,0,'56bd5a4b-7912-4992-a981-f0eab1ea2f17','否',NULL),('31623cfd-d562-40d1-9dfd-bebcf05403b8','2016-04-01',11,0,4241,0,50,NULL,0,0,0,0,45.28,'f2faf8b9-0dbc-48f7-95dc-ff7c8546fd93','否',''),('34b7956d-a4ee-4424-a4ac-3c86df617152','2016-01-01',20,0,8762,0,106,NULL,0,0,0,0,142.93,'ac34bb8b-2345-4d02-ba45-249e29974295','否',''),('389336ab-e866-40c1-94b8-d20a076620f6','2016-02-01',2,0,920,0,9,NULL,0,0,0,0,8.23,'f2faf8b9-0dbc-48f7-95dc-ff7c8546fd93','否',''),('3b356ea7-4bea-4ad6-abee-275c04107f94','2015-01-01',17,0,5429,0,63,NULL,0,0,0,0,115.61,'f9f674c7-2053-4bab-a656-1cae7c30e3fb','否',NULL),('40187e34-d584-4a86-b51e-699c89776c55','2015-01-01',10,0,3000,0,30,NULL,0,0,0,0,100,'e2405b91-fddf-4c9f-ad28-4f9fb896a87f',NULL,NULL),('6a486573-cdaa-4dde-bc5f-fe4394146280','2016-03-01',30,0,54540,0,150,NULL,0,0,1,0,454.473,'8a0467f1-59b9-415f-83d4-b7c399abf71a','否',''),('70bf193e-a8b2-4b39-9845-b21fbec9fb5a','2015-01-01',4,0,860,0,10,NULL,0,0,0,0,4.508,'f5467299-d642-4219-bcb7-df67f8098850','否',NULL),('85089989-8511-44c6-a272-fb83a11acb09','2015-01-01',0,0,0,0,0,NULL,0,0,0,0,0,'8567a491-7eba-4e9a-a72b-9b0e72271549','否',NULL),('988dbcb7-4e78-451e-b6bc-08d2b88a1fbb','2016-02-01',10,0,4381,0,53,NULL,0,0,0,0,71,'ac34bb8b-2345-4d02-ba45-249e29974295','否',''),('9e1e5f06-69f3-4253-849c-9394219f3d9c','2016-05-01',5,0,1500,0,20,NULL,0,0,0,0,31.14,'1723c67a-e18e-474f-96c5-8ab204e5028d','否',''),('ae374dd1-6011-4c52-ada0-5d865f1872fc','2013-09-01',30,0,9000,0,90,NULL,0,0,0,0,84,'fa66a5e5-f12a-4523-bc7b-b2590b889f16','否',''),('b6027c81-84b3-4152-a0d8-88fdaad8935a','2016-04-01',20,0,50000,0,60,NULL,0,0,0,0,124.81,'1723c67a-e18e-474f-96c5-8ab204e5028d','是',''),('c2859d58-7b0b-47aa-9c16-8b3f59ffa28a','2013-10-01',20,0,6000,0,60,NULL,0,0,0,0,56,'fa66a5e5-f12a-4523-bc7b-b2590b889f16','否',''),('c89016ad-966f-4686-a3c7-79ea1507af2e','2016-04-01',57,0,20324,0,191,NULL,0,0,0,0,445.16,'dd937fe1-719b-487d-a370-f7d9f21a5ce6','否',''),('d1e72c19-ea37-4ebc-8b60-410c3e4e97f2','2015-01-01',0,0,0,0,0,NULL,0,0,0,0,0,'908533eb-21d4-4ded-820d-1b4a8de57a0c','否','正在进行房屋调查'),('d4e9dbfd-4aba-4488-871f-9ea30c039bc1','2016-04-01',1,0,1,0,1,NULL,1,1,1,0,1,'26ad7fc6-5756-40f1-b8b4-eb9cf08f5ded','是','23'),('e297d340-e22e-4cc3-889b-50094f99cfe0','2015-01-01',100,0,100,0,100,NULL,100,100,100,0,100,'7474e7e1-bc73-4f6c-af2d-6a7214a11b1f','√','备注'),('ee3168d9-3e96-4d6c-a772-9bc429e7a06e','2016-04-01',1,0,2,0,2,NULL,23,1,1,0,1,'5639263f-9200-48bb-afad-1c4b2790be36','是','23'),('fe44b8d6-5e9c-49d8-981a-be620cb66ace','2015-01-01',10,0,3000,0,30,NULL,0,0,0,0,100,'a09acf50-aa58-412e-88e5-66335a96ce39',NULL,NULL);

/*Table structure for table `tb_registed_argc_info` */

DROP TABLE IF EXISTS `tb_registed_argc_info`;

CREATE TABLE `tb_registed_argc_info` (
  `id` varchar(70) NOT NULL,
  `name` varchar(50) NOT NULL,
  `id_number` varchar(30) NOT NULL,
  `address` varchar(120) NOT NULL,
  `is_removed` tinyint(1) NOT NULL,
  `is_settled` tinyint(1) NOT NULL,
  `is_transferd` tinyint(1) NOT NULL,
  `is_socialsecurity` tinyint(1) NOT NULL,
  `policy_state_id` varchar(70) NOT NULL,
  `user_state_id` varchar(70) NOT NULL,
  `policy_str` varchar(50) DEFAULT NULL,
  `user_state_str` varchar(30) DEFAULT NULL,
  PRIMARY KEY (`id`),
  UNIQUE KEY `id_number` (`id_number`)
) ENGINE=InnoDB DEFAULT CHARSET=utf8;

/*Data for the table `tb_registed_argc_info` */

/*Table structure for table `tb_relationship_type` */

DROP TABLE IF EXISTS `tb_relationship_type`;

CREATE TABLE `tb_relationship_type` (
  `id` varchar(70) NOT NULL,
  `type_name` varchar(50) NOT NULL,
  PRIMARY KEY (`id`),
  UNIQUE KEY `type_name` (`type_name`)
) ENGINE=InnoDB DEFAULT CHARSET=utf8;

/*Data for the table `tb_relationship_type` */

insert  into `tb_relationship_type`(`id`,`type_name`) values ('ffb1e066-c7cc-4e68-aced-63732acbce7c','丈夫'),('9925cb7b-6c48-404b-8ac1-551fb9f9d898','儿子'),('c2bc2da6-68de-4313-b95c-df122427646c','其他'),('cff067b6-b6a2-4918-b80c-e774242f5a84','女儿'),('1d159ab7-6074-4d53-bcb9-d41c82b1bfe6','妻子'),('80e5053e-33af-45de-889c-6addb6744d98','户主');

/*Table structure for table `tb_removed_info` */

DROP TABLE IF EXISTS `tb_removed_info`;

CREATE TABLE `tb_removed_info` (
  `id` varchar(70) NOT NULL,
  `name` varchar(50) NOT NULL,
  `id_number` varchar(30) NOT NULL,
  `address` varchar(70) NOT NULL,
  `birthday` date NOT NULL,
  `removed_date` date NOT NULL,
  `street_id` varchar(70) DEFAULT NULL,
  `community_id` varchar(70) DEFAULT NULL,
  `is_del` tinyint(1) NOT NULL,
  `fit_policy` varchar(70) DEFAULT NULL,
  `create_date` date DEFAULT NULL,
  `create_id` varchar(70) DEFAULT NULL,
  PRIMARY KEY (`id`),
  UNIQUE KEY `id_number` (`id_number`)
) ENGINE=InnoDB DEFAULT CHARSET=utf8;

/*Data for the table `tb_removed_info` */

insert  into `tb_removed_info`(`id`,`name`,`id_number`,`address`,`birthday`,`removed_date`,`street_id`,`community_id`,`is_del`,`fit_policy`,`create_date`,`create_id`) values ('08b162ca-f6af-444d-a01f-9b5e1c6b290f','马沁怡','43012120100920018x','大阪街道大唐区大唐组','2010-09-20','2016-04-06','c5cb0d60-9774-44d9-b931-11089e8b807e','73f66480-62ee-4351-8a2c-254f8020ba52',0,NULL,NULL,NULL),('08de24db-8915-41cc-988b-15b2397799d4','马秀云','430121194910147921','大阪街道雨花区雨花组','1949-10-14','2016-04-06','c5cb0d60-9774-44d9-b931-11089e8b807e','898968cc-3731-4950-b443-92f193619b6a',0,NULL,NULL,NULL),('0929a408-c2fd-4fb9-a1ee-4b4aa70000bf','孙思浩','430121200902280237','大阪街道雨花区雨花组','2009-02-28','2016-04-06','c5cb0d60-9774-44d9-b931-11089e8b807e','898968cc-3731-4950-b443-92f193619b6a',0,NULL,NULL,NULL),('0e6db277-752f-4bdd-980c-05f1bdfc3919','李桂恒','430121194908188118','null-null-null','1949-08-18','2016-03-30',NULL,NULL,0,NULL,NULL,NULL),('12477408-c5aa-4fcc-ab31-cfad2b7fbfb1','刘清','430121196912277913','高唐街道青牛区青牛1组','1969-12-27','2016-04-06','8245bdb7-a2d2-4fa2-9ad3-7131fccc7af0','bfc33a0c-eb36-4867-9def-94528daed7a9',0,NULL,NULL,NULL),('168ca184-3faa-425c-8afc-108a00124fc5','罗炳文','430121194706270914','高唐街道天河区天河1组','2016-04-06','2016-04-06','8245bdb7-a2d2-4fa2-9ad3-7131fccc7af0','99cfbaf5-1726-4ad2-b673-e56b593c842d',0,NULL,NULL,NULL),('17565c43-f053-4112-ba31-e8a906bbe397','123213','313213','null-null-null','2016-03-29','2016-04-06',NULL,NULL,0,NULL,NULL,NULL),('196b7f96-1d49-41ad-b281-acd2bad4937b','ddef','decv332','112321eedwdqwd','2016-04-07','2016-04-07',NULL,NULL,0,NULL,NULL,NULL),('1b00ff51-ee0f-4fed-8a8e-64bac6f2e721','李建平','430121197410028145','null-null-null','1974-10-02','2016-03-30',NULL,NULL,0,NULL,NULL,NULL),('1ced5def-94b5-4f6a-ad65-2c66cc55c7d0','马志怀','430121197005177913','大阪街道雨花区雨花组','1970-05-17','2016-04-06','c5cb0d60-9774-44d9-b931-11089e8b807e','898968cc-3731-4950-b443-92f193619b6a',0,NULL,NULL,NULL),('2032691b-10cc-4665-aadf-6ec9e66f9903','姓名A','身份证','cccc','2016-04-14','2016-04-07',NULL,NULL,0,'政策','2016-04-07','81e97469-2fd1-4b3c-b3ac-593e5bd1ec6c'),('212e9f69-5ff4-4380-9f39-4d63c4295d21','陈良','43012119770808094x','高唐街道天河区天河1组','1977-08-08','2016-04-06','8245bdb7-a2d2-4fa2-9ad3-7131fccc7af0','99cfbaf5-1726-4ad2-b673-e56b593c842d',0,NULL,NULL,NULL),('22b8aae2-3056-4836-9fda-2c2f5cbb3c80','李寿双','430121193909118117','null-null-null','1935-08-17','2016-03-30',NULL,NULL,0,NULL,NULL,NULL),('2326bc42-0a91-4213-a3c8-f54daa84f8fa','12312','123213','112313131232','2016-04-21','2016-04-21',NULL,NULL,0,NULL,NULL,NULL),('23882d74-1a0d-4fa9-a1db-6f6e9f7ec099','李四','430121197205227012','大阪街道雨花区雨花组','2016-03-31','2016-04-21','c5cb0d60-9774-44d9-b931-11089e8b807e','898968cc-3731-4950-b443-92f193619b6a',0,NULL,NULL,NULL),('2502f130-08c0-48d0-8fb7-8e3b71ef6d9b','杜勇','430121197207191713','高唐街道天河区天河1组','1972-07-19','2016-04-06','8245bdb7-a2d2-4fa2-9ad3-7131fccc7af0','99cfbaf5-1726-4ad2-b673-e56b593c842d',0,NULL,NULL,NULL),('25a7e768-3c7a-4292-aeca-2f82060331c3','冯嘉昕','430121199606217318','安沙镇','1996-06-21','2016-04-26',NULL,NULL,0,NULL,NULL,NULL),('286846f0-9599-4a92-88af-dd958dfeb48c','12313','1231232111','null-null-null','1903-05-07','2016-04-06',NULL,NULL,0,NULL,NULL,NULL),('286ee76c-befd-4253-bba1-d0ab1bd70a8c','孙利红','430121197205227911','大阪街道雨花区雨花组','1972-05-22','2016-04-06','c5cb0d60-9774-44d9-b931-11089e8b807e','898968cc-3731-4950-b443-92f193619b6a',0,NULL,NULL,NULL),('29e40535-c38f-4f5a-a7c2-d45111ace644','马龙彪','430121194105107919','高唐街道天河区天河1组','1941-05-10','2016-04-06','8245bdb7-a2d2-4fa2-9ad3-7131fccc7af0','99cfbaf5-1726-4ad2-b673-e56b593c842d',0,NULL,NULL,NULL),('2c8526b5-7aa5-401e-a7ce-4813b41fa906','苏秋英','430121196208247921','null-null-null','1962-08-24','2016-03-30',NULL,NULL,0,NULL,NULL,NULL),('2c9ee660-1a5b-46e6-9226-9a03d6ba1508','李晓春','430121196801087922','高唐街道青牛区青牛1组','1968-01-08','2016-04-06','8245bdb7-a2d2-4fa2-9ad3-7131fccc7af0','bfc33a0c-eb36-4867-9def-94528daed7a9',0,NULL,NULL,NULL),('2d893866-e3f0-4be5-ba26-8919ea515ef0','盛建','430111195201085029','高唐街道天河区天河1组','1952-01-08','2016-04-06','8245bdb7-a2d2-4fa2-9ad3-7131fccc7af0','99cfbaf5-1726-4ad2-b673-e56b593c842d',0,NULL,NULL,NULL),('30258935-4aa2-4041-aae6-94c061efe6f2','易芳','430121198406077926','null-null-null','1984-06-07','2016-03-30',NULL,NULL,0,NULL,NULL,NULL),('3190d16d-b839-487b-9548-d65c6b140214','柳建辉','430121195308231711','高唐街道天河区天河1组','1953-08-23','2016-04-06','8245bdb7-a2d2-4fa2-9ad3-7131fccc7af0','99cfbaf5-1726-4ad2-b673-e56b593c842d',0,NULL,NULL,NULL),('31975910-510f-4c49-bbcc-7ff4a95a72a3','杜钰莹','43012120000106182x','高唐街道天河区天河1组','2000-01-06','2016-04-06','8245bdb7-a2d2-4fa2-9ad3-7131fccc7af0','99cfbaf5-1726-4ad2-b673-e56b593c842d',0,NULL,NULL,NULL),('335c7cd3-1c13-42c3-b86f-d4d2c32457f4','苏照','430121198605191019','高唐街道天河区天河1组','1986-05-19','2016-04-06','8245bdb7-a2d2-4fa2-9ad3-7131fccc7af0','99cfbaf5-1726-4ad2-b673-e56b593c842d',0,NULL,NULL,NULL),('33bb337f-88bc-42e6-bb80-24437ddccbc2','李树元','430121194410077920','安沙镇','1944-10-07','2016-04-26',NULL,NULL,0,NULL,NULL,NULL),('3870657c-89bd-4a0e-990e-e6bc3b07820a','黄建兵','43012119730426091x','高唐街道天河区天河1组','1973-04-26','2016-04-06','8245bdb7-a2d2-4fa2-9ad3-7131fccc7af0','99cfbaf5-1726-4ad2-b673-e56b593c842d',0,NULL,NULL,NULL),('399eaff4-d456-4a6a-98f4-178ff40f6052','马三友','430121197111237924','安沙镇','1971-11-23','2016-04-26',NULL,NULL,0,NULL,NULL,NULL),('39f9e79b-e9c1-46e8-ae72-ba75d4043038','易茁然','430121200909180263','高唐街道天河区天河1组','2009-09-18','2016-04-06','8245bdb7-a2d2-4fa2-9ad3-7131fccc7af0','99cfbaf5-1726-4ad2-b673-e56b593c842d',0,NULL,NULL,NULL),('3eea6a35-582e-473c-8c7b-c49a9dcacd64','马雅轩','430121201006100124','高唐街道天河区天河1组','2010-06-10','2016-04-06','8245bdb7-a2d2-4fa2-9ad3-7131fccc7af0','99cfbaf5-1726-4ad2-b673-e56b593c842d',0,NULL,NULL,NULL),('402ca0eb-36ce-4952-86fd-b8834e57de6d','易运莲','430121105204188122','null-null-null','1984-06-07','2016-03-30',NULL,NULL,0,NULL,NULL,NULL),('41f97615-fdb9-4263-b072-3b8f66bbb267','易应华','430121195109190910','高唐街道天河区天河1组','1951-09-19','2016-04-06','8245bdb7-a2d2-4fa2-9ad3-7131fccc7af0','99cfbaf5-1726-4ad2-b673-e56b593c842d',0,NULL,NULL,NULL),('43c422f6-8a0c-49c2-87fc-24b7f85736ad','李柳','430111198205185020','高唐街道天河区天河1组','1982-05-18','2016-04-06','8245bdb7-a2d2-4fa2-9ad3-7131fccc7af0','99cfbaf5-1726-4ad2-b673-e56b593c842d',0,NULL,NULL,NULL),('46d3099b-4928-4cfd-b45b-b0e9658ffc75','柳运芝','430121195608147968','高唐街道天河区天河1组','1956-08-14','2016-04-06','8245bdb7-a2d2-4fa2-9ad3-7131fccc7af0','99cfbaf5-1726-4ad2-b673-e56b593c842d',0,NULL,NULL,NULL),('472f0083-b3ba-454d-9a57-46a8dc998083','周晓','430121198611097926','null-null-null','1986-11-09','2016-03-30',NULL,NULL,0,NULL,NULL,NULL),('4ddee8fa-f091-41a9-bad5-5e6e2e9f1a89','123213','12312333232','null-null-null','2016-04-21','2016-04-06',NULL,NULL,0,NULL,NULL,NULL),('4f5c078f-7034-41ba-a3b6-f0904446afa5','周子怡','430111200309265041','高唐街道天河区天河1组','2003-09-26','2016-04-06','8245bdb7-a2d2-4fa2-9ad3-7131fccc7af0','99cfbaf5-1726-4ad2-b673-e56b593c842d',0,NULL,NULL,NULL),('510d739e-db58-4cb2-9dea-d0368e07697e','张语林','430181198201020041','高唐街道天河区天河1组','1982-01-02','2016-04-06','8245bdb7-a2d2-4fa2-9ad3-7131fccc7af0','99cfbaf5-1726-4ad2-b673-e56b593c842d',0,NULL,NULL,NULL),('544014ca-337b-4fbe-a200-c6fad55316ab','123','121251113','3123dfrfg1323','2016-04-07','2016-04-07',NULL,NULL,0,NULL,NULL,NULL),('5525a0c8-e275-459f-82b5-1a44f00bf170','郭兰英','430121194301027924','null-null-null','1943-01-02','2016-03-30',NULL,NULL,0,NULL,NULL,NULL),('5b67c5e9-743c-415b-8bc4-0c43267a4d96','杨丽','433130198405105920','高唐街道天河区天河1组','1984-05-10','2016-04-06','8245bdb7-a2d2-4fa2-9ad3-7131fccc7af0','99cfbaf5-1726-4ad2-b673-e56b593c842d',0,NULL,NULL,NULL),('5c0a4872-ebdb-46b4-aa8c-5d8a951f2052','测试是否有地址1','1511215102115','','2000-01-01','2016-04-07',NULL,NULL,0,NULL,NULL,NULL),('5ccb106d-026e-4619-9398-f476090e3eba','李迪均','430121194505288114','null-null-null','1945-05-28','2016-03-30',NULL,NULL,0,NULL,NULL,NULL),('5dd4e56f-017d-4e4c-a4d1-6f57c8bc0642','测试独生子女','110108199905220036','null-null-null','1999-05-22','2016-04-04',NULL,NULL,0,NULL,NULL,NULL),('60aa6fd1-6bff-44c8-a2d4-d004fde6f9da','罗德良','430121195208071749','高唐街道天河区天河1组','1952-08-07','2016-04-06','8245bdb7-a2d2-4fa2-9ad3-7131fccc7af0','99cfbaf5-1726-4ad2-b673-e56b593c842d',0,NULL,NULL,NULL),('620a15c2-a874-4dcf-b5dc-8c8476393910','AAAA','123231','3123123','2016-04-04','2016-04-14',NULL,NULL,0,'ED1E23','2016-04-20','81e97469-2fd1-4b3c-b3ac-593e5bd1ec6c'),('620c38f3-a3ac-468c-997f-0d24338f950a','杨映明','430121196203018142','null-null-null','1962-03-01','2016-03-30',NULL,NULL,0,NULL,NULL,NULL),('64f176ef-bd13-4e70-b825-2176f1734121','王小阳','43012119581001814X','null-null-null','1958-10-01','2016-03-30',NULL,NULL,0,NULL,NULL,NULL),('65d4995e-0a15-4f82-8e16-f63b9e165ba4','123333333333333','cdvdv','112321eedwdqwd','2016-04-03','2016-04-07',NULL,NULL,0,NULL,NULL,NULL),('66d28bb7-3b8e-4b9b-901a-c5e91ef35f24','范梓言','430121201009290162','null-null-null','2010-09-29','2016-03-30',NULL,NULL,0,NULL,NULL,NULL),('6b251dcb-027a-46dd-a936-8b4608bc8705','123123223','1231232','null-null-null','2016-03-16','2016-04-06',NULL,NULL,0,NULL,NULL,NULL),('6ba498f9-fd8b-4574-8c44-b956b6dacd4b','杜应海','430121195001201737','高唐街道天河区天河1组','1950-01-20','2016-04-06','8245bdb7-a2d2-4fa2-9ad3-7131fccc7af0','99cfbaf5-1726-4ad2-b673-e56b593c842d',0,NULL,NULL,NULL),('6e0b7cfb-6cce-40af-96eb-3a42cb277cb4','柳佰冬','430121195409038136','null-null-null','1954-09-03','2016-03-30',NULL,NULL,0,NULL,NULL,NULL),('6f403417-f848-494f-9419-b30c5c3c58ee','金玉珍','430121194610087920','null-null-null','1946-10-08','2016-03-30',NULL,NULL,0,NULL,NULL,NULL),('711718d9-cdd2-4057-8b48-78622ed34e1a','周泽栋','430121201206180077','null-null-null','2012-06-18','2016-03-30',NULL,NULL,0,NULL,NULL,NULL),('7268ce7d-51e9-4959-beca-d1e605c45cb6','杜钰杰','430121200409291813','高唐街道天河区天河1组','2004-09-29','2016-04-06','8245bdb7-a2d2-4fa2-9ad3-7131fccc7af0','99cfbaf5-1726-4ad2-b673-e56b593c842d',0,NULL,NULL,NULL),('73f56463-e64e-474f-821f-506329d7d8b6','师灿英','430121197406291784','高唐街道天河区天河1组','1974-06-29','2016-04-06','8245bdb7-a2d2-4fa2-9ad3-7131fccc7af0','99cfbaf5-1726-4ad2-b673-e56b593c842d',0,NULL,NULL,NULL),('7e8e035f-5ea7-4ff6-b290-65fab3f00566','廖开明','430121194901231726','高唐街道天河区天河1组','1949-01-23','2016-04-06','8245bdb7-a2d2-4fa2-9ad3-7131fccc7af0','99cfbaf5-1726-4ad2-b673-e56b593c842d',0,NULL,NULL,NULL),('802d68fa-31ef-4c11-85d3-33003dcb1df5','马国强','43012119400808791x','安沙镇','1940-08-08','2016-04-26',NULL,NULL,0,NULL,NULL,NULL),('8317b4f2-9de8-4f71-94cd-08c44c36df50','易淑华','43012119360228812X','null-null-null','1936-02-28','2016-03-30',NULL,NULL,0,NULL,NULL,NULL),('864cdccf-60fe-43d1-81dd-f9916da3b6d0','柳芳','430121198112077947','null-null-null','1981-12-07','2016-03-30',NULL,NULL,0,NULL,NULL,NULL),('866068f2-80b0-40f9-ab45-46307769d300','马一平','430121198211217335','高唐街道天河区天河1组','1982-11-21','2016-04-06','8245bdb7-a2d2-4fa2-9ad3-7131fccc7af0','99cfbaf5-1726-4ad2-b673-e56b593c842d',0,NULL,NULL,NULL),('89bddc87-980c-472f-8441-30cc741dbd7b','测试是否有地址','2155524555','','2000-01-01','2016-04-07',NULL,NULL,0,NULL,NULL,NULL),('8a0ec7dc-500b-4473-b0be-d9a1afeb7dfb','导入人员B','111111155','','1995-11-11','2016-04-07',NULL,NULL,0,NULL,NULL,NULL),('8ab8c37a-23a1-4df6-805b-611ccfcdfb66','马强罗','430121193910147919','null-null-null','1939-10-14','2016-03-30',NULL,NULL,0,NULL,NULL,NULL),('900ca272-da58-4960-a7cb-c468ed3fbf48','周文虎','430121197611030938','高唐街道天河区天河1组','1976-11-03','2016-04-06','8245bdb7-a2d2-4fa2-9ad3-7131fccc7af0','99cfbaf5-1726-4ad2-b673-e56b593c842d',0,NULL,NULL,NULL),('9b59f7e7-7305-4eb2-8d14-4756a4c80980','张三','430121197205118002','大阪街道雨花区雨花组','2016-03-31','2016-04-21','c5cb0d60-9774-44d9-b931-11089e8b807e','898968cc-3731-4950-b443-92f193619b6a',0,NULL,NULL,NULL),('9c3c6446-45cf-4dae-9a40-3fb922ac89eb','测试余','110108197505220038','高唐街道天河区天河1组','1975-05-22','2016-03-29','8245bdb7-a2d2-4fa2-9ad3-7131fccc7af0','99cfbaf5-1726-4ad2-b673-e56b593c842d',0,NULL,NULL,NULL),('9c447c05-93c8-4f4e-adcb-67770b171f74','小春','5511155511','地址A','2016-04-07','2016-04-07',NULL,NULL,0,NULL,NULL,NULL),('9dc0ab3f-f4ad-4419-a873-6597ac7e4ef6','杨建武','430121195110288114','null-null-null','1951-10-28','2016-03-30',NULL,NULL,0,NULL,NULL,NULL),('9e093de5-971d-4e07-b2ff-43348587b404','黄权','430121199703291018','高唐街道天河区天河1组','1997-03-29','2016-04-06','8245bdb7-a2d2-4fa2-9ad3-7131fccc7af0','99cfbaf5-1726-4ad2-b673-e56b593c842d',0,NULL,NULL,NULL),('9f03bc18-21ac-45dd-b4e3-7e0afe935dc9','刘某某','430121199102249898','高唐街道天河区天河1组','1950-02-08','2016-03-22','8245bdb7-a2d2-4fa2-9ad3-7131fccc7af0','99cfbaf5-1726-4ad2-b673-e56b593c842d',0,NULL,NULL,NULL),('a15c7f3c-540e-40fd-8d05-cb43ebf5d42a','苏笑笑','430121201412140121','高唐街道天河区天河1组','2014-12-14','2016-04-06','8245bdb7-a2d2-4fa2-9ad3-7131fccc7af0','99cfbaf5-1726-4ad2-b673-e56b593c842d',0,NULL,NULL,NULL),('a69cea0b-c481-4fe7-88e5-d2abdd92ded2','杜军','430121197210181794','高唐街道天河区天河1组','1972-10-18','2016-04-06','8245bdb7-a2d2-4fa2-9ad3-7131fccc7af0','99cfbaf5-1726-4ad2-b673-e56b593c842d',0,NULL,NULL,NULL),('a6b0598a-bf87-493f-97de-c51cbf2cb255','柳文俊','430121199012042012','高唐街道天河区天河1组','1990-12-04','2016-04-06','8245bdb7-a2d2-4fa2-9ad3-7131fccc7af0','99cfbaf5-1726-4ad2-b673-e56b593c842d',0,NULL,NULL,NULL),('a7073324-2764-4140-a3d4-a44f9090149c','宋倩婷','430121200511077987','null-null-null','2005-11-07','2016-03-30',NULL,NULL,0,NULL,NULL,NULL),('a8816aa7-f1c2-416e-8b2f-2bf6860bd1d4','周友能','430121194905130930','高唐街道天河区天河1组','1949-05-13','2016-04-06','8245bdb7-a2d2-4fa2-9ad3-7131fccc7af0','99cfbaf5-1726-4ad2-b673-e56b593c842d',0,NULL,NULL,NULL),('a9fef29a-d879-4e5d-afd7-c946c832b26c','小明','123025541','高唐街道天河区天河1组','2016-03-18','2016-03-18','8245bdb7-a2d2-4fa2-9ad3-7131fccc7af0','99cfbaf5-1726-4ad2-b673-e56b593c842d',0,NULL,NULL,NULL),('aa631295-d236-4ae9-ba4b-2291fdc6b45a','梁欣玲','432503197205060825','大阪街道大唐区大唐组','1972-05-06','2016-04-06','c5cb0d60-9774-44d9-b931-11089e8b807e','73f66480-62ee-4351-8a2c-254f8020ba52',0,NULL,NULL,NULL),('ab8ba80e-5b7f-4ab6-aec2-1abcb31f3471','杨山红','430121197607040914','高唐街道天河区天河1组','1976-07-04','2016-04-06','8245bdb7-a2d2-4fa2-9ad3-7131fccc7af0','99cfbaf5-1726-4ad2-b673-e56b593c842d',0,NULL,NULL,NULL),('ac6c17aa-a9c7-4dd6-9aae-ae6b0276b489','12313','12312321','null-null-null','2016-04-05','2016-04-06',NULL,NULL,0,NULL,NULL,NULL),('ac96bbb9-7b70-4036-9c60-53601320ab1b','姓名A','5511115','地址A','2016-04-06','2016-04-07',NULL,NULL,0,NULL,NULL,NULL),('ae2752ce-9d4b-4ca4-8778-fa4f824b587a','马建红','430121197505010044','大阪街道雨花区雨花组','1975-05-01','2016-04-06','c5cb0d60-9774-44d9-b931-11089e8b807e','898968cc-3731-4950-b443-92f193619b6a',0,NULL,NULL,NULL),('b05e23ec-c4f5-4edc-aea5-756e25a4016d','购房添加A','51515','地址A','2016-04-06','2016-04-07',NULL,NULL,0,NULL,NULL,NULL),('b16fff5a-2f28-4f41-873c-2e1a498e330a','马登科','430121199211177315','大阪街道雨花区雨花组','1992-11-17','2016-04-06','c5cb0d60-9774-44d9-b931-11089e8b807e','898968cc-3731-4950-b443-92f193619b6a',0,NULL,NULL,NULL),('b39eb6a2-162a-42de-9c21-4456ab2a98a7','马振兴','430121193508017534','安沙镇水塘垸村','1935-08-01','2016-04-26',NULL,NULL,0,NULL,NULL,NULL),('b4e4f4af-d4e2-4401-bada-f99efd3f1b4c','吴淑清','43012119450820094x','高唐街道天河区天河1组','1945-08-20','2016-04-06','8245bdb7-a2d2-4fa2-9ad3-7131fccc7af0','99cfbaf5-1726-4ad2-b673-e56b593c842d',0,NULL,NULL,NULL),('b7dfa21d-18e0-4550-b9c2-7873c43e8bf0','123213','123123','null-null-null','2016-03-09','2016-04-06',NULL,NULL,0,NULL,NULL,NULL),('b8749913-483b-4a31-9e1d-0a806ea1bc03','马松武','430121197003167914','大阪街道大唐区大唐组','1970-03-16','2016-04-06','c5cb0d60-9774-44d9-b931-11089e8b807e','73f66480-62ee-4351-8a2c-254f8020ba52',0,NULL,NULL,NULL),('bb52a213-3535-44fb-8458-95f6275e22a3','后增人员A','515151','地址A','2016-04-05','2016-04-07',NULL,NULL,0,NULL,NULL,NULL),('bddae94c-f103-4917-8955-1152cabddc05','方桂君','430121197308100921','高唐街道天河区天河1组','1973-08-10','2016-04-06','8245bdb7-a2d2-4fa2-9ad3-7131fccc7af0','99cfbaf5-1726-4ad2-b673-e56b593c842d',0,NULL,NULL,NULL),('bf70a4c3-b951-4c29-a629-e21030fd57c5','易红胜','430121198104231051','高唐街道天河区天河1组','1981-04-23','2016-04-06','8245bdb7-a2d2-4fa2-9ad3-7131fccc7af0','99cfbaf5-1726-4ad2-b673-e56b593c842d',0,NULL,NULL,NULL),('c37ae471-691b-4660-942c-fed8bc5281c4','曹寿珍','430121194404217923','安沙镇水塘垸村','1944-04-21','2016-04-26',NULL,NULL,0,NULL,NULL,NULL),('c773be48-1f84-4678-bf3e-c46d22ec03ae','罗国华','430121194706140917','高唐街道天河区天河1组','1947-06-14','2016-04-06','8245bdb7-a2d2-4fa2-9ad3-7131fccc7af0','99cfbaf5-1726-4ad2-b673-e56b593c842d',0,NULL,NULL,NULL),('ccbc979a-fb77-4633-b86a-e8d53bee9b77','杜发其','430121195007090927','高唐街道天河区天河1组','1950-07-09','2016-04-06','8245bdb7-a2d2-4fa2-9ad3-7131fccc7af0','99cfbaf5-1726-4ad2-b673-e56b593c842d',0,NULL,NULL,NULL),('cd5a9a60-f2f8-4c75-80ed-71c2673b9b93','小东','55112','高唐街道天河区天河1组','2016-03-10','2016-03-18','8245bdb7-a2d2-4fa2-9ad3-7131fccc7af0','99cfbaf5-1726-4ad2-b673-e56b593c842d',0,NULL,NULL,NULL),('ce50d8fb-d78e-44b3-8f3b-38baa6fae865','孙海涛','430121194608089716','大阪街道雨花区雨花组','1946-08-08','2016-04-20','c5cb0d60-9774-44d9-b931-11089e8b807e','898968cc-3731-4950-b443-92f193619b6a',0,NULL,NULL,NULL),('d098f0c3-1be9-41c1-a74e-30db99a6fe8c','导入人员A','54151','','1993-11-11','2016-04-07',NULL,NULL,0,NULL,NULL,NULL),('d1015b29-b0ae-44c2-a778-e123688b3dbe','王金高','430121195701287914','null-null-null','1957-01-28','2016-03-30',NULL,NULL,0,NULL,NULL,NULL),('d2b6d907-d2fa-4a9b-8545-b621080533b8','徐建冬','430121196811177585','大阪街道雨花区雨花组','1968-11-17','2016-04-06','c5cb0d60-9774-44d9-b931-11089e8b807e','898968cc-3731-4950-b443-92f193619b6a',0,NULL,NULL,NULL),('d57d960e-aa96-41bf-9144-aaece3cfced4','罗硕英','43012120021125104x','高唐街道天河区天河1组','2002-11-25','2016-04-06','8245bdb7-a2d2-4fa2-9ad3-7131fccc7af0','99cfbaf5-1726-4ad2-b673-e56b593c842d',0,NULL,NULL,NULL),('d748d726-37b3-4f34-92fe-0dfdfe9a0a97','54151c5dcvfvf','123dv123','1312ed32e123','2016-04-07','2016-04-07',NULL,NULL,0,NULL,NULL,NULL),('d8a6f03e-d442-49e6-a128-027c094904b0','苏建兵','430121195610110910','高唐街道天河区天河1组','1956-10-11','2016-04-06','8245bdb7-a2d2-4fa2-9ad3-7131fccc7af0','99cfbaf5-1726-4ad2-b673-e56b593c842d',0,NULL,NULL,NULL),('ddc66108-5626-4b09-9793-7c48ad66c5c0','小明','15152152105','地址A','2016-04-07','2016-04-07',NULL,NULL,0,NULL,NULL,NULL),('df2d77c2-a71f-439f-a9e4-eb7987fd6b08','周子琴','430121201110190123','高唐街道天河区天河1组','2011-10-19','2016-04-06','8245bdb7-a2d2-4fa2-9ad3-7131fccc7af0','99cfbaf5-1726-4ad2-b673-e56b593c842d',0,NULL,NULL,NULL),('e1bd1cec-9bca-43ef-834f-0aa957af8301','王秀球','430121194511140925','高唐街道天河区天河1组','1945-11-14','2016-04-06','8245bdb7-a2d2-4fa2-9ad3-7131fccc7af0','99cfbaf5-1726-4ad2-b673-e56b593c842d',0,NULL,NULL,NULL),('e6e1dce7-ace1-4dfd-8715-19657389f3c9','马沁沁','430121200108227324','大阪街道大唐区大唐组','2001-08-22','2016-04-06','c5cb0d60-9774-44d9-b931-11089e8b807e','73f66480-62ee-4351-8a2c-254f8020ba52',0,NULL,NULL,NULL),('ead95e0d-5d03-4704-878f-8ba6cfc8b05d','易顺恺','430121193508178119','null-null-null','1935-08-17','2016-03-30',NULL,NULL,0,NULL,NULL,NULL),('eb83138d-1a27-462a-8a5a-4ecca6b5e239','周末','430121201206180078','null-null-null','1966-08-11','2016-03-30',NULL,NULL,0,NULL,NULL,NULL),('eb9b1aa6-1ee7-4ff0-8107-4699e22c90b6','罗仕平','430121197301160913','高唐街道天河区天河1组','1973-01-16','2016-04-06','8245bdb7-a2d2-4fa2-9ad3-7131fccc7af0','99cfbaf5-1726-4ad2-b673-e56b593c842d',0,NULL,NULL,NULL),('ebf338b3-0c09-4443-b5dc-ccf1e567d46f','马紫鑫','430121201402210042','高唐街道天河区天河1组','2014-02-21','2016-04-06','8245bdb7-a2d2-4fa2-9ad3-7131fccc7af0','99cfbaf5-1726-4ad2-b673-e56b593c842d',0,NULL,NULL,NULL),('f061afdb-4477-4bbc-98d9-5d34471487ea','张三','43012119800606451x','高唐街道天河区天河1组','1980-06-06','2016-03-28','8245bdb7-a2d2-4fa2-9ad3-7131fccc7af0','99cfbaf5-1726-4ad2-b673-e56b593c842d',0,NULL,NULL,NULL),('f0987953-1b49-42ec-8ba2-eff83dc11b66','易恩德','430121195405281729','高唐街道天河区天河1组','1954-05-28','2016-04-06','8245bdb7-a2d2-4fa2-9ad3-7131fccc7af0','99cfbaf5-1726-4ad2-b673-e56b593c842d',0,NULL,NULL,NULL),('f57d12d9-21be-491d-abcf-186793aec73b','罗杰','43012119740808093x','高唐街道天河区天河1组','1974-08-08','2016-04-06','8245bdb7-a2d2-4fa2-9ad3-7131fccc7af0','99cfbaf5-1726-4ad2-b673-e56b593c842d',0,NULL,NULL,NULL),('f676b399-fd1f-4ca4-8c42-fd0014fbbb26','罗子宜','430121201002270062','高唐街道天河区天河1组','2010-02-27','2016-04-06','8245bdb7-a2d2-4fa2-9ad3-7131fccc7af0','99cfbaf5-1726-4ad2-b673-e56b593c842d',0,NULL,NULL,NULL),('f78041a3-2320-4007-9ec5-264e2c40b2e1','杜金明','43012119480914091x','高唐街道天河区天河1组','1948-09-14','2016-04-06','8245bdb7-a2d2-4fa2-9ad3-7131fccc7af0','99cfbaf5-1726-4ad2-b673-e56b593c842d',0,NULL,NULL,NULL),('f7ef4139-4d95-45a8-86af-262ce39bea92','黄冬其','430121194911020922','高唐街道天河区天河1组','1949-11-02','2016-04-06','8245bdb7-a2d2-4fa2-9ad3-7131fccc7af0','99cfbaf5-1726-4ad2-b673-e56b593c842d',0,NULL,NULL,NULL),('f9505bd8-1e4e-408d-84b5-ce633a8087ee','黄大明','430121193902150915','高唐街道天河区天河1组','1939-02-15','2016-04-06','8245bdb7-a2d2-4fa2-9ad3-7131fccc7af0','99cfbaf5-1726-4ad2-b673-e56b593c842d',0,NULL,NULL,NULL),('fda159c6-06f8-4b00-a6e3-cdb31d638d96','苏艳辉','43012119540618092x','高唐街道天河区天河1组','1954-06-18','2016-04-06','8245bdb7-a2d2-4fa2-9ad3-7131fccc7af0','99cfbaf5-1726-4ad2-b673-e56b593c842d',0,NULL,NULL,NULL),('fdce2911-1ae4-4c64-acb5-4e608da7a199','王展','430121199104207320','null-null-null','1991-04-20','2016-03-30',NULL,NULL,0,NULL,NULL,NULL),('fe32726d-ae92-47a7-8525-1fc5e813f462','黄莎','43012119860522102x','高唐街道天河区天河1组','2016-04-06','2016-04-06','8245bdb7-a2d2-4fa2-9ad3-7131fccc7af0','99cfbaf5-1726-4ad2-b673-e56b593c842d',0,NULL,NULL,NULL);

/*Table structure for table `tb_report_of_loss` */

DROP TABLE IF EXISTS `tb_report_of_loss`;

CREATE TABLE `tb_report_of_loss` (
  `id` varchar(70) NOT NULL,
  `opr_user` varchar(70) NOT NULL,
  `opr_date` date NOT NULL,
  `owner` varchar(70) NOT NULL,
  `ticket_id` varchar(70) NOT NULL,
  `loss_date` date NOT NULL,
  `is_del` tinyint(1) NOT NULL,
  `remark` varchar(255) DEFAULT NULL,
  PRIMARY KEY (`id`)
) ENGINE=InnoDB DEFAULT CHARSET=utf8;

/*Data for the table `tb_report_of_loss` */

/*Table structure for table `tb_resource` */

DROP TABLE IF EXISTS `tb_resource`;

CREATE TABLE `tb_resource` (
  `id` varchar(70) NOT NULL,
  `res_type` int(2) NOT NULL,
  `resource_order` int(11) NOT NULL,
  `is_del` tinyint(1) NOT NULL,
  `icon` varchar(70) DEFAULT NULL,
  `link` varchar(70) DEFAULT NULL,
  `parent_res_id` varchar(70) DEFAULT NULL,
  `path` varchar(1000) DEFAULT NULL,
  `has_children` tinyint(1) DEFAULT NULL,
  `html_id` varchar(30) DEFAULT NULL,
  `html` varchar(250) DEFAULT NULL,
  `hierarchy` int(11) NOT NULL,
  `title` varchar(30) NOT NULL,
  `moudle` varchar(30) DEFAULT NULL,
  PRIMARY KEY (`id`)
) ENGINE=InnoDB DEFAULT CHARSET=utf8;

/*Data for the table `tb_resource` */

insert  into `tb_resource`(`id`,`res_type`,`resource_order`,`is_del`,`icon`,`link`,`parent_res_id`,`path`,`has_children`,`html_id`,`html`,`hierarchy`,`title`,`moudle`) values ('0e3827d5-fa84-4aed-983a-b290da99052f',0,1,0,'icon','#housePurchaseMansgement/hptUseAndCash','91dcf05a-a394-43f3-b789-2461b6956d4a','',1,'','',0,'购房券的使用与兑现',''),('1024d946-439f-4c31-9f95-d975091ef84a',0,2,0,'icon','#management/registedAgrcInfoQuery.do','1ba39037-689f-4bd8-8d0d-446c376567a3','',1,'','',0,'在籍农业人口回收站','admin'),('1151395a-7d71-40ce-9435-a24167186175',0,9,0,'icon','',NULL,'',1,'','',0,'在籍农业人口管理',''),('15633e32-a4cc-4c43-9a92-e2089467d423',0,3,0,'icon','#housePurchaseMansgement/hptSet.do','6b3dac14-8116-4aad-8643-c54821ebf93c','',1,'','',0,'购房券户发放',''),('1ba39037-689f-4bd8-8d0d-446c376567a3',0,17,0,'icon','',NULL,'',1,'','',0,'回收站','admin'),('1cfabb66-ec73-42e3-89ac-1752e840584b',0,4,0,'icon','#socialSecurityMansgement/solmMaintain.do','8502199d-390e-49e1-a37a-43b5677bc705','',1,' ','',0,'维护社保信息',''),('24761d7a-3b15-49ff-adb1-0bf1ad9e7c05',0,1,0,'icon','#housePurchaseMansgement/hptAdd.do','6b3dac14-8116-4aad-8643-c54821ebf93c','',1,'','',0,'录入购房券信息',''),('291ddf56-70b7-4917-97c1-85e2a032e362',0,3,0,'icon','#removedDocManagement/removedInfoQuery.do','bac2388a-3e8c-494f-8525-62c2a3370229','',1,'','',0,'维护已迁户信息',''),('2e27e9cc-b43c-4c3a-8134-cc2d3631b7ef',0,2,0,'icon','#socialSecurityMansgement/solmInfoBatch.do','8502199d-390e-49e1-a37a-43b5677bc705','',1,'','',0,'批量处理社保信息',''),('30513a9c-e72b-4dfb-b765-e4b4e9392e74',0,1,0,'icon','#management/sysCreateAccount.do','3b42ceb2-890e-4ce7-b996-7f5227be4c44','',1,'','',0,'新增人员信息','admin'),('32f581e4-a47e-444b-bfd8-371d09972061',0,12,0,'icon','',NULL,'',1,'','',0,'单位管理','admin'),('3b42ceb2-890e-4ce7-b996-7f5227be4c44',0,10,0,'icon','',NULL,'',1,'','',0,'人员信息管理','admin'),('3c2f65ad-a8e8-4978-a5c5-b83b5b3afccf',0,4,0,'icon','#projectManagement/pmQueryPro.do','a538004f-b6b2-48e3-8fcb-8ba000a3019a','',1,'','',0,'查询项目台账',''),('42e3806c-47d2-4e7b-aff9-b32f1180c63f',0,11,0,'icon','',NULL,'',1,'','',0,'角色/权限管理','admin'),('44fb3f75-3a7b-468c-a28f-1b162d2ba5e7',0,1,0,'icon','#management/sysLog.do','61cdf89c-7ab4-4bd1-8356-37ef33801980','',1,'','',0,'维护系统日志','admin'),('4b1ee9ed-f9dc-4372-96ab-ea976a585cd7',0,2,0,'icon','#management/sysAccountQuery.do','3b42ceb2-890e-4ce7-b996-7f5227be4c44','',1,'','',0,'维护人员信息','admin'),('53907546-4c20-4277-8022-5113c62e0d29',0,1,0,'icon','#management/sysPermission.do','42e3806c-47d2-4e7b-aff9-b32f1180c63f','',1,'','',0,'分配权限','admin'),('584358c1-0e68-46ee-a099-10e654ca3191',0,2,0,'icon','#docFileManagement/fileMListAdd.do','9349a42d-2b03-4370-8b77-04a39f2caa5d','',1,'','',0,' 添加政策法规文件',''),('591d7a48-3d07-4072-8f75-bc8bf8bd7d88',0,1,0,'icon','#supervisionManagement/infoSummary.do','ef7420c3-0a6f-4667-827d-cb4aa55f0efc','',1,'','',0,'综合浏览',''),('598a9f57-4d74-4dca-b63f-b879b4436fae',0,1,0,'icon','#projectManagement/pmAddPro.do','a538004f-b6b2-48e3-8fcb-8ba000a3019a','',1,'','',0,'录入项目信息',''),('59a89bdc-7b88-4bd9-a593-1dae0d49dc16',0,1,0,'icon','#management/sysDataDict.do','b3f9ca24-2786-4253-8d70-faf8db7744eb','',1,'','',0,'维护数据字典','admin'),('611cb245-07af-4c20-9712-9e74ce22ccd1',0,1,0,'icon','#onekeyQuery/onekeyQuery.do','ef7420c3-0a6f-4667-827d-cb4aa55f0efc',NULL,1,NULL,NULL,0,'一键查询',''),('61a1dfdb-8a3f-4df5-94ce-aa1b848a1608',0,2,0,'icon','#management/sysRoleManage.do','42e3806c-47d2-4e7b-aff9-b32f1180c63f','',1,'','',0,'角色管理','admin'),('61cdf89c-7ab4-4bd1-8356-37ef33801980',0,16,0,'icon','',NULL,'',1,'','',0,'系统日志管理','admin'),('635a3873-75b5-4725-8391-2cecfc448714',0,2,0,'icon','#registedInfoManagement/queryRegistedInfo.do','1151395a-7d71-40ce-9435-a24167186175','',1,'','',0,'维护在籍农业人口信息',''),('64d6e9fc-b4aa-4a12-90ef-59f077b6c073',0,3,0,'icon','#transferAccountManagement/taQuery.do','d78b0a7a-3014-4f20-8fe6-b4b86441995e','',1,'','',0,'查询转户台账',NULL),('66a87ece-4473-4db4-97df-97cfded49049',0,8,0,'icon','#housePurchaseMansgement/hptIssue.do','6b3dac14-8116-4aad-8643-c54821ebf93c','',1,'','',0,'购房券发放台账',''),('66b23947-9c39-48a2-817e-0791a93a5ccf',0,9,0,'icon','#statistics/statistics.do','6b3dac14-8116-4aad-8643-c54821ebf93c','',1,'','',0,'查询统计',''),('692131fe-3faa-4bc4-ad96-ed2301b8368d',0,4,0,'icon','#housePurchaseMansgement/hptSetPro.do','6b3dac14-8116-4aad-8643-c54821ebf93c','',1,'','',0,'购房券项目发放',''),('6b3dac14-8116-4aad-8643-c54821ebf93c',0,4,0,'icon','',NULL,'',1,'','',0,'购房券制发',''),('6c95c954-584f-4bbc-a583-04d2420b8174',0,3,0,'icon','#docFileManagement/fileMListMsg.do','9349a42d-2b03-4370-8b77-04a39f2caa5d','',1,'','',0,'政策法规文件维护',''),('6f706e28-face-42ee-8978-89ba36751d78',0,1,0,'icon','#docFileManagement/fileMList.do','9349a42d-2b03-4370-8b77-04a39f2caa5d','',1,'','',0,'在线浏览政策法规',''),('7ec96129-09ab-413c-924f-6c25aa32d25e',0,2,0,'icon','#projectManagement/listRemoved.do','be769d24-1b19-472a-9f68-fc82c800ad29','',1,'','',0,'拆迁户人员信息台账',''),('82304be1-8caa-4047-96fe-7bc3ac15dd11',0,3,0,'icon','#projectManagement/pmMaintain.do','a538004f-b6b2-48e3-8fcb-8ba000a3019a','',1,'','',0,'维护项目',''),('8502199d-390e-49e1-a37a-43b5677bc705',0,3,0,'icon','',NULL,'',1,'','',0,'社保管理',''),('87428992-c17a-4e50-bb12-d325e7e428e3',0,2,0,'icon','#housePurchaseMansgement/hptSetPerson.do','6b3dac14-8116-4aad-8643-c54821ebf93c','',1,'','',0,'购房券个人发放',''),('8748319a-7534-4449-8148-1a216b585cb0',0,1,0,'icon','#registedInfoManagement/addRegistedInfo.do','1151395a-7d71-40ce-9435-a24167186175','',1,'','',0,'录入在籍农业人口信息',''),('8b774553-e40a-48e6-858e-c37a8d7751f3',0,5,0,'icon','#housePurchaseMansgement/hptExchange.do','6b3dac14-8116-4aad-8643-c54821ebf93c','',1,'','',0,'购房券换发',''),('91dcf05a-a394-43f3-b789-2461b6956d4a',0,5,0,'icon','',NULL,'',1,'','',0,'购房券使用与兑现',''),('9349a42d-2b03-4370-8b77-04a39f2caa5d',0,14,0,'icon','',NULL,'',1,'','',0,'档案文件管理',''),('99a49750-a414-4e06-be6a-dc7aa15c3c12',0,3,0,'icon','#socialSecurityMansgement/solmQuery.do','8502199d-390e-49e1-a37a-43b5677bc705','',1,'','',0,'查询社保台账',''),('9deeaa35-124a-42e2-87d3-cdcd57fbb9ad',0,1,0,'icon','#management/sysOrgManagement.do','32f581e4-a47e-444b-bfd8-371d09972061','',1,'','',0,'维护单位信息','admin'),('9ea4e2e6-21c1-4f72-962b-5faae74252b3',0,2,0,'icon','#transferAccountManagement/taInfoBatch.do','d78b0a7a-3014-4f20-8fe6-b4b86441995e','',1,'','',0,'批量新增转户信息',NULL),('a43f80a2-33e9-4fe9-b71c-dc707fda5a8f',0,3,0,'icon','#projectManagement/maintainPersonRemove.do','be769d24-1b19-472a-9f68-fc82c800ad29','',1,'','',0,'维护拆迁户人员信息',''),('a538004f-b6b2-48e3-8fcb-8ba000a3019a',0,0,0,'icon','',NULL,'',1,'','',0,'项目管理',''),('a594059d-f3bf-42c7-bb8d-5654c999e1af',0,3,0,'icon','#messageManagement/visitQuery.do','e746da4a-c40f-409b-9130-270e372efb04','',1,'','',0,'维护信访信息',''),('ab473b93-7594-467a-8a34-80e2980f85ed',0,2,0,'icon','#removedDocManagement/removedInfoMaintain.do','bac2388a-3e8c-494f-8525-62c2a3370229','',1,' ','',0,'已迁户台账',''),('af147a27-2b7e-4c62-bb3c-b9dbffe97c14',0,1,0,'icon','#removedDocManagement/removedInfoAdd.do','bac2388a-3e8c-494f-8525-62c2a3370229','',1,'','',0,'录入已迁户人员信息',''),('b3f9ca24-2786-4253-8d70-faf8db7744eb',0,15,0,'icon','',NULL,'',1,'','',0,'数据字典管理','admin'),('b9229f63-b658-4280-a609-16da8bcce156',0,1,0,'icon','#projectManagement/uploadRemoveInfo.do','be769d24-1b19-472a-9f68-fc82c800ad29','',1,'','',0,'录入拆迁户信息',''),('bac2388a-3e8c-494f-8525-62c2a3370229',0,8,0,'icon','',NULL,'',1,'','',0,'已迁户信息管理',''),('be5d84dc-cc75-42fc-9269-dfba2e3f9504',0,1,0,'icon','#management/accountQuery.do','1ba39037-689f-4bd8-8d0d-446c376567a3','',1,'','',0,'账户回收站','admin'),('be769d24-1b19-472a-9f68-fc82c800ad29',0,1,0,'icon','',NULL,'',1,'','',0,'拆迁户管理',''),('c8dd58dc-da50-41d6-9d87-f188c1497933',0,2,0,'icon','#messageManagement/visitMaintain.do','e746da4a-c40f-409b-9130-270e372efb04','',1,' ','',0,'信访台账',''),('cb027978-ae93-4c48-a88b-91d3b67766e0',0,1,0,'icon','#transferAccountManagement/taImportFile.do','d78b0a7a-3014-4f20-8fe6-b4b86441995e','',1,'','',0,'录入转户信息',NULL),('cb7d46b0-25f2-4a2d-b021-4032d209951b',0,3,0,'icon','#housePurchaseMansgement/hptExchangeBill.do','91dcf05a-a394-43f3-b789-2461b6956d4a','',1,'','',0,'购房券的兑付台账',''),('ce2209b6-70aa-46da-a557-94378cad2afe',0,7,0,'icon','#housePurchaseMansgement/hptProjectMoneyUnit.do','6b3dac14-8116-4aad-8643-c54821ebf93c','',1,'','',0,'录入项目出资单位',''),('d78127f1-4573-434e-bbce-95cbb6e27b37',0,2,0,'icon','#projectManagement/pmProgress.do','a538004f-b6b2-48e3-8fcb-8ba000a3019a','',1,'','',0,'项目进度管理',''),('d78b0a7a-3014-4f20-8fe6-b4b86441995e',0,2,0,'icon','',NULL,'',1,'','',0,'转户管理',NULL),('e746da4a-c40f-409b-9130-270e372efb04',0,7,0,'icon','',NULL,'',1,'','',0,'信访管理',''),('eb106090-a2d1-462c-a371-bb935a93ed2d',0,6,0,'icon','#housePurchaseMansgement/hptLossAndMend.do','6b3dac14-8116-4aad-8643-c54821ebf93c','',1,'','',0,'购房券挂失/补券',''),('ef7420c3-0a6f-4667-827d-cb4aa55f0efc',0,6,0,'icon','',NULL,'',1,'','',0,'查询浏览',''),('f6dd3faa-0801-4d37-a6c9-2bc9cf2e6705',0,2,0,'icon','#housePurchaseMansgement/hptBatchUseAndCash.do','91dcf05a-a394-43f3-b789-2461b6956d4a','',1,'','',0,'购房券的批量使用与兑现',''),('f71cb280-3108-4013-9ac2-2d00ed56abac',0,3,0,'icon','#management/removePInfoQuery.do','1ba39037-689f-4bd8-8d0d-446c376567a3','',1,'','',0,'已迁户回收站','admin'),('fabf3a8a-153b-421f-9ba4-d531807f8c6a',0,4,0,'icon','#projectManagement/queryRemoveInfo.do','be769d24-1b19-472a-9f68-fc82c800ad29','',1,'','',0,'拆迁户户信息台账',''),('fc50914f-aa91-4bf8-b196-f889ddf34784',0,1,0,'icon','#messageManagement/visitAdd.do','e746da4a-c40f-409b-9130-270e372efb04','',1,'','',0,'录入信访信息',''),('fd190a39-295f-4491-a020-f4f2cf5f58a4',0,1,0,'icon','#socialSecurityMansgement/solmImportFile.do','8502199d-390e-49e1-a37a-43b5677bc705','',1,'','',0,'录入社保信息',''),('fea7a829-e918-4a46-bc5a-0ad575959088',0,5,0,'icon','#projectManagement/maintainRemove.do','be769d24-1b19-472a-9f68-fc82c800ad29','',1,'','',0,'维护拆迁户户信息','');

/*Table structure for table `tb_role` */

DROP TABLE IF EXISTS `tb_role`;

CREATE TABLE `tb_role` (
  `id` varchar(70) NOT NULL,
  `role_name` varchar(30) NOT NULL,
  `is_del` tinyint(1) NOT NULL,
  PRIMARY KEY (`id`),
  UNIQUE KEY `role_name` (`role_name`)
) ENGINE=InnoDB DEFAULT CHARSET=utf8;

/*Data for the table `tb_role` */

insert  into `tb_role`(`id`,`role_name`,`is_del`) values ('0ae78ed3-1564-4fb7-84cc-62acc92b4a1d','国土局',0),('4e30d407-ca6b-403d-a185-847700128010','11',0),('6d7ac88e-24b1-4043-a95f-c5fde62dbafd','征地办',0),('8005c12e-b75a-44b1-b6fc-034eb6a697bc','住保局',0),('826e9b60-ebfc-43f3-8e12-bcecdcbf2e65','人社局',0),('85c54219-d15b-49d9-82da-b0a0fd2b2339','测试角色',0),('c5a262de-0125-4d49-8d88-dfa807723b55','拆迁中心',0),('c67f6e00-560e-4abb-96f0-967a4c558135','公安局',0);

/*Table structure for table `tb_role_account` */

DROP TABLE IF EXISTS `tb_role_account`;

CREATE TABLE `tb_role_account` (
  `id` varchar(70) NOT NULL,
  `is_del` tinyint(1) NOT NULL,
  `account_id` varchar(70) NOT NULL,
  `role_id` varchar(70) NOT NULL,
  PRIMARY KEY (`id`)
) ENGINE=InnoDB DEFAULT CHARSET=utf8;

/*Data for the table `tb_role_account` */

/*Table structure for table `tb_socialsecurity_info` */

DROP TABLE IF EXISTS `tb_socialsecurity_info`;

CREATE TABLE `tb_socialsecurity_info` (
  `id` varchar(70) NOT NULL,
  `opr_user_id` varchar(70) NOT NULL,
  `opr_date` date NOT NULL,
  `socialsecurity_date` date NOT NULL,
  `socialsecurity_type_id` varchar(70) DEFAULT NULL,
  `fml_item_id` varchar(70) NOT NULL,
  `is_del` tinyint(1) NOT NULL,
  `serve_army_time` int(5) DEFAULT NULL,
  `endowment_insurance_year` int(2) DEFAULT NULL,
  `medical_insurance_month` int(5) DEFAULT NULL,
  `join_which_medical_insurance` varchar(60) DEFAULT NULL,
  `community` varchar(11) DEFAULT NULL,
  `prison_time` int(5) DEFAULT NULL,
  `is_join_socialsecurity` tinyint(1) DEFAULT NULL,
  `create_date` date DEFAULT NULL,
  `create_uId` varchar(70) DEFAULT NULL,
  PRIMARY KEY (`id`)
) ENGINE=InnoDB DEFAULT CHARSET=utf8;

/*Data for the table `tb_socialsecurity_info` */

insert  into `tb_socialsecurity_info`(`id`,`opr_user_id`,`opr_date`,`socialsecurity_date`,`socialsecurity_type_id`,`fml_item_id`,`is_del`,`serve_army_time`,`endowment_insurance_year`,`medical_insurance_month`,`join_which_medical_insurance`,`community`,`prison_time`,`is_join_socialsecurity`,`create_date`,`create_uId`) values ('04c2d140-192f-4f19-ba03-143936356ea2','91b075a7-f6c3-4992-bb87-87a03464e93e','2016-04-25','2016-04-01',NULL,'8aa1d3fd-9f07-4fc2-bf66-9032ac9a3fab',0,0,0,0,'','',0,NULL,'2016-04-25','91b075a7-f6c3-4992-bb87-87a03464e93e'),('07d45379-e1f6-4c61-b53e-8532a774d7fe','91b075a7-f6c3-4992-bb87-87a03464e93e','2016-04-25','2016-04-01',NULL,'3ea223bb-9be1-497e-a6b3-f8f17a49dc19',0,0,0,0,'','',0,NULL,'2016-04-25','91b075a7-f6c3-4992-bb87-87a03464e93e'),('0c976ae7-7a46-4c7d-9748-12c6988baf8b','91b075a7-f6c3-4992-bb87-87a03464e93e','2016-04-20','2016-04-20','db5a07a2-56e5-42d0-be98-fc9afa3620a9','f587c74e-1671-4f20-b31a-fd7037eda9cc',0,0,0,0,'','',0,NULL,'2016-04-20','91b075a7-f6c3-4992-bb87-87a03464e93e'),('0d00b8ac-c6f8-4c79-bddc-a664bcad371b','91b075a7-f6c3-4992-bb87-87a03464e93e','2016-04-19','2016-04-14','db5a07a2-56e5-42d0-be98-fc9afa3620a9','0732ec8f-c1ac-4fda-9044-c8356343d034',0,5,2,3,'1','经建',4,NULL,'2016-04-19','91b075a7-f6c3-4992-bb87-87a03464e93e'),('195661a9-6765-48ba-8137-339086df1f0c','91b075a7-f6c3-4992-bb87-87a03464e93e','2016-04-20','2016-04-20','db5a07a2-56e5-42d0-be98-fc9afa3620a9','44335cbe-833c-4628-9506-9f1bac753f5e',0,0,0,0,'','',0,NULL,'2016-04-20','91b075a7-f6c3-4992-bb87-87a03464e93e'),('1d76a1f8-541b-4314-b045-667baa88ac25','91b075a7-f6c3-4992-bb87-87a03464e93e','2016-04-25','2016-04-01',NULL,'f8f9b6c5-df88-45d3-9621-5fc0c574feb4',0,0,0,0,'','',0,NULL,'2016-04-25','91b075a7-f6c3-4992-bb87-87a03464e93e'),('22c59a1c-3a69-42d5-a454-7432460969c8','91b075a7-f6c3-4992-bb87-87a03464e93e','2016-04-25','2016-04-01',NULL,'98190b8c-1a0f-4df2-9f45-38e6af2671a9',0,0,0,0,'','',0,NULL,'2016-04-25','91b075a7-f6c3-4992-bb87-87a03464e93e'),('244bf1b1-9a45-4d5c-aa7c-12cbd7fe1304','91b075a7-f6c3-4992-bb87-87a03464e93e','2016-04-25','2016-04-01',NULL,'84a97578-28ce-468f-9c64-3c4ab56e6fad',0,0,0,0,'','',0,NULL,'2016-04-25','91b075a7-f6c3-4992-bb87-87a03464e93e'),('24c30b91-edf8-4eca-8a95-93475d593a1e','91b075a7-f6c3-4992-bb87-87a03464e93e','2016-04-20','2016-04-20','db5a07a2-56e5-42d0-be98-fc9afa3620a9','f8731552-a498-4a97-a44a-df13892e5bda',0,0,0,0,'','',0,NULL,'2016-04-20','91b075a7-f6c3-4992-bb87-87a03464e93e'),('26e57e0f-3e62-4c45-893f-cd9a4354cbc0','91b075a7-f6c3-4992-bb87-87a03464e93e','2016-04-25','2016-04-01',NULL,'4d6ff497-39b4-4d54-9291-a39779209edd',0,0,0,0,'','',0,NULL,'2016-04-25','91b075a7-f6c3-4992-bb87-87a03464e93e'),('277e96f8-6ba1-4340-a01d-011e53bdedb2','91b075a7-f6c3-4992-bb87-87a03464e93e','2016-04-25','2016-04-01',NULL,'8fd0c0da-fc81-4992-b060-3f338591ceb5',0,0,0,0,'','',0,NULL,'2016-04-25','91b075a7-f6c3-4992-bb87-87a03464e93e'),('28a912f8-e0bb-4bc1-9c07-35ac95f3e5ee','91b075a7-f6c3-4992-bb87-87a03464e93e','2016-04-20','2016-04-20','db5a07a2-56e5-42d0-be98-fc9afa3620a9','5274f850-51c1-444c-9cc0-a0c7d1a621c7',0,0,0,0,'','',0,NULL,'2016-04-20','91b075a7-f6c3-4992-bb87-87a03464e93e'),('28f99af8-9de7-4a8d-aabe-e4f4050d83cb','91b075a7-f6c3-4992-bb87-87a03464e93e','2016-04-04','2016-04-04','db5a07a2-56e5-42d0-be98-fc9afa3620a9','b58aec82-b714-4011-b5ad-628d64ecc2cd',0,0,0,0,'','',0,NULL,'2016-04-04','91b075a7-f6c3-4992-bb87-87a03464e93e'),('2ae6033f-78b1-4ca7-96a8-bc6b094a5838','81e97469-2fd1-4b3c-b3ac-593e5bd1ec6c','2016-04-21','2016-04-06',NULL,'0d64800f-ee15-48e7-87b7-c5bdbf4d9d59',0,6,3,4,'2','1',5,NULL,'2016-04-21','81e97469-2fd1-4b3c-b3ac-593e5bd1ec6c'),('2e5653d8-6878-4040-b553-31534094edb3','91b075a7-f6c3-4992-bb87-87a03464e93e','2016-04-04','2016-04-04','db5a07a2-56e5-42d0-be98-fc9afa3620a9','7ab27225-e5e2-4ca8-90a9-391450822044',0,0,0,0,'','',0,NULL,'2016-04-04','91b075a7-f6c3-4992-bb87-87a03464e93e'),('37f39971-6f9d-4b6e-b6b6-e36f8974d763','91b075a7-f6c3-4992-bb87-87a03464e93e','2016-04-04','2016-04-04','db5a07a2-56e5-42d0-be98-fc9afa3620a9','ac59df34-0351-429f-a041-7200ed5d1c01',0,0,0,0,'','',0,NULL,'2016-04-04','91b075a7-f6c3-4992-bb87-87a03464e93e'),('3b964afa-c7a5-492b-a5ae-16eed57da39c','91b075a7-f6c3-4992-bb87-87a03464e93e','2016-04-25','2016-04-01',NULL,'e3eefe19-28b4-472d-96d6-14694d8cf1d1',0,0,0,0,'','',0,NULL,'2016-04-25','91b075a7-f6c3-4992-bb87-87a03464e93e'),('3d118d95-7db7-4c92-b34b-64402b8320ab','81e97469-2fd1-4b3c-b3ac-593e5bd1ec6c','2016-04-21','2016-04-06',NULL,'0d64800f-ee15-48e7-87b7-c5bdbf4d9d59',0,6,3,4,'2','1',5,NULL,'2016-04-21','81e97469-2fd1-4b3c-b3ac-593e5bd1ec6c'),('41ed6459-49ab-4cb5-a1c2-4e87aa47813d','91b075a7-f6c3-4992-bb87-87a03464e93e','2016-04-20','2016-04-20','db5a07a2-56e5-42d0-be98-fc9afa3620a9','dfd4a3eb-859e-45f3-9ac9-8bbc1fd2fbc5',0,0,0,0,'','',0,NULL,'2016-04-20','91b075a7-f6c3-4992-bb87-87a03464e93e'),('426befe2-c286-4ba6-94e2-a076b67fb787','91b075a7-f6c3-4992-bb87-87a03464e93e','2016-04-25','2016-04-01',NULL,'d92dd950-4bee-41cc-a31d-972627d3f56e',0,0,0,0,'','',0,NULL,'2016-04-25','91b075a7-f6c3-4992-bb87-87a03464e93e'),('44cae646-2021-40e2-bda1-20751c159d7a','91b075a7-f6c3-4992-bb87-87a03464e93e','2016-04-20','2016-04-20','d53a1d62-9df8-4e12-b44a-f040316aece4','32f70971-ad7e-4264-944c-5cc23d494c16',0,0,0,0,'','',0,NULL,'2016-04-20','91b075a7-f6c3-4992-bb87-87a03464e93e'),('4677e20e-bafe-416d-9fc9-e094e2fad7f5','91b075a7-f6c3-4992-bb87-87a03464e93e','2016-04-25','2016-04-01',NULL,'f193659c-ef0a-4fb6-be63-bd1c4020355e',0,0,0,0,'','',0,NULL,'2016-04-25','91b075a7-f6c3-4992-bb87-87a03464e93e'),('4b9c0cbf-3ad7-458b-9b9f-900544dbeed9','91b075a7-f6c3-4992-bb87-87a03464e93e','2016-04-04','2016-04-04','db5a07a2-56e5-42d0-be98-fc9afa3620a9','601ba48d-c30f-40df-95bd-2461c54d12c9',0,0,0,0,'','',0,NULL,'2016-04-04','91b075a7-f6c3-4992-bb87-87a03464e93e'),('4ca3c02a-ee6b-4862-8036-564242abb8fa','91b075a7-f6c3-4992-bb87-87a03464e93e','2016-04-20','2016-04-20','db5a07a2-56e5-42d0-be98-fc9afa3620a9','4f2a19c5-1d5d-4a8f-8b52-8f875ad969cf',0,0,0,0,'','',0,NULL,'2016-04-20','91b075a7-f6c3-4992-bb87-87a03464e93e'),('4f16ea5c-2271-43c4-a992-58d03347922b','81e97469-2fd1-4b3c-b3ac-593e5bd1ec6c','2016-04-21','2016-04-06',NULL,'0d64800f-ee15-48e7-87b7-c5bdbf4d9d59',0,6,3,4,'2','1',5,NULL,'2016-04-21','81e97469-2fd1-4b3c-b3ac-593e5bd1ec6c'),('50ea6a30-b05e-41b9-a2e4-52b7cc7e9aef','91b075a7-f6c3-4992-bb87-87a03464e93e','2016-04-25','2016-04-01',NULL,'d35704f9-5687-49e6-a57a-569346f7b31b',0,0,0,0,'','',0,NULL,'2016-04-25','91b075a7-f6c3-4992-bb87-87a03464e93e'),('54d783b2-66d8-4e9e-a1ef-4a3a3686a811','91b075a7-f6c3-4992-bb87-87a03464e93e','2016-04-04','2016-04-04','db5a07a2-56e5-42d0-be98-fc9afa3620a9','64fb4522-e32b-405a-8489-7165be514d5a',0,0,0,0,'','',0,NULL,'2016-04-04','91b075a7-f6c3-4992-bb87-87a03464e93e'),('56995a24-40d2-4033-abfa-3e4255510e1d','91b075a7-f6c3-4992-bb87-87a03464e93e','2016-04-25','2016-04-01',NULL,'bc132996-af89-4602-87af-969d9a4404ec',0,0,0,0,'','',0,NULL,'2016-04-25','91b075a7-f6c3-4992-bb87-87a03464e93e'),('575f9661-d05d-4af1-82d4-db9f49174877','91b075a7-f6c3-4992-bb87-87a03464e93e','2016-04-20','2016-04-20','db5a07a2-56e5-42d0-be98-fc9afa3620a9','b05ec6e9-b401-4c9f-876b-7c08fa90840a',0,0,0,0,'','',0,NULL,'2016-04-20','91b075a7-f6c3-4992-bb87-87a03464e93e'),('57ca4449-a7a2-4972-a593-48fefe835e29','91b075a7-f6c3-4992-bb87-87a03464e93e','2016-04-04','2016-04-04','db5a07a2-56e5-42d0-be98-fc9afa3620a9','9a6e8a6e-92a8-418a-a6c8-44e3d17f561a',0,0,0,0,'','',0,NULL,'2016-04-04','91b075a7-f6c3-4992-bb87-87a03464e93e'),('590e526c-2a09-47f6-894d-a768c07de46e','91b075a7-f6c3-4992-bb87-87a03464e93e','2016-04-04','2016-04-04','db5a07a2-56e5-42d0-be98-fc9afa3620a9','f4267370-8568-4136-bd4e-c864c43c2070',0,0,0,0,'','',0,NULL,'2016-04-04','91b075a7-f6c3-4992-bb87-87a03464e93e'),('5919e356-5491-435e-af6c-9328c0ab1e15','91b075a7-f6c3-4992-bb87-87a03464e93e','2016-04-04','2016-04-04','db5a07a2-56e5-42d0-be98-fc9afa3620a9','791d4a50-116f-40b1-8f35-c1e9cfa23d90',0,0,0,0,'','',0,NULL,'2016-04-04','91b075a7-f6c3-4992-bb87-87a03464e93e'),('598f1554-7d13-44aa-b2db-d37c418d17f1','91b075a7-f6c3-4992-bb87-87a03464e93e','2016-04-25','2016-04-01',NULL,'40d9a4b3-c70c-4808-8cd4-63514448e7e2',0,0,0,0,'','',0,NULL,'2016-04-25','91b075a7-f6c3-4992-bb87-87a03464e93e'),('59a31631-df5b-4a88-b168-37bed897424f','91b075a7-f6c3-4992-bb87-87a03464e93e','2016-04-20','2016-04-20','db5a07a2-56e5-42d0-be98-fc9afa3620a9','ac1b50df-1327-4253-b6fb-f6d32981efc5',0,0,0,0,'','',0,NULL,'2016-04-20','91b075a7-f6c3-4992-bb87-87a03464e93e'),('5b0d29dc-a4bc-451b-8d18-81c3bd79aec7','91b075a7-f6c3-4992-bb87-87a03464e93e','2016-04-25','2016-04-01',NULL,'735ff72c-c603-4350-a8bc-55336707e6cb',0,0,0,0,'','',0,NULL,'2016-04-25','91b075a7-f6c3-4992-bb87-87a03464e93e'),('5c6f19e6-fad3-4de3-a5f8-d114bd24194d','91b075a7-f6c3-4992-bb87-87a03464e93e','2016-04-25','2016-04-01',NULL,'85fe9128-c6ab-447d-beb4-1129e929a405',0,0,0,0,'','',0,NULL,'2016-04-25','91b075a7-f6c3-4992-bb87-87a03464e93e'),('5e7fca4a-d769-44ca-b872-94c92e102ba4','91b075a7-f6c3-4992-bb87-87a03464e93e','2016-04-20','2016-04-20','db5a07a2-56e5-42d0-be98-fc9afa3620a9','61030b3d-d75a-4fd8-8858-dc18102d05b2',0,0,0,0,'','',0,NULL,'2016-04-20','91b075a7-f6c3-4992-bb87-87a03464e93e'),('5f707eed-f72e-45d0-9885-6f4aa1c9d6a1','91b075a7-f6c3-4992-bb87-87a03464e93e','2016-04-04','2016-04-04','db5a07a2-56e5-42d0-be98-fc9afa3620a9','c70c446e-2829-4815-ae43-f371033d1015',0,0,0,0,'','',0,NULL,'2016-04-04','91b075a7-f6c3-4992-bb87-87a03464e93e'),('62d38ee9-1d04-4a19-97c8-fd701f489821','91b075a7-f6c3-4992-bb87-87a03464e93e','2016-04-04','2016-04-04','db5a07a2-56e5-42d0-be98-fc9afa3620a9','67d34b72-4ce5-4bf3-a25a-9f5ae8f8d5bd',0,0,0,0,'','',0,NULL,'2016-04-04','91b075a7-f6c3-4992-bb87-87a03464e93e'),('640e8724-8363-4ed0-88a0-8e76977f6530','91b075a7-f6c3-4992-bb87-87a03464e93e','2016-04-04','2016-04-04','db5a07a2-56e5-42d0-be98-fc9afa3620a9','a5c0b0bf-be00-4591-a629-080a9418ef33',0,0,0,0,'','',0,NULL,'2016-04-04','91b075a7-f6c3-4992-bb87-87a03464e93e'),('6a10b32c-bf96-4ec8-92d3-d3b90d26d738','91b075a7-f6c3-4992-bb87-87a03464e93e','2016-03-28','2016-03-28','d53a1d62-9df8-4e12-b44a-f040316aece4','f8645281-cb70-47b6-8cbb-859ca6a8c47d',0,0,0,0,'','',0,NULL,'2016-03-28','91b075a7-f6c3-4992-bb87-87a03464e93e'),('6af4d75e-d901-4a00-9588-eb9472989a5e','91b075a7-f6c3-4992-bb87-87a03464e93e','2016-04-04','2016-04-04','db5a07a2-56e5-42d0-be98-fc9afa3620a9','97866e64-5f50-4b8d-9b14-a12215e060c6',0,0,0,0,'','',0,NULL,'2016-04-04','91b075a7-f6c3-4992-bb87-87a03464e93e'),('6b0efde1-66e9-4d6f-9607-5619cd34c7e8','91b075a7-f6c3-4992-bb87-87a03464e93e','2016-04-04','2016-04-04','db5a07a2-56e5-42d0-be98-fc9afa3620a9','09735453-6266-4bb5-bd4b-f5a960d6c917',0,0,0,0,'','',0,NULL,'2016-04-04','91b075a7-f6c3-4992-bb87-87a03464e93e'),('6cf54ba2-d68c-42c5-855f-a418bfaefbef','91b075a7-f6c3-4992-bb87-87a03464e93e','2016-04-04','2016-04-04','db5a07a2-56e5-42d0-be98-fc9afa3620a9','c8c4628f-731e-4a60-954f-ab4c7999371b',0,0,0,0,'','',0,NULL,'2016-04-04','91b075a7-f6c3-4992-bb87-87a03464e93e'),('6dd9c89e-1875-4272-b7b3-5c3d74f62df9','91b075a7-f6c3-4992-bb87-87a03464e93e','2016-04-20','2016-04-20','db5a07a2-56e5-42d0-be98-fc9afa3620a9','798d2f90-a314-47bd-a885-1c343d59f7b5',0,0,0,0,'','',0,NULL,'2016-04-20','91b075a7-f6c3-4992-bb87-87a03464e93e'),('6eee3564-70a5-4071-976a-a489e75d3433','91b075a7-f6c3-4992-bb87-87a03464e93e','2016-04-20','2016-04-20','db5a07a2-56e5-42d0-be98-fc9afa3620a9','cb4eeed7-b2c9-415d-97c7-f7da79d0b91b',0,0,0,0,'','',0,NULL,'2016-04-20','91b075a7-f6c3-4992-bb87-87a03464e93e'),('78e777d3-5fe5-4bc6-8cc6-bbbe2677ff46','91b075a7-f6c3-4992-bb87-87a03464e93e','2016-04-25','2016-04-01',NULL,'3fc98e92-4374-45ad-a0a8-110c3238b64e',0,0,0,0,'','',0,NULL,'2016-04-25','91b075a7-f6c3-4992-bb87-87a03464e93e'),('798e573c-260e-49e8-8ead-9b255787b06d','91b075a7-f6c3-4992-bb87-87a03464e93e','2016-04-04','2016-04-04','db5a07a2-56e5-42d0-be98-fc9afa3620a9','0cb9edb5-a1dd-49ec-8a5f-4708258256b1',0,0,0,0,'','',0,NULL,'2016-04-04','91b075a7-f6c3-4992-bb87-87a03464e93e'),('7b18b0ff-7ab3-46e7-a325-3fb4428e9281','91b075a7-f6c3-4992-bb87-87a03464e93e','2016-04-25','2016-04-01',NULL,'6ad1760b-aff5-4832-943b-79f4b44bb95e',0,0,0,0,'','',0,NULL,'2016-04-25','91b075a7-f6c3-4992-bb87-87a03464e93e'),('7e64fbd7-1607-4f16-b44d-0855f86f126f','91b075a7-f6c3-4992-bb87-87a03464e93e','2016-03-28','2016-03-28','db5a07a2-56e5-42d0-be98-fc9afa3620a9','c715c0ed-5f32-438b-8ee2-676c2f5267c5',0,0,0,0,'','',0,NULL,'2016-03-28','91b075a7-f6c3-4992-bb87-87a03464e93e'),('868a79f8-e358-45d1-8378-3e63f6633eb6','91b075a7-f6c3-4992-bb87-87a03464e93e','2016-04-25','2016-04-01',NULL,'d764d021-ec2b-452d-88ab-0a77d14f8cdb',0,0,0,0,'','',0,NULL,'2016-04-25','91b075a7-f6c3-4992-bb87-87a03464e93e'),('86c9cdc4-6054-447f-9a92-0bfbba5deb11','91b075a7-f6c3-4992-bb87-87a03464e93e','2016-04-25','2016-04-01',NULL,'b7da6f5b-1a8d-4db7-b1f2-71c3dc8b7d35',0,0,0,0,'','',0,NULL,'2016-04-25','91b075a7-f6c3-4992-bb87-87a03464e93e'),('89053fae-e9d9-4eca-988c-b9eba9ae2af7','91b075a7-f6c3-4992-bb87-87a03464e93e','2016-04-04','2016-04-04','db5a07a2-56e5-42d0-be98-fc9afa3620a9','330ab85c-7c53-477e-bda3-efa030a40b90',0,0,0,0,'','',0,NULL,'2016-04-04','91b075a7-f6c3-4992-bb87-87a03464e93e'),('8951a3fc-aade-41a4-94ea-0bbf0a3c5ed4','91b075a7-f6c3-4992-bb87-87a03464e93e','2016-04-20','2016-04-20','db5a07a2-56e5-42d0-be98-fc9afa3620a9','9a9e6496-409c-43ab-bcca-71247f9743cc',0,0,0,0,'','',0,NULL,'2016-04-20','91b075a7-f6c3-4992-bb87-87a03464e93e'),('8a7088f1-6458-47da-8649-34312a09313a','91b075a7-f6c3-4992-bb87-87a03464e93e','2016-04-25','2016-04-01',NULL,'8ec9bd9f-738b-4c3a-940a-55fbb7526d08',0,0,0,0,'','',0,NULL,'2016-04-25','91b075a7-f6c3-4992-bb87-87a03464e93e'),('8a8e72c2-decb-4e29-a394-2ebaa4ea258e','91b075a7-f6c3-4992-bb87-87a03464e93e','2016-04-04','2016-04-04','db5a07a2-56e5-42d0-be98-fc9afa3620a9','91225806-c195-46ce-9fc9-397a2b55ff80',0,0,0,0,'','',0,NULL,'2016-04-04','91b075a7-f6c3-4992-bb87-87a03464e93e'),('8dcacf7b-0d8c-4feb-bf51-84ca4ce72271','91b075a7-f6c3-4992-bb87-87a03464e93e','2016-04-20','2016-04-20','db5a07a2-56e5-42d0-be98-fc9afa3620a9','fb3ed2e1-d279-4768-b379-3e3bdd0b354d',0,0,0,0,'','',0,NULL,'2016-04-20','91b075a7-f6c3-4992-bb87-87a03464e93e'),('931dccf9-d6f3-441e-bf5c-24320fd8d553','91b075a7-f6c3-4992-bb87-87a03464e93e','2016-04-25','2016-04-01',NULL,'961f6544-3a17-4916-9cc2-c48c86ebf515',0,0,0,0,'','',0,NULL,'2016-04-25','91b075a7-f6c3-4992-bb87-87a03464e93e'),('9486c0c8-d9ad-42af-805d-845db0a3fe85','91b075a7-f6c3-4992-bb87-87a03464e93e','2016-04-25','2016-04-01',NULL,'db74abda-449c-4d2b-a8f5-9bd4aca1229b',0,0,0,0,'','',0,NULL,'2016-04-25','91b075a7-f6c3-4992-bb87-87a03464e93e'),('9578b2a0-e083-40b3-bbac-c1ae136044ca','91b075a7-f6c3-4992-bb87-87a03464e93e','2016-04-25','2016-04-01',NULL,'a5c1eb27-17ed-4c95-bdd3-4baa8430fb66',0,0,0,0,'','',0,NULL,'2016-04-25','91b075a7-f6c3-4992-bb87-87a03464e93e'),('96859ac9-6e66-45e3-99b0-c22004f72c2a','91b075a7-f6c3-4992-bb87-87a03464e93e','2016-04-20','2016-04-20','db5a07a2-56e5-42d0-be98-fc9afa3620a9','f8f199cd-6196-4436-be20-e1fd193c40c8',0,0,0,0,'','',0,NULL,'2016-04-20','91b075a7-f6c3-4992-bb87-87a03464e93e'),('994bc6a0-c597-4337-8d8b-350d8a2752ed','91b075a7-f6c3-4992-bb87-87a03464e93e','2016-04-20','2016-04-20','db5a07a2-56e5-42d0-be98-fc9afa3620a9','8a464770-7d8a-482c-98e2-e4a6a6e4c79e',0,0,0,0,'','',0,NULL,'2016-04-20','91b075a7-f6c3-4992-bb87-87a03464e93e'),('9abe1f46-a565-4b8c-be85-6c97bbeee394','91b075a7-f6c3-4992-bb87-87a03464e93e','2016-04-20','2016-04-20','db5a07a2-56e5-42d0-be98-fc9afa3620a9','55a53a45-ed80-40be-8799-5e06abeb1749',0,0,0,0,'','',0,NULL,'2016-04-20','91b075a7-f6c3-4992-bb87-87a03464e93e'),('9daf194d-42bf-4a03-94fb-1336d83e0278','91b075a7-f6c3-4992-bb87-87a03464e93e','2016-04-25','2016-04-01',NULL,'783c94b1-1555-40f2-83e6-4057a9fa6c51',0,0,0,0,'','',0,NULL,'2016-04-25','91b075a7-f6c3-4992-bb87-87a03464e93e'),('9dfe2f9c-bde7-4f80-89f1-138d27078a52','91b075a7-f6c3-4992-bb87-87a03464e93e','2016-04-25','2016-04-01',NULL,'f83760fc-6d41-44c3-84c7-96287e9fda60',0,0,0,0,'','',0,NULL,'2016-04-25','91b075a7-f6c3-4992-bb87-87a03464e93e'),('a116e392-23ee-48da-a7c3-2e609777df5e','91b075a7-f6c3-4992-bb87-87a03464e93e','2016-04-25','2016-04-01',NULL,'6ceb4840-f90c-4eac-8308-be0432225f6b',0,0,0,0,'','',0,NULL,'2016-04-25','91b075a7-f6c3-4992-bb87-87a03464e93e'),('a28471de-1e9b-461f-aba5-cf327c848c53','91b075a7-f6c3-4992-bb87-87a03464e93e','2016-04-04','2016-04-04','db5a07a2-56e5-42d0-be98-fc9afa3620a9','a1110eb6-377e-4c13-a30f-03055687f05a',0,0,0,0,'','',0,NULL,'2016-04-04','91b075a7-f6c3-4992-bb87-87a03464e93e'),('a9a91d25-2318-45a1-b2ff-fdcfa0b59b5c','91b075a7-f6c3-4992-bb87-87a03464e93e','2016-04-20','2016-04-20','db5a07a2-56e5-42d0-be98-fc9afa3620a9','cfe72199-c6bb-497d-b70a-b4d158c048d7',0,0,0,0,'','',0,NULL,'2016-04-20','91b075a7-f6c3-4992-bb87-87a03464e93e'),('b14ecb79-bc77-4307-98df-06873c051793','91b075a7-f6c3-4992-bb87-87a03464e93e','2016-04-04','2016-04-04','db5a07a2-56e5-42d0-be98-fc9afa3620a9','11890a68-2a82-4d5e-98b0-76dda5b7a3a0',0,0,0,0,'','',0,NULL,'2016-04-04','91b075a7-f6c3-4992-bb87-87a03464e93e'),('b460e46b-2b4f-48b9-99d9-8db558cbe09a','91b075a7-f6c3-4992-bb87-87a03464e93e','2016-04-25','2016-04-01',NULL,'ff698717-56ce-41bc-b4c1-058219109522',0,0,0,0,'','',0,NULL,'2016-04-25','91b075a7-f6c3-4992-bb87-87a03464e93e'),('b601e592-66a4-417c-9abe-991b2e85def7','91b075a7-f6c3-4992-bb87-87a03464e93e','2016-04-04','2016-04-04','db5a07a2-56e5-42d0-be98-fc9afa3620a9','159812d8-fe74-411d-b0f7-7994ede461f6',0,0,0,0,'','',0,NULL,'2016-04-04','91b075a7-f6c3-4992-bb87-87a03464e93e'),('b6fa5778-f9b5-47f4-aa79-a726b41ea41b','91b075a7-f6c3-4992-bb87-87a03464e93e','2016-04-20','2016-04-20','db5a07a2-56e5-42d0-be98-fc9afa3620a9','d9afa19a-2250-4cf7-ba5a-0c83f3a79270',0,0,0,0,'','',0,NULL,'2016-04-20','91b075a7-f6c3-4992-bb87-87a03464e93e'),('b75973af-ef75-4f4e-8463-009165b3b003','91b075a7-f6c3-4992-bb87-87a03464e93e','2016-04-04','2016-04-04','db5a07a2-56e5-42d0-be98-fc9afa3620a9','d8cb4042-6ef5-4cfb-8551-bca0596cefae',0,0,0,0,'','',0,NULL,'2016-04-04','91b075a7-f6c3-4992-bb87-87a03464e93e'),('b7ed9468-f4bb-4a2d-a3ec-ee6ad99f2a03','91b075a7-f6c3-4992-bb87-87a03464e93e','2016-04-04','2016-04-04','db5a07a2-56e5-42d0-be98-fc9afa3620a9','248b2ab0-7fb1-4025-902a-4e7f799db807',0,0,0,0,'','',0,NULL,'2016-04-04','91b075a7-f6c3-4992-bb87-87a03464e93e'),('b899372d-278e-4538-9d47-b938add24c48','91b075a7-f6c3-4992-bb87-87a03464e93e','2016-04-20','2016-04-20','db5a07a2-56e5-42d0-be98-fc9afa3620a9','92ccecbc-e4f1-47eb-b04b-88012210dcca',0,0,0,0,'','',0,NULL,'2016-04-20','91b075a7-f6c3-4992-bb87-87a03464e93e'),('bfe77968-1989-4ff2-8465-9cfe63adbd7c','91b075a7-f6c3-4992-bb87-87a03464e93e','2016-04-20','2016-04-20','db5a07a2-56e5-42d0-be98-fc9afa3620a9','7dec0059-0ab2-4bff-b504-5571cef64557',0,0,0,0,'','',0,NULL,'2016-04-20','91b075a7-f6c3-4992-bb87-87a03464e93e'),('c6813bde-8c24-4eeb-a21c-c2f390ec0988','91b075a7-f6c3-4992-bb87-87a03464e93e','2016-04-04','2016-04-04','db5a07a2-56e5-42d0-be98-fc9afa3620a9','2e00b992-09b2-46cc-aa9e-533357592981',0,0,0,0,'','',0,NULL,'2016-04-04','91b075a7-f6c3-4992-bb87-87a03464e93e'),('c8961944-50ae-466e-a244-6447b569b722','91b075a7-f6c3-4992-bb87-87a03464e93e','2016-04-25','2016-04-01',NULL,'3a153d7a-bf14-4f9f-8948-20fc577cfb8e',0,0,0,0,'','',0,NULL,'2016-04-25','91b075a7-f6c3-4992-bb87-87a03464e93e'),('c91f5e26-5819-4591-8797-a64763564ac7','91b075a7-f6c3-4992-bb87-87a03464e93e','2016-04-04','2016-04-04','db5a07a2-56e5-42d0-be98-fc9afa3620a9','db9f6367-2e58-47c6-b8df-1ada98258aa0',0,0,0,0,'','',0,NULL,'2016-04-04','91b075a7-f6c3-4992-bb87-87a03464e93e'),('c959d756-7eab-46de-adbd-f17c468365a2','91b075a7-f6c3-4992-bb87-87a03464e93e','2016-04-04','2016-04-04','db5a07a2-56e5-42d0-be98-fc9afa3620a9','e5253603-88c9-4dbc-827f-eb315a413d87',0,0,0,0,'','',0,NULL,'2016-04-04','91b075a7-f6c3-4992-bb87-87a03464e93e'),('c9aebcdf-a188-44b1-ab1a-663328622837','91b075a7-f6c3-4992-bb87-87a03464e93e','2016-03-28','2016-03-28','a4a9f28d-c38d-4f7f-a309-805fb1c307b7','5f5f65fd-58b7-491c-b101-b36538e54137',0,0,0,0,'','',0,NULL,'2016-03-28','91b075a7-f6c3-4992-bb87-87a03464e93e'),('ca07908f-b1e2-4ed3-8d40-e616655e61f5','91b075a7-f6c3-4992-bb87-87a03464e93e','2016-04-04','2016-04-04','db5a07a2-56e5-42d0-be98-fc9afa3620a9','48ca2ee1-68c8-4996-acf0-270da51968b7',0,0,0,0,'','',0,NULL,'2016-04-04','91b075a7-f6c3-4992-bb87-87a03464e93e'),('cbedbfde-a10a-4fda-b81d-af6e89cda737','91b075a7-f6c3-4992-bb87-87a03464e93e','2016-04-04','2016-04-04','db5a07a2-56e5-42d0-be98-fc9afa3620a9','0935551a-25e8-4d96-ae1a-2150cb814693',0,0,0,0,'','',0,NULL,'2016-04-04','91b075a7-f6c3-4992-bb87-87a03464e93e'),('cceadf44-476c-4395-9729-7469220f731f','91b075a7-f6c3-4992-bb87-87a03464e93e','2016-04-20','2016-04-20','db5a07a2-56e5-42d0-be98-fc9afa3620a9','fd2de233-e12b-4321-9e4e-ef18e84e9d31',0,0,0,0,'','',0,NULL,'2016-04-20','91b075a7-f6c3-4992-bb87-87a03464e93e'),('d41b7704-f241-48f6-8d80-8f5d2ddd6b61','91b075a7-f6c3-4992-bb87-87a03464e93e','2016-04-25','2016-04-01',NULL,'cd904361-c30e-4b83-90a0-c4bb2850a143',0,0,0,0,'','',0,NULL,'2016-04-25','91b075a7-f6c3-4992-bb87-87a03464e93e'),('d4246f25-5c7f-43fb-93b0-425aa525ef08','91b075a7-f6c3-4992-bb87-87a03464e93e','2016-04-25','2016-04-01',NULL,'682494d1-2205-40b4-a58a-6c280b68e265',0,0,0,0,'','',0,NULL,'2016-04-25','91b075a7-f6c3-4992-bb87-87a03464e93e'),('d92c8068-e529-4886-be74-de979766f713','91b075a7-f6c3-4992-bb87-87a03464e93e','2016-04-04','2016-04-04','db5a07a2-56e5-42d0-be98-fc9afa3620a9','3acc316c-b8fa-423d-b65d-28348588119a',0,0,0,0,'','',0,NULL,'2016-04-04','91b075a7-f6c3-4992-bb87-87a03464e93e'),('da3e9103-ac4b-415d-9c2b-4f7ba2cce05c','91b075a7-f6c3-4992-bb87-87a03464e93e','2016-04-25','2016-04-01',NULL,'f969e037-5b74-4df5-ba55-ad943a802eec',0,0,0,0,'','',0,NULL,'2016-04-25','91b075a7-f6c3-4992-bb87-87a03464e93e'),('deabcde4-997b-4d33-8c37-aa786c35ad2a','91b075a7-f6c3-4992-bb87-87a03464e93e','2016-04-25','2016-04-01',NULL,'b1642d83-6f21-45a8-b8fc-e28d2eb4c90a',0,0,0,0,'','',0,NULL,'2016-04-25','91b075a7-f6c3-4992-bb87-87a03464e93e'),('e5990b3a-af3f-4c31-a970-544e24666385','91b075a7-f6c3-4992-bb87-87a03464e93e','2016-04-26','2013-12-31',NULL,'1bdcc680-eb4b-4f7b-b402-43ccb32ce853',0,0,0,0,'城镇职工医疗保险','安沙镇水塘垸社区',0,NULL,'2016-04-26','91b075a7-f6c3-4992-bb87-87a03464e93e'),('e5d4a0d4-ca01-442f-bf21-4f36cebedd92','91b075a7-f6c3-4992-bb87-87a03464e93e','2016-04-20','2016-04-20','db5a07a2-56e5-42d0-be98-fc9afa3620a9','0acae762-9d92-4992-91a4-3e28df0eb8c2',0,0,0,0,'','',0,NULL,'2016-04-20','91b075a7-f6c3-4992-bb87-87a03464e93e'),('e6fe9282-b262-40af-92c9-3ae94d48e2b2','91b075a7-f6c3-4992-bb87-87a03464e93e','2016-04-20','2016-04-20','d53a1d62-9df8-4e12-b44a-f040316aece4','305c0e6a-a5ff-4f45-b355-146c918c1d7a',0,0,0,0,'','',0,NULL,'2016-04-20','91b075a7-f6c3-4992-bb87-87a03464e93e'),('e78726af-eb93-425c-8eaf-f8ecf53e3003','91b075a7-f6c3-4992-bb87-87a03464e93e','2016-04-25','2016-04-01',NULL,'fedbc10f-d649-4a3d-ae3f-9422475b1bce',0,0,0,0,'','',0,NULL,'2016-04-25','91b075a7-f6c3-4992-bb87-87a03464e93e'),('f01854db-150a-4d81-8065-0a16615e89eb','91b075a7-f6c3-4992-bb87-87a03464e93e','2016-04-20','2016-04-20','db5a07a2-56e5-42d0-be98-fc9afa3620a9','abd8a11f-1a14-45d2-a84d-1e8cdfbabd11',0,0,0,0,'','',0,NULL,'2016-04-20','91b075a7-f6c3-4992-bb87-87a03464e93e'),('f1f4df12-c4f4-4536-82ad-45dcaffd8e72','91b075a7-f6c3-4992-bb87-87a03464e93e','2016-04-20','2016-04-20','db5a07a2-56e5-42d0-be98-fc9afa3620a9','0bf4266d-4558-40f1-855f-48820f794e74',0,0,0,0,'','',0,NULL,'2016-04-20','91b075a7-f6c3-4992-bb87-87a03464e93e'),('f4306100-4548-49ef-898b-3a460eabdd6f','91b075a7-f6c3-4992-bb87-87a03464e93e','2016-04-25','2016-04-01',NULL,'c2040e06-700f-4764-9aad-96e5c1b3eb73',0,0,0,0,'','',0,NULL,'2016-04-25','91b075a7-f6c3-4992-bb87-87a03464e93e'),('f528f36e-7efb-4daf-80b7-51406f4141b3','91b075a7-f6c3-4992-bb87-87a03464e93e','2016-04-20','2016-04-20','db5a07a2-56e5-42d0-be98-fc9afa3620a9','0e1e6c76-e596-47be-b23c-436d97a30512',0,0,0,0,'','',0,NULL,'2016-04-20','91b075a7-f6c3-4992-bb87-87a03464e93e'),('fed5f489-873f-429b-8da4-764d8ddd5078','91b075a7-f6c3-4992-bb87-87a03464e93e','2016-04-20','2016-04-20','db5a07a2-56e5-42d0-be98-fc9afa3620a9','79835ad6-4e39-415d-b3b7-8685d297bc45',0,0,0,0,'','',0,NULL,'2016-04-20','91b075a7-f6c3-4992-bb87-87a03464e93e'),('ff935c21-85fb-4450-8e2a-e15d68ed0e8c','91b075a7-f6c3-4992-bb87-87a03464e93e','2016-04-25','2016-04-01',NULL,'a9352a19-2858-437a-87d7-4e75bdf78f7b',0,0,0,0,'','',0,NULL,'2016-04-25','91b075a7-f6c3-4992-bb87-87a03464e93e'),('ffa1cbcc-c153-4964-a852-0c1f71493eba','91b075a7-f6c3-4992-bb87-87a03464e93e','2016-04-04','2016-04-04','db5a07a2-56e5-42d0-be98-fc9afa3620a9','aa685d13-6c22-4023-af07-930407a1ccc2',0,0,0,0,'','',0,NULL,'2016-04-04','91b075a7-f6c3-4992-bb87-87a03464e93e');

/*Table structure for table `tb_socialsecurity_type` */

DROP TABLE IF EXISTS `tb_socialsecurity_type`;

CREATE TABLE `tb_socialsecurity_type` (
  `id` varchar(70) NOT NULL,
  `type_name` varchar(50) NOT NULL,
  PRIMARY KEY (`id`),
  UNIQUE KEY `type_name` (`type_name`)
) ENGINE=InnoDB DEFAULT CHARSET=utf8;

/*Data for the table `tb_socialsecurity_type` */

insert  into `tb_socialsecurity_type`(`id`,`type_name`) values ('db5a07a2-56e5-42d0-be98-fc9afa3620a9','一次性生活补助'),('a4a9f28d-c38d-4f7f-a309-805fb1c307b7','基本养老金'),('d53a1d62-9df8-4e12-b44a-f040316aece4','基本生活补助');

/*Table structure for table `tb_ticket_exchange` */

DROP TABLE IF EXISTS `tb_ticket_exchange`;

CREATE TABLE `tb_ticket_exchange` (
  `id` varchar(70) NOT NULL,
  `opr_user` varchar(70) NOT NULL,
  `opr_date` date NOT NULL,
  `exchange_date` date NOT NULL,
  `owner` varchar(70) NOT NULL,
  `evidence_path` varchar(250) DEFAULT NULL,
  `getting_user` varchar(70) NOT NULL,
  `current_ticket_id` varchar(70) NOT NULL,
  `is_del` tinyint(1) NOT NULL,
  `old_ticket_id` varchar(70) NOT NULL,
  PRIMARY KEY (`id`)
) ENGINE=InnoDB DEFAULT CHARSET=utf8;

/*Data for the table `tb_ticket_exchange` */

/*Table structure for table `tb_ticket_mend` */

DROP TABLE IF EXISTS `tb_ticket_mend`;

CREATE TABLE `tb_ticket_mend` (
  `id` varchar(70) NOT NULL,
  `opr_user` varchar(70) DEFAULT NULL,
  `mend_date` date NOT NULL,
  `opr_date` date NOT NULL,
  `owner` varchar(70) NOT NULL,
  `ticket_id` varchar(70) NOT NULL,
  `is_del` tinyint(1) NOT NULL,
  PRIMARY KEY (`id`)
) ENGINE=InnoDB DEFAULT CHARSET=utf8;

/*Data for the table `tb_ticket_mend` */

/*Table structure for table `tb_ticket_provider` */

DROP TABLE IF EXISTS `tb_ticket_provider`;

CREATE TABLE `tb_ticket_provider` (
  `id` varchar(70) NOT NULL,
  `ticket_id` varchar(70) NOT NULL,
  `owner_id` varchar(70) NOT NULL,
  `name` varchar(50) NOT NULL,
  `id_number` varchar(20) NOT NULL,
  `opr_date` date NOT NULL,
  `evidence_path` varchar(250) DEFAULT NULL,
  `getting_date` date NOT NULL,
  `opr_user_id` varchar(70) NOT NULL,
  `remark` varchar(100) DEFAULT NULL,
  PRIMARY KEY (`id`)
) ENGINE=InnoDB DEFAULT CHARSET=utf8;

/*Data for the table `tb_ticket_provider` */

insert  into `tb_ticket_provider`(`id`,`ticket_id`,`owner_id`,`name`,`id_number`,`opr_date`,`evidence_path`,`getting_date`,`opr_user_id`,`remark`) values ('06fd49d2-6838-4525-97dc-454aa4fbd95a','d74d22d5-f149-4dc6-9fdf-941673275a15','9a9e6496-409c-43ab-bcca-71247f9743cc','易应华','	430121195109190910','2016-04-20',NULL,'2016-04-20','91b075a7-f6c3-4992-bb87-87a03464e93e',''),('08cbe05a-c358-44ab-ad71-a821d538a697','4dbf4031-6d0f-482f-a1fd-501c95a743a6','8a464770-7d8a-482c-98e2-e4a6a6e4c79e','黄大明','430121193902150915','2016-04-20',NULL,'2016-04-20','91b075a7-f6c3-4992-bb87-87a03464e93e',''),('0c759c15-458f-418c-be2e-f0365a042cdf','dce302cd-80de-494b-b693-03eca1b31ebb','11890a68-2a82-4d5e-98b0-76dda5b7a3a0','易淑华','43012119360228812X','2016-03-30',NULL,'2016-03-30','81e97469-2fd1-4b3c-b3ac-593e5bd1ec6c',''),('21052316-fbd8-4296-ac8e-906ac1e71af2','a41461a0-cb46-4381-97e5-8fa9fcb736a7','1bdcc680-eb4b-4f7b-b402-43ccb32ce853','马国强','43012119400808791x','2016-04-26',NULL,'2016-04-26','91b075a7-f6c3-4992-bb87-87a03464e93e',''),('212a59f3-4f4a-4f67-9c0c-6b9c9c9638a8','013813b7-e5d2-4344-83e5-45d58791a062','5f5f65fd-58b7-491c-b101-b36538e54137','曾山','7890876557890098','2016-03-30',NULL,'2016-03-30','81e97469-2fd1-4b3c-b3ac-593e5bd1ec6c',''),('2acbd6b3-5e46-4a9f-88c0-c677f3fcb944','64be0571-51dd-4c5c-b98d-6f66fa93281c','91225806-c195-46ce-9fc9-397a2b55ff80','本人','110108199905220036','2016-04-04',NULL,'2016-04-04','81e97469-2fd1-4b3c-b3ac-593e5bd1ec6c',''),('34fbff47-f0da-491d-9731-cd289c0ef3d6','5a11ebcf-76d4-4821-9b4a-3155ae8e2ce7','61030b3d-d75a-4fd8-8858-dc18102d05b2','黄大明','430121193902150915','2016-04-20',NULL,'2016-04-20','91b075a7-f6c3-4992-bb87-87a03464e93e',''),('3a5272a2-7918-41ad-b7d9-7da93911266c','2d1bc6ed-1e9c-4327-bbda-29f5a39d413c','6b63c4d9-7a06-43f3-97b1-4ab0179f8f1f','马国强','43012119400808791x','2016-04-26',NULL,'2016-04-26','91b075a7-f6c3-4992-bb87-87a03464e93e',''),('3a81d4d7-96d1-49ed-bc08-4eff1efb034c','8a04ecd7-68ba-4f1e-ab82-305c7056ebd8','91225806-c195-46ce-9fc9-397a2b55ff80','本人','110108199905220036','2016-04-04',NULL,'2016-04-04','81e97469-2fd1-4b3c-b3ac-593e5bd1ec6c',''),('3dd7b5f3-33c0-4243-8185-5d04bca5ba1a','9380bd3b-421c-4fbd-b517-42befa45474f','5bf9adff-5e33-49f3-851a-d511c5458f39','曹寿珍','430121194404217923','2016-04-26',NULL,'2016-04-26','91b075a7-f6c3-4992-bb87-87a03464e93e',''),('4a4af571-b17f-454c-9a02-5cd314e250db','f63e9f2d-86b6-4248-9185-1a157535e44a','8aa1d3fd-9f07-4fc2-bf66-9032ac9a3fab','马秀云','430121194910147921','2016-04-20',NULL,'2016-04-20','91b075a7-f6c3-4992-bb87-87a03464e93e',''),('53ae08ae-e246-4189-bcd0-23ebf3de8421','1f2de289-2b6b-4a72-8f70-28e80e37292b','5f5f65fd-58b7-491c-b101-b36538e54137','曾山','7890876557890098','2016-03-30',NULL,'2016-03-30','81e97469-2fd1-4b3c-b3ac-593e5bd1ec6c',''),('5c3e1209-9fd6-4172-bb87-979b45fea393','401d0fc7-e338-42eb-94e8-a282c200bd73','f587c74e-1671-4f20-b31a-fd7037eda9cc','易应华','	430121195109190910','2016-04-20',NULL,'2016-04-20','91b075a7-f6c3-4992-bb87-87a03464e93e',''),('5d793490-b27d-4515-8110-3fa722ae8be6','172a33b1-ce9d-483b-b186-741a6a459656','798d2f90-a314-47bd-a885-1c343d59f7b5','易应华','	430121195109190910','2016-04-20',NULL,'2016-04-20','91b075a7-f6c3-4992-bb87-87a03464e93e',''),('641c2546-c032-464c-adf6-d37a6702bb39','8cb44bce-e5c8-431b-8e23-28ca67ebff09','55caa4fa-b51e-4e92-a7b3-8530343b09b6','马国强','43012119400808791x','2016-04-26',NULL,'2016-04-26','91b075a7-f6c3-4992-bb87-87a03464e93e',''),('6539bcc4-ecf2-41e6-bc94-6f45eb89ac3b','c7e1cb83-30d0-4640-8dd5-a843960bade3','4f2a19c5-1d5d-4a8f-8b52-8f875ad969cf','易应华','	430121195109190910','2016-04-20',NULL,'2016-04-20','91b075a7-f6c3-4992-bb87-87a03464e93e',''),('67092109-9d6d-4443-a3ea-faf498da0999','c4986a2d-3f04-46a6-a35b-1552c1a58313','6b63c4d9-7a06-43f3-97b1-4ab0179f8f1f','马国强','43012119400808791x','2016-04-26',NULL,'2016-04-26','91b075a7-f6c3-4992-bb87-87a03464e93e',''),('6b5f5469-3f87-4c33-9dc7-69c667be801c','1669da07-dbe5-4f89-8a8e-417efc8fd7e1','44335cbe-833c-4628-9506-9f1bac753f5e','黄大明','430121193902150915','2016-04-20',NULL,'2016-04-20','91b075a7-f6c3-4992-bb87-87a03464e93e',''),('6c96635c-9bc7-4922-86d8-a485ed808c83','ba78c33f-fa10-4a20-87c2-1ccc3a70b6b8','d764d021-ec2b-452d-88ab-0a77d14f8cdb','马秀云','430121194910147921','2016-04-20',NULL,'2016-04-20','91b075a7-f6c3-4992-bb87-87a03464e93e',''),('78b432f6-ef36-47c3-a477-ce12ca935b7b','0f8b205e-a188-4906-8588-88b8fc595d16','84a97578-28ce-468f-9c64-3c4ab56e6fad','马秀云','430121194910147921','2016-04-20',NULL,'2016-04-20','91b075a7-f6c3-4992-bb87-87a03464e93e',''),('7ff8b2d2-3d2a-4c18-a492-13e2e03c3289','4c7b7714-eda9-44c3-9cfc-ec3bea142f77','48ca2ee1-68c8-4996-acf0-270da51968b7','易淑华','43012119360228812X','2016-03-30',NULL,'2016-03-30','81e97469-2fd1-4b3c-b3ac-593e5bd1ec6c',''),('8453e91f-c08d-4598-95a7-b56012280188','26dcb08e-1545-4f3a-ab42-c21a3d980516','a1110eb6-377e-4c13-a30f-03055687f05a','易淑华','43012119360228812X','2016-03-30',NULL,'2016-03-30','81e97469-2fd1-4b3c-b3ac-593e5bd1ec6c',''),('8967f735-9360-47c2-90f0-b9f720327b70','f9b6098b-ed79-4da0-85c5-9d5996b002f4','7dec0059-0ab2-4bff-b504-5571cef64557','黄大明','430121193902150915','2016-04-20',NULL,'2016-04-20','91b075a7-f6c3-4992-bb87-87a03464e93e',''),('8ce470e5-ea82-43a6-bda6-80ccdb963b4d','c136d31f-010d-40f4-a208-2d34c30366bf','b1642d83-6f21-45a8-b8fc-e28d2eb4c90a','马秀云','430121194910147921','2016-04-20',NULL,'2016-04-20','91b075a7-f6c3-4992-bb87-87a03464e93e',''),('a1ae5992-12d5-442f-96f5-51f55105785d','6cc7dd0d-c7c0-4c2d-a4b9-f0261b8b2bc3','f8645281-cb70-47b6-8cbb-859ca6a8c47d','123','33','2016-03-18',NULL,'2016-03-18','81e97469-2fd1-4b3c-b3ac-593e5bd1ec6c','123'),('b0cf8c9c-9941-471d-b563-295d63c76b24','883a5850-ee0f-4db7-acf7-5a0358c86004','d35704f9-5687-49e6-a57a-569346f7b31b','马秀云','430121194910147921','2016-04-20',NULL,'2016-04-20','91b075a7-f6c3-4992-bb87-87a03464e93e',''),('b3097172-9f52-4526-879a-a94f1ace4ba2','4812bba6-eeb1-478b-90d2-621beca71ed9','f587c74e-1671-4f20-b31a-fd7037eda9cc','易应华','	430121195109190910','2016-04-20',NULL,'2016-04-20','91b075a7-f6c3-4992-bb87-87a03464e93e',''),('c69db61b-cb10-4d0c-9b9b-aca74742bc2c','da8dc14f-69e1-4ac7-a4ce-c1d95db4edfa','d764d021-ec2b-452d-88ab-0a77d14f8cdb','马秀云','430121194910147921','2016-04-20',NULL,'2016-04-20','91b075a7-f6c3-4992-bb87-87a03464e93e',''),('cb7632bc-1342-45c7-aa10-00948f2f852e','7b3936d5-00e7-49bb-9064-696e0a7a7842','f499514f-23fb-4fc6-9281-ee2c7774350b','马国强','43012119400808791x','2016-04-26',NULL,'2016-04-26','91b075a7-f6c3-4992-bb87-87a03464e93e',''),('ccb275ba-6777-40a7-994b-0a687d9325ef','c4165947-4545-468e-94b7-a7d985d0a81e','d9afa19a-2250-4cf7-ba5a-0c83f3a79270','黄大明','430121193902150915','2016-04-20',NULL,'2016-04-20','91b075a7-f6c3-4992-bb87-87a03464e93e',''),('d6a4ab45-981b-4467-b6a7-dd12fa45118b','e851b9d8-7b6f-4b3f-b3a0-865189e6cb27','61030b3d-d75a-4fd8-8858-dc18102d05b2','黄大明','430121193902150915','2016-04-20',NULL,'2016-04-20','91b075a7-f6c3-4992-bb87-87a03464e93e',''),('e301f720-40f1-4eae-ac95-05120eddf051','cd64e7ab-1730-40c2-a8c1-17bb7c0bcc9e','0cb9edb5-a1dd-49ec-8a5f-4708258256b1','小何','430121201206180077','2016-03-29','uploadFile/evidence_files/99b02abe-ea81-41a9-baaf-4a5ec83998d8.jpg','2016-03-29','81e97469-2fd1-4b3c-b3ac-593e5bd1ec6c',''),('e6980481-d16f-4299-812c-19f73abf0835','7479b932-b13e-47cb-a480-f45512fe5573','72f36efb-b085-4b5a-afdb-e04f7bc22f20','曹寿珍','430121194404217923','2016-04-26',NULL,'2016-04-26','91b075a7-f6c3-4992-bb87-87a03464e93e',''),('f04f7209-7f4d-44f0-8210-12921e337274','793c3501-290f-4850-a981-c83e86ddf317','cb4eeed7-b2c9-415d-97c7-f7da79d0b91b','易应华','	430121195109190910','2016-04-20',NULL,'2016-04-20','91b075a7-f6c3-4992-bb87-87a03464e93e',''),('fb195063-5609-449d-9173-84df403e77c6','f2752180-2264-4e71-864c-a871885986fd','a5c0b0bf-be00-4591-a629-080a9418ef33','小何','430121201206180077','2016-03-29','uploadFile/evidence_files/99b02abe-ea81-41a9-baaf-4a5ec83998d8.jpg','2016-03-29','81e97469-2fd1-4b3c-b3ac-593e5bd1ec6c','');

/*Table structure for table `tb_ticket_state` */

DROP TABLE IF EXISTS `tb_ticket_state`;

CREATE TABLE `tb_ticket_state` (
  `id` varchar(70) NOT NULL,
  `type_code` int(11) NOT NULL,
  `type_name` varchar(70) NOT NULL,
  PRIMARY KEY (`id`),
  UNIQUE KEY `type_code` (`type_code`),
  UNIQUE KEY `type_name` (`type_name`)
) ENGINE=InnoDB DEFAULT CHARSET=utf8;

/*Data for the table `tb_ticket_state` */

/*Table structure for table `tb_ticket_use_cash` */

DROP TABLE IF EXISTS `tb_ticket_use_cash`;

CREATE TABLE `tb_ticket_use_cash` (
  `id` varchar(70) NOT NULL,
  `opr_user_id` varchar(70) NOT NULL,
  `opr_date` date NOT NULL,
  `using_to_where` varchar(70) DEFAULT NULL,
  `using_type_id` varchar(70) NOT NULL,
  `owner` varchar(70) NOT NULL,
  `ticket_id` varchar(70) NOT NULL,
  `using_date` date NOT NULL,
  `situation_explain` varchar(70) DEFAULT NULL,
  `evidence_path` varchar(250) DEFAULT NULL,
  `is_del` tinyint(1) NOT NULL,
  `image` varchar(250) DEFAULT NULL,
  PRIMARY KEY (`id`)
) ENGINE=InnoDB DEFAULT CHARSET=utf8;

/*Data for the table `tb_ticket_use_cash` */

insert  into `tb_ticket_use_cash`(`id`,`opr_user_id`,`opr_date`,`using_to_where`,`using_type_id`,`owner`,`ticket_id`,`using_date`,`situation_explain`,`evidence_path`,`is_del`,`image`) values ('0ea4ab59-00a2-4f9e-af7f-9ebefbb1a7de','91b075a7-f6c3-4992-bb87-87a03464e93e','2016-04-20','','0','9a9e6496-409c-43ab-bcca-71247f9743cc','d74d22d5-f149-4dc6-9fdf-941673275a15','2016-04-20','','',0,NULL),('61bfbb06-815b-41ee-aa62-e30e3d2377c0','91b075a7-f6c3-4992-bb87-87a03464e93e','2016-04-26','','0','72f36efb-b085-4b5a-afdb-e04f7bc22f20','7479b932-b13e-47cb-a480-f45512fe5573','2016-04-01','','',0,NULL),('662fe149-3725-4884-9ef9-c085f4a676ed','91b075a7-f6c3-4992-bb87-87a03464e93e','2016-04-20','','0','cb4eeed7-b2c9-415d-97c7-f7da79d0b91b','793c3501-290f-4850-a981-c83e86ddf317','2016-04-20','','',0,NULL),('7fc49fd2-bdab-4d31-bd06-b495949b39d0','91b075a7-f6c3-4992-bb87-87a03464e93e','2016-04-26','','0','5bf9adff-5e33-49f3-851a-d511c5458f39','9380bd3b-421c-4fbd-b517-42befa45474f','2016-04-01','','',0,NULL),('82959c93-1e9a-4e04-84d4-01cba34a0e9d','91b075a7-f6c3-4992-bb87-87a03464e93e','2016-04-26','','0','6b63c4d9-7a06-43f3-97b1-4ab0179f8f1f','2d1bc6ed-1e9c-4327-bbda-29f5a39d413c','2016-04-01','','',0,NULL),('83363369-8c4f-4d4e-91b9-91b0a0bdc3ae','91b075a7-f6c3-4992-bb87-87a03464e93e','2016-04-20','','0','f587c74e-1671-4f20-b31a-fd7037eda9cc','4812bba6-eeb1-478b-90d2-621beca71ed9','2016-04-20','','',0,NULL),('87d059d6-6148-47b2-991c-0bee006d83a7','91b075a7-f6c3-4992-bb87-87a03464e93e','2016-03-21','','1','f8645281-cb70-47b6-8cbb-859ca6a8c47d','6cc7dd0d-c7c0-4c2d-a4b9-f0261b8b2bc3','2016-03-28','','',0,NULL),('8fe554b6-1d6d-4694-92fd-ce923a89a866','91b075a7-f6c3-4992-bb87-87a03464e93e','2016-04-20','','0','61030b3d-d75a-4fd8-8858-dc18102d05b2','e851b9d8-7b6f-4b3f-b3a0-865189e6cb27','2016-04-20','','',0,NULL),('97618ca6-9256-4741-ba39-f8a11c5cc657','91b075a7-f6c3-4992-bb87-87a03464e93e','2016-04-20','','0','61030b3d-d75a-4fd8-8858-dc18102d05b2','5a11ebcf-76d4-4821-9b4a-3155ae8e2ce7','2016-04-20','','',0,NULL),('98415469-014c-4074-8e2b-91c189b2a5b9','91b075a7-f6c3-4992-bb87-87a03464e93e','2016-04-26','','0','1bdcc680-eb4b-4f7b-b402-43ccb32ce853','a41461a0-cb46-4381-97e5-8fa9fcb736a7','2016-04-01','','',0,NULL),('9da0baa0-3bf4-4a8e-b177-322d4c097d39','91b075a7-f6c3-4992-bb87-87a03464e93e','2016-04-20','','0','d9afa19a-2250-4cf7-ba5a-0c83f3a79270','c4165947-4545-468e-94b7-a7d985d0a81e','2016-04-20','','',0,NULL),('bea02a4b-06d5-4265-a313-4ee6a1077b05','91b075a7-f6c3-4992-bb87-87a03464e93e','2016-04-26','','0','f499514f-23fb-4fc6-9281-ee2c7774350b','7b3936d5-00e7-49bb-9064-696e0a7a7842','2016-04-01','','',0,NULL),('c7068f14-f9be-4212-83b0-c50359e03ddc','91b075a7-f6c3-4992-bb87-87a03464e93e','2016-04-20','','0','4f2a19c5-1d5d-4a8f-8b52-8f875ad969cf','c7e1cb83-30d0-4640-8dd5-a843960bade3','2016-04-20','','',0,NULL),('ce6ee015-ce83-4227-8395-7d2bc50b4348','91b075a7-f6c3-4992-bb87-87a03464e93e','2016-04-20','','0','f587c74e-1671-4f20-b31a-fd7037eda9cc','401d0fc7-e338-42eb-94e8-a282c200bd73','2016-04-20','','',0,NULL),('d4b93287-e34f-4590-ba84-55e454d2713d','91b075a7-f6c3-4992-bb87-87a03464e93e','2016-04-20','','0','7dec0059-0ab2-4bff-b504-5571cef64557','f9b6098b-ed79-4da0-85c5-9d5996b002f4','2016-04-20','','',0,NULL),('d7db5f10-b045-4362-b18e-918aad935cf4','91b075a7-f6c3-4992-bb87-87a03464e93e','2016-04-20','','0','44335cbe-833c-4628-9506-9f1bac753f5e','1669da07-dbe5-4f89-8a8e-417efc8fd7e1','2016-04-20','','',0,NULL),('d92744ea-d799-4c1b-8924-549387ae0eff','91b075a7-f6c3-4992-bb87-87a03464e93e','2016-04-20','','0','798d2f90-a314-47bd-a885-1c343d59f7b5','172a33b1-ce9d-483b-b186-741a6a459656','2016-04-20','','',0,NULL),('e138bafc-0dbc-4676-886a-3ef7c210106f','91b075a7-f6c3-4992-bb87-87a03464e93e','2016-04-26','','0','55caa4fa-b51e-4e92-a7b3-8530343b09b6','8cb44bce-e5c8-431b-8e23-28ca67ebff09','2016-04-01','','',0,NULL),('e2693e74-69da-48c4-a78c-ec7d16be9604','91b075a7-f6c3-4992-bb87-87a03464e93e','2016-04-20','','0','8a464770-7d8a-482c-98e2-e4a6a6e4c79e','4dbf4031-6d0f-482f-a1fd-501c95a743a6','2016-04-20','','',0,NULL),('f3868999-ed95-4cbd-b3d2-f869a7b8cb62','91b075a7-f6c3-4992-bb87-87a03464e93e','2016-04-26','','0','6b63c4d9-7a06-43f3-97b1-4ab0179f8f1f','c4986a2d-3f04-46a6-a35b-1552c1a58313','2016-04-01','','',0,NULL);

/*Table structure for table `tb_ticket_use_type` */

DROP TABLE IF EXISTS `tb_ticket_use_type`;

CREATE TABLE `tb_ticket_use_type` (
  `id` varchar(70) NOT NULL,
  `type_code` int(11) NOT NULL,
  `type_name` varchar(70) NOT NULL,
  PRIMARY KEY (`id`),
  UNIQUE KEY `type_code` (`type_code`),
  UNIQUE KEY `type_name` (`type_name`)
) ENGINE=InnoDB DEFAULT CHARSET=utf8;

/*Data for the table `tb_ticket_use_type` */

/*Table structure for table `tb_transfer_household_info` */

DROP TABLE IF EXISTS `tb_transfer_household_info`;

CREATE TABLE `tb_transfer_household_info` (
  `id` varchar(70) NOT NULL,
  `opr_user_id` varchar(70) NOT NULL,
  `opr_date` date NOT NULL,
  `address` varchar(120) NOT NULL,
  `transfer_date` date NOT NULL,
  `household_type_id` varchar(70) NOT NULL,
  `is_del` tinyint(1) NOT NULL,
  `fml_item_id` varchar(70) NOT NULL,
  `street_id` varchar(70) NOT NULL,
  `community_id` varchar(70) NOT NULL,
  `group_id` varchar(70) DEFAULT NULL,
  PRIMARY KEY (`id`)
) ENGINE=InnoDB DEFAULT CHARSET=utf8;

/*Data for the table `tb_transfer_household_info` */

/*Table structure for table `tb_user_state` */

DROP TABLE IF EXISTS `tb_user_state`;

CREATE TABLE `tb_user_state` (
  `id` varchar(70) NOT NULL,
  `type_code` int(11) NOT NULL,
  `type_name` varchar(50) NOT NULL,
  PRIMARY KEY (`id`),
  UNIQUE KEY `type_code` (`type_code`),
  UNIQUE KEY `type_name` (`type_name`)
) ENGINE=InnoDB DEFAULT CHARSET=utf8;

/*Data for the table `tb_user_state` */

/*Table structure for table `tb_visit_info` */

DROP TABLE IF EXISTS `tb_visit_info`;

CREATE TABLE `tb_visit_info` (
  `id` varchar(70) NOT NULL,
  `name` varchar(50) NOT NULL,
  `tel` varchar(30) NOT NULL,
  `address` varchar(70) NOT NULL,
  `other_msg` varchar(70) NOT NULL,
  `visit_reason` varchar(70) NOT NULL,
  `visit_date` date NOT NULL,
  `visit_material_path` varchar(200) DEFAULT NULL,
  `is_del` tinyint(1) NOT NULL,
  `visit_pro_name` varchar(200) NOT NULL,
  `img` varchar(200) DEFAULT NULL,
  `visit_pro_id` varchar(70) DEFAULT NULL,
  `visits_way` varchar(70) DEFAULT NULL,
  `create_id` varchar(70) DEFAULT NULL,
  `create_date` date DEFAULT NULL,
  PRIMARY KEY (`id`)
) ENGINE=InnoDB DEFAULT CHARSET=utf8;

/*Data for the table `tb_visit_info` */

insert  into `tb_visit_info`(`id`,`name`,`tel`,`address`,`other_msg`,`visit_reason`,`visit_date`,`visit_material_path`,`is_del`,`visit_pro_name`,`img`,`visit_pro_id`,`visits_way`,`create_id`,`create_date`) values ('4838f5ac-b02c-492c-a1e4-ff361525b744','李仨','12345678909','承租方人防若','荣文天5565','等待','2016-03-28','松雅湖监控招标文件.doc/uploadFile/policy_files/c7fc0773-6436-4334-9900-a9cdc5f9e01a.doc',0,'测试项目','uploadFile/evidence_files/ff60dda1-8b62-4f0f-9d20-33d10abdf437.jpg','26ad7fc6-5756-40f1-b8b4-eb9cf08f5ded','书面','81e97469-2fd1-4b3c-b3ac-593e5bd1ec6c','2016-03-28'),('7593913a-8666-427d-803e-c3a2b6c6f92a','接警后','18181818181','address','上访者的其他信息','处理意见2','2016-03-29','',0,'测试项目2',NULL,'afbf0daa-3479-4d84-9174-0695810ca1db','tel','91b075a7-f6c3-4992-bb87-87a03464e93e','2016-03-29'),('91cc6558-4026-4ac2-bbea-c2c1bd02619c','信访A','515151','住址AAA','1515151','无意见','2016-04-07','1.jpg/uploadFile/policy_files/24f80513-827a-4ead-ad86-9c1cbab8a8df.jpg',0,'导入项目名称A','uploadFile/evidence_files/683fe804-25dc-478d-afe6-96bee9b391f9.jpg','892eec6e-dab4-4dce-98f1-0209264a05cf','无途径','81e97469-2fd1-4b3c-b3ac-593e5bd1ec6c','2016-04-07'),('ba000578-577a-464c-9655-c51580c26ecf','搜素','123132131','address','上访者的其他信息2','上访者的其他信息','2016-03-31','',0,'会展酒店',NULL,'56bd5a4b-7912-4992-a981-f0eab1ea2f17','tel','91b075a7-f6c3-4992-bb87-87a03464e93e','2016-03-31');

/* Function  structure for function  `fn_get_fmlitems_by_pro_id` */

/*!50003 DROP FUNCTION IF EXISTS `fn_get_fmlitems_by_pro_id` */;
DELIMITER $$

/*!50003 CREATE DEFINER=`root`@`%` FUNCTION `fn_get_fmlitems_by_pro_id`(proId varchar(70)) RETURNS int(11)
BEGIN
	return (select count(1) from tb_family_item where pro_id = proId);
    END */$$
DELIMITER ;

/* Function  structure for function  `fn_get_fmlitem_count` */

/*!50003 DROP FUNCTION IF EXISTS `fn_get_fmlitem_count` */;
DELIMITER $$

/*!50003 CREATE DEFINER=`root`@`%` FUNCTION `fn_get_fmlitem_count`(proId varchar(70)) RETURNS int(11)
BEGIN
	 return(
	select count(1) from tb_family_item where id in
(
SELECT distinct fml_item_id FROM tb_housepurchase_ticket WHERE ticket_state_id = '6' AND fml_item_id IN(SELECT id FROM tb_family_item WHERE pro_id = proId) AND is_del=0
)
);
    END */$$
DELIMITER ;

/* Function  structure for function  `fn_get_fmls_by_pro_id` */

/*!50003 DROP FUNCTION IF EXISTS `fn_get_fmls_by_pro_id` */;
DELIMITER $$

/*!50003 CREATE DEFINER=`root`@`%` FUNCTION `fn_get_fmls_by_pro_id`(proId varchar(70)) RETURNS int(11)
BEGIN
	declare c int;
	set c = (select count(1) from tb_family where pro_id = proId);
	return c;
    END */$$
DELIMITER ;

/* Function  structure for function  `fn_get_half_count` */

/*!50003 DROP FUNCTION IF EXISTS `fn_get_half_count` */;
DELIMITER $$

/*!50003 CREATE DEFINER=`root`@`%` FUNCTION `fn_get_half_count`(proId varchar(70)) RETURNS int(11)
BEGIN
	return (SELECT COUNT(1) FROM tb_family_item WHERE is_half IS NOT NULL AND pro_id=proId);
    END */$$
DELIMITER ;

/* Function  structure for function  `fn_get_non_landbureau` */

/*!50003 DROP FUNCTION IF EXISTS `fn_get_non_landbureau` */;
DELIMITER $$

/*!50003 CREATE DEFINER=`root`@`%` FUNCTION `fn_get_non_landbureau`(proId varchar(70)) RETURNS int(11)
BEGIN
	declare total_count int;
	declare only_child_count int;
	set only_child_count = (select count(1) from tb_family_item where only_child_number is not null and pro_id = proId);
	set total_count = (SELECT COUNT(1) FROM tb_family_item where pro_id = proId);
	return (total_count+only_child_count)*4;
    END */$$
DELIMITER ;

/* Function  structure for function  `fn_get_onlychild_count` */

/*!50003 DROP FUNCTION IF EXISTS `fn_get_onlychild_count` */;
DELIMITER $$

/*!50003 CREATE DEFINER=`root`@`%` FUNCTION `fn_get_onlychild_count`(proId VARCHAR(70)) RETURNS int(11)
BEGIN
	return (SELECT COUNT(1) FROM tb_family_item WHERE only_child_number IS NOT NULL AND pro_id=proId);
    END */$$
DELIMITER ;

/* Function  structure for function  `fn_get_personal_subsidy_std` */

/*!50003 DROP FUNCTION IF EXISTS `fn_get_personal_subsidy_std` */;
DELIMITER $$

/*!50003 CREATE DEFINER=`root`@`%` FUNCTION `fn_get_personal_subsidy_std`(proId varchar(70)) RETURNS float
BEGIN
	declare totalMoney int;
	declare onlychildCount int;
	declare halfCount int;
	declare noneHalfCount int;
	
	set totalMoney = (SELECT SUM(bonus) FROM tb_housepurchase_ticket WHERE fml_item_id IN(SELECT id FROM tb_family_item WHERE pro_id=proId));
	set onlychildCount = (fn_get_onlychild_count(proId));
	set halfCount = (fn_get_half_count(proId));
	set noneHalfCount = (fn_get_total_popu(proId) - halfCount);
	
	if noneHalfCount <= 0 
	THEN
		return 0.0;
	else 
		RETURN ((totalMoney-4*(onlychildCount+halfCount))/noneHalfCount)-4;
	end if;
    END */$$
DELIMITER ;

/* Function  structure for function  `fn_get_rcd_amount` */

/*!50003 DROP FUNCTION IF EXISTS `fn_get_rcd_amount` */;
DELIMITER $$

/*!50003 CREATE DEFINER=`root`@`%` FUNCTION `fn_get_rcd_amount`(proId varchar(70)) RETURNS float
BEGIN
	return (select sum(bonus) from tb_housepurchase_ticket where ticket_state_id = '6' and fml_item_id in(
		select id from tb_family_item where pro_id = proId
	) and is_del = 0);
    END */$$
DELIMITER ;

/* Function  structure for function  `fn_get_rcd_fml_count` */

/*!50003 DROP FUNCTION IF EXISTS `fn_get_rcd_fml_count` */;
DELIMITER $$

/*!50003 CREATE DEFINER=`root`@`%` FUNCTION `fn_get_rcd_fml_count`(proId varchar(70)) RETURNS int(11)
BEGIN
	#select owner_id from tb_ticket_provider where owner_id in(SELECT id FROM tb_family_item WHERE pro_id = proId);

	return (
select count(1) from tb_family where id in(
select distinct fml_id from tb_family_item where id in(
	select fml_item_id from tb_housepurchase_ticket where ticket_state_id = '6' and fml_item_id in(
SELECT id FROM tb_family_item WHERE pro_id = proId) and is_del=0)
)
);
    END */$$
DELIMITER ;

/* Function  structure for function  `fn_get_total_amount_by_pro_id` */

/*!50003 DROP FUNCTION IF EXISTS `fn_get_total_amount_by_pro_id` */;
DELIMITER $$

/*!50003 CREATE DEFINER=`root`@`%` FUNCTION `fn_get_total_amount_by_pro_id`(proId varchar(70)) RETURNS float
BEGIN
	declare total float;
	set total = (SELECT SUM(bonus) FROM tb_housepurchase_ticket WHERE fml_item_id IN(SELECT id FROM tb_family_item WHERE pro_id = proId));
	if total is null then
		return 0;
	else
		return total;
	end if;
	
END */$$
DELIMITER ;

/* Function  structure for function  `fn_get_total_popu` */

/*!50003 DROP FUNCTION IF EXISTS `fn_get_total_popu` */;
DELIMITER $$

/*!50003 CREATE DEFINER=`root`@`%` FUNCTION `fn_get_total_popu`(proId varchar(70)) RETURNS int(11)
BEGIN
	return (select count(1) from tb_family_item where pro_id = proId);
    END */$$
DELIMITER ;

/* Procedure structure for procedure `sp_get_index_data` */

/*!50003 DROP PROCEDURE IF EXISTS  `sp_get_index_data` */;

DELIMITER $$

/*!50003 CREATE DEFINER=`root`@`%` PROCEDURE `sp_get_index_data`(proId varchar(70))
begin
	declare orgName varchar(255) default ''; /*所属组织*/
	DECLARE deptName VARCHAR(255) DEFAULT ''; /*部门*/
	DECLARE totalPros int DEFAULT 0; /*拆迁项目总数*/
	DECLARE totalArea float DEFAULT 0; /*拆迁总面积*/
	DECLARE totalBuildings INT DEFAULT 0; /*拆迁总栋数*/
	DECLARE removeFmls INT DEFAULT 0; /*拆迁户数*/
	DECLARE totalRemovePopulation INT DEFAULT 0; /*拆迁总人数*/
	DECLARE onlyChildCount INT DEFAULT 0; /*独生子女*/
	DECLARE transfered INT DEFAULT 0; /*已转户*/
	DECLARE socialsecurity int DEFAULT 0; /*已纳入社保*/
	SET orgName = (SELECT org.org_name FROM db_requisition_land.tb_account AS acc INNER JOIN db_requisition_land.tb_org AS org ON acc.org_id = org.id WHERE acc.id = proId LIMIT 1);
	SET deptName = (SELECT dept.dept_name FROM db_requisition_land.tb_account AS acc INNER JOIN db_requisition_land.tb_dept AS dept ON acc.dept_id = dept.id WHERE acc.id = proId LIMIT 1);
	set totalPros = (select count(1) from db_requisition_land.tb_project);
	set totalArea = (SELECT sum(requisition_area) FROM db_requisition_land.tb_project);
	set totalBuildings = (select sum(should_remove_buildings) from db_requisition_land.tb_project);
	SET removeFmls = (SELECT SUM(should_remove_houses) FROM db_requisition_land.tb_project);
	SET totalRemovePopulation = (SELECT SUM(should_remove_population) FROM db_requisition_land.tb_project);
	set onlyChildCount = (SELECT COUNT(1) FROM db_requisition_land.tb_family_item where only_child_number is null or only_child_number = '');
	SET transfered = (SELECT COUNT(1) FROM tb_transfer_household_info);
	set socialsecurity = (SELECT COUNT(1) FROM tb_socialsecurity_info);
	
	select 	deptName,
		orgName,
		totalPros,
		totalArea,
		totalBuildings,
		removeFmls,
		totalRemovePopulation,
		onlyChildCount,
		transfered,
		socialsecurity;
end */$$
DELIMITER ;

/* Procedure structure for procedure `sp_statistics` */

/*!50003 DROP PROCEDURE IF EXISTS  `sp_statistics` */;

DELIMITER $$

/*!50003 CREATE DEFINER=`root`@`%` PROCEDURE `sp_statistics`(IN start_date date,IN end_date date,in page_index int,in page_size int)
BEGIN
	
	SELECT 	
		distinct
		p.`pro_name` AS proName,#pro name
		fn_get_fmls_by_pro_id(p.id) AS totalFmlCount, #fml count
		fn_get_fmlitems_by_pro_id(p.id) AS totalFmlItems, #fml items count
		fn_get_total_amount_by_pro_id(p.`id`) AS totalAmount, #total amount
		fn_get_non_landbureau(p.`id`) AS nLandBureauAmount, #non-land-bureau amount
		fn_get_total_amount_by_pro_id(p.`id`) - fn_get_non_landbureau(p.`id`) AS landBureauAmount, # land bureau amount
		fn_get_rcd_fml_count(p.id) as rcdFmlCount, #received fml count
		fn_get_fmlitem_count(p.id) as rcdFmlItems, #received fml item count
		fn_get_rcd_amount(p.id) as rcdAmount, #received amount
		fn_get_fmls_by_pro_id(p.id) - fn_get_rcd_fml_count(p.id) as nrcdFmlCount, #non received fml count
		fn_get_fmlitems_by_pro_id(p.id) - fn_get_fmlitem_count(p.id) as nrcdFmlItems, #non received fml item count
		fn_get_total_amount_by_pro_id(p.`id`) - fn_get_rcd_amount(p.id) as nrcdAmount,	
		money_unit as moneyUnit,
		other_money_unit as otherMoneyUnit,
		
		fn_get_onlychild_count(p.`id`) as onlyChildCount,	#the only child count
		fn_get_half_count(p.`id`) as halfCount,	#the half fml count
		fn_get_total_popu(p.`id`) as totalPopu,	#the total population
		fn_get_personal_subsidy_std(p.`id`) as personalSubsidyStd,
		4 as nonLrbStd
		
	FROM tb_project AS p
		LEFT JOIN tb_family AS f ON f.`pro_id` = p.`id`
	where p.id in(
		select distinct fi.pro_id from tb_family_item as fi where fi.id in(SELECT fml_item_id FROM tb_housepurchase_ticket WHERE create_date BETWEEN start_date AND end_date)
	) limit page_index,page_size;
    END */$$
DELIMITER ;

/*!40101 SET SQL_MODE=@OLD_SQL_MODE */;
/*!40014 SET FOREIGN_KEY_CHECKS=@OLD_FOREIGN_KEY_CHECKS */;
/*!40014 SET UNIQUE_CHECKS=@OLD_UNIQUE_CHECKS */;
/*!40111 SET SQL_NOTES=@OLD_SQL_NOTES */;
